<?xml version="1.0" encoding="ISO-8859-1"?>
<SunopsisExport>
<Admin RepositoryVersion="05.01.02.02" IsLegacyIdCompatible="false" />
<Encryption algorithm="AES" keyLength="128" exportKeyHash="6bm5K4uoJgQXnqwxBhOtzEpmYOaREeJtPo9M9m3RCm0=" keyVect="yf5d31glXMEQg+Fxit5gWA==" exportKeySalt="b52aa9a7-0dfc-45d6-a487-d5f68149dda9" containsCipherText="false"/>
<Object class="com.sunopsis.dwg.dbobj.SnpAction">
		<Field name="ActionName" type="java.lang.String"><![CDATA[Create Table]]></Field>
	<Field name="ActionType" type="com.sunopsis.sql.DbInt"><![CDATA[1]]></Field>
	<Field name="FirstDate" type="java.sql.Timestamp"><![CDATA[2024-12-23 06:22:45.0]]></Field>
	<Field name="FirstUser" type="java.lang.String"><![CDATA[SUNOPSIS_INSTALL]]></Field>
	<Field name="GlobalId" type="java.lang.String"><![CDATA[ae685d61-12f3-3f10-b5f8-b22cf4bf0a00]]></Field>
	<Field name="IAction" type="com.sunopsis.sql.DbInt"><![CDATA[66]]></Field>
	<Field name="IGrpAction" type="com.sunopsis.sql.DbInt"><![CDATA[null]]></Field>
	<Field name="ITxtDesc" type="com.sunopsis.sql.DbInt"><![CDATA[3476]]></Field>
	<Field name="LastDate" type="java.sql.Timestamp"><![CDATA[2024-12-23 06:22:45.0]]></Field>
	<Field name="LastUser" type="java.lang.String"><![CDATA[SUNOPSIS_INSTALL]]></Field>
</Object>
<Object class="com.sunopsis.dwg.dbobj.SnpLineAction">
		<Field name="ConnectId" type="java.lang.String">null</Field>
	<Field name="FirstDate" type="java.sql.Timestamp"><![CDATA[2024-12-23 06:22:45.0]]></Field>
	<Field name="FirstUser" type="java.lang.String"><![CDATA[SUNOPSIS_INSTALL]]></Field>
	<Field name="GlobalId" type="java.lang.String"><![CDATA[048193c0-102f-3eac-b04b-61f5d1633207]]></Field>
	<Field name="IgnoreError" type="java.lang.String"><![CDATA[0]]></Field>
	<Field name="IndCommit" type="java.lang.String"><![CDATA[0]]></Field>
	<Field name="IndLogMethod" type="java.lang.String">null</Field>
	<Field name="IndLogNb" type="java.lang.String"><![CDATA[3]]></Field>
	<Field name="IsolLevel" type="java.lang.String">null</Field>
	<Field name="IAction" type="com.sunopsis.sql.DbInt"><![CDATA[66]]></Field>
	<Field name="ITxtAction" type="com.sunopsis.sql.DbInt"><![CDATA[3468]]></Field>
	<Field name="LastDate" type="java.sql.Timestamp"><![CDATA[2024-12-23 06:22:45.0]]></Field>
	<Field name="LastUser" type="java.lang.String"><![CDATA[SUNOPSIS_INSTALL]]></Field>
	<Field name="LineActionName" type="java.lang.String"><![CDATA[Create Table]]></Field>
	<Field name="OrdAction" type="com.sunopsis.sql.DbInt"><![CDATA[0]]></Field>
</Object>
<Object class="com.sunopsis.dwg.dbobj.SnpMtxt">
		<Field name="Enc" type="java.lang.String">null</Field>
	<Field name="EncKey" type="java.lang.String">null</Field>
	<Field name="EncKeyVect" type="java.lang.String">null</Field>
	<Field name="FullTxt" type="java.lang.String"><![CDATA[create table <%=odiRef.getTable("L", "TARG_NAME", "A") %> 
(
<%=odiRef.getColList("", "\t[COL_NAME]\t[DEST_CRE_DT]\t[DEFAULT_CLAUSE]\t[MANDATORY_CLAUSE]", ",\t\n", "", "")%> 
)]]></Field>
	<Field name="GlobalId" type="java.lang.String"><![CDATA[85d24b25-6672-32f5-a17e-c0d579f826f5]]></Field>
	<Field name="ITxt" type="com.sunopsis.sql.DbInt"><![CDATA[3468]]></Field>
	<Field name="ITxtOrig" type="com.sunopsis.sql.DbInt"><![CDATA[2]]></Field>
	<Field name="Txt" type="java.lang.String"><![CDATA[create table <%=odiRef.getTable("L", "TARG_NAME", "A") %> 
(
<%=odiRef.getColList("", "\t[COL_NAME]\t[DEST_CRE_DT]\t[DEFAULT_CLAUSE]\t[MANDATORY_CLAUSE]", ",\t\n", "", "")%> 
)]]></Field>
</Object>
<Object class="com.sunopsis.dwg.dbobj.SnpMorigTxt">
		<Field name="ITxtOrig" type="com.sunopsis.sql.DbInt"><![CDATA[2]]></Field>
	<Field name="OrigineName" type="java.lang.String"><![CDATA[MOrigTxt.Action.ActionLine]]></Field>
	<Field name="SnpsCol" type="java.lang.String"><![CDATA[I_TXT_ACTION]]></Field>
	<Field name="SnpsTable" type="java.lang.String"><![CDATA[SNP_LINE_ACTION]]></Field>
</Object>
<Object class="com.sunopsis.dwg.dbobj.SnpLineAction">
		<Field name="ConnectId" type="java.lang.String">null</Field>
	<Field name="FirstDate" type="java.sql.Timestamp"><![CDATA[2024-12-23 06:22:45.0]]></Field>
	<Field name="FirstUser" type="java.lang.String"><![CDATA[SUNOPSIS_INSTALL]]></Field>
	<Field name="GlobalId" type="java.lang.String"><![CDATA[f9ab50f1-ff55-3cf4-a0cd-aa3ee3d8699a]]></Field>
	<Field name="IgnoreError" type="java.lang.String"><![CDATA[0]]></Field>
	<Field name="IndCommit" type="java.lang.String"><![CDATA[0]]></Field>
	<Field name="IndLogMethod" type="java.lang.String">null</Field>
	<Field name="IndLogNb" type="java.lang.String"><![CDATA[5]]></Field>
	<Field name="IsolLevel" type="java.lang.String">null</Field>
	<Field name="IAction" type="com.sunopsis.sql.DbInt"><![CDATA[66]]></Field>
	<Field name="ITxtAction" type="com.sunopsis.sql.DbInt"><![CDATA[3469]]></Field>
	<Field name="LastDate" type="java.sql.Timestamp"><![CDATA[2024-12-23 06:22:45.0]]></Field>
	<Field name="LastUser" type="java.lang.String"><![CDATA[SUNOPSIS_INSTALL]]></Field>
	<Field name="LineActionName" type="java.lang.String"><![CDATA[Add Primary Key]]></Field>
	<Field name="OrdAction" type="com.sunopsis.sql.DbInt"><![CDATA[20]]></Field>
</Object>
<Object class="com.sunopsis.dwg.dbobj.SnpMtxt">
		<Field name="Enc" type="java.lang.String">null</Field>
	<Field name="EncKey" type="java.lang.String">null</Field>
	<Field name="EncKeyVect" type="java.lang.String">null</Field>
	<Field name="FullTxt" type="java.lang.String"><![CDATA[ <% odiRef.addPK(); %>]]></Field>
	<Field name="GlobalId" type="java.lang.String"><![CDATA[f4cc1d7c-79f8-39bd-bd91-f186f38cd3bb]]></Field>
	<Field name="ITxt" type="com.sunopsis.sql.DbInt"><![CDATA[3469]]></Field>
	<Field name="ITxtOrig" type="com.sunopsis.sql.DbInt"><![CDATA[2]]></Field>
	<Field name="Txt" type="java.lang.String"><![CDATA[ <% odiRef.addPK(); %>]]></Field>
</Object>
<Object class="com.sunopsis.dwg.dbobj.SnpLineAction">
		<Field name="ConnectId" type="java.lang.String">null</Field>
	<Field name="FirstDate" type="java.sql.Timestamp"><![CDATA[2024-12-23 06:22:45.0]]></Field>
	<Field name="FirstUser" type="java.lang.String"><![CDATA[SUNOPSIS_INSTALL]]></Field>
	<Field name="GlobalId" type="java.lang.String"><![CDATA[5b3cf84e-2a4a-33df-8a06-6edd8db995c3]]></Field>
	<Field name="IgnoreError" type="java.lang.String"><![CDATA[0]]></Field>
	<Field name="IndCommit" type="java.lang.String"><![CDATA[0]]></Field>
	<Field name="IndLogMethod" type="java.lang.String">null</Field>
	<Field name="IndLogNb" type="java.lang.String"><![CDATA[5]]></Field>
	<Field name="IsolLevel" type="java.lang.String">null</Field>
	<Field name="IAction" type="com.sunopsis.sql.DbInt"><![CDATA[66]]></Field>
	<Field name="ITxtAction" type="com.sunopsis.sql.DbInt"><![CDATA[3470]]></Field>
	<Field name="LastDate" type="java.sql.Timestamp"><![CDATA[2024-12-23 06:22:45.0]]></Field>
	<Field name="LastUser" type="java.lang.String"><![CDATA[SUNOPSIS_INSTALL]]></Field>
	<Field name="LineActionName" type="java.lang.String"><![CDATA[Add Alternate Keys]]></Field>
	<Field name="OrdAction" type="com.sunopsis.sql.DbInt"><![CDATA[30]]></Field>
</Object>
<Object class="com.sunopsis.dwg.dbobj.SnpMtxt">
		<Field name="Enc" type="java.lang.String">null</Field>
	<Field name="EncKey" type="java.lang.String">null</Field>
	<Field name="EncKeyVect" type="java.lang.String">null</Field>
	<Field name="FullTxt" type="java.lang.String"><![CDATA[<% odiRef.addAKs(); %>]]></Field>
	<Field name="GlobalId" type="java.lang.String"><![CDATA[57b76936-686e-3a61-bccf-559cbf2c4c31]]></Field>
	<Field name="ITxt" type="com.sunopsis.sql.DbInt"><![CDATA[3470]]></Field>
	<Field name="ITxtOrig" type="com.sunopsis.sql.DbInt"><![CDATA[2]]></Field>
	<Field name="Txt" type="java.lang.String"><![CDATA[<% odiRef.addAKs(); %>]]></Field>
</Object>
<Object class="com.sunopsis.dwg.dbobj.SnpLineAction">
		<Field name="ConnectId" type="java.lang.String">null</Field>
	<Field name="FirstDate" type="java.sql.Timestamp"><![CDATA[2024-12-23 06:22:45.0]]></Field>
	<Field name="FirstUser" type="java.lang.String"><![CDATA[SUNOPSIS_INSTALL]]></Field>
	<Field name="GlobalId" type="java.lang.String"><![CDATA[a9b36839-c048-3e46-a705-038ecf09fe5c]]></Field>
	<Field name="IgnoreError" type="java.lang.String"><![CDATA[0]]></Field>
	<Field name="IndCommit" type="java.lang.String"><![CDATA[0]]></Field>
	<Field name="IndLogMethod" type="java.lang.String">null</Field>
	<Field name="IndLogNb" type="java.lang.String"><![CDATA[5]]></Field>
	<Field name="IsolLevel" type="java.lang.String">null</Field>
	<Field name="IAction" type="com.sunopsis.sql.DbInt"><![CDATA[66]]></Field>
	<Field name="ITxtAction" type="com.sunopsis.sql.DbInt"><![CDATA[3471]]></Field>
	<Field name="LastDate" type="java.sql.Timestamp"><![CDATA[2024-12-23 06:22:45.0]]></Field>
	<Field name="LastUser" type="java.lang.String"><![CDATA[SUNOPSIS_INSTALL]]></Field>
	<Field name="LineActionName" type="java.lang.String"><![CDATA[Add Check Constraints]]></Field>
	<Field name="OrdAction" type="com.sunopsis.sql.DbInt"><![CDATA[40]]></Field>
</Object>
<Object class="com.sunopsis.dwg.dbobj.SnpMtxt">
		<Field name="Enc" type="java.lang.String">null</Field>
	<Field name="EncKey" type="java.lang.String">null</Field>
	<Field name="EncKeyVect" type="java.lang.String">null</Field>
	<Field name="FullTxt" type="java.lang.String"><![CDATA[<% odiRef.addChecks(); %>]]></Field>
	<Field name="GlobalId" type="java.lang.String"><![CDATA[d0182aa2-c3f0-31e7-bff6-983989ec2017]]></Field>
	<Field name="ITxt" type="com.sunopsis.sql.DbInt"><![CDATA[3471]]></Field>
	<Field name="ITxtOrig" type="com.sunopsis.sql.DbInt"><![CDATA[2]]></Field>
	<Field name="Txt" type="java.lang.String"><![CDATA[<% odiRef.addChecks(); %>]]></Field>
</Object>
<Object class="com.sunopsis.dwg.dbobj.SnpLineAction">
		<Field name="ConnectId" type="java.lang.String">null</Field>
	<Field name="FirstDate" type="java.sql.Timestamp"><![CDATA[2024-12-23 06:22:45.0]]></Field>
	<Field name="FirstUser" type="java.lang.String"><![CDATA[SUNOPSIS_INSTALL]]></Field>
	<Field name="GlobalId" type="java.lang.String"><![CDATA[5987f03c-f0dc-312b-a9e5-eb6ca25aec29]]></Field>
	<Field name="IgnoreError" type="java.lang.String"><![CDATA[0]]></Field>
	<Field name="IndCommit" type="java.lang.String"><![CDATA[0]]></Field>
	<Field name="IndLogMethod" type="java.lang.String">null</Field>
	<Field name="IndLogNb" type="java.lang.String"><![CDATA[5]]></Field>
	<Field name="IsolLevel" type="java.lang.String">null</Field>
	<Field name="IAction" type="com.sunopsis.sql.DbInt"><![CDATA[66]]></Field>
	<Field name="ITxtAction" type="com.sunopsis.sql.DbInt"><![CDATA[3472]]></Field>
	<Field name="LastDate" type="java.sql.Timestamp"><![CDATA[2024-12-23 06:22:45.0]]></Field>
	<Field name="LastUser" type="java.lang.String"><![CDATA[SUNOPSIS_INSTALL]]></Field>
	<Field name="LineActionName" type="java.lang.String"><![CDATA[Add Foreign Keys]]></Field>
	<Field name="OrdAction" type="com.sunopsis.sql.DbInt"><![CDATA[50]]></Field>
</Object>
<Object class="com.sunopsis.dwg.dbobj.SnpMtxt">
		<Field name="Enc" type="java.lang.String">null</Field>
	<Field name="EncKey" type="java.lang.String">null</Field>
	<Field name="EncKeyVect" type="java.lang.String">null</Field>
	<Field name="FullTxt" type="java.lang.String"><![CDATA[<% odiRef.addFKs(); %>]]></Field>
	<Field name="GlobalId" type="java.lang.String"><![CDATA[c0dff973-ee30-3eb8-b66a-33e0961c2a63]]></Field>
	<Field name="ITxt" type="com.sunopsis.sql.DbInt"><![CDATA[3472]]></Field>
	<Field name="ITxtOrig" type="com.sunopsis.sql.DbInt"><![CDATA[2]]></Field>
	<Field name="Txt" type="java.lang.String"><![CDATA[<% odiRef.addFKs(); %>]]></Field>
</Object>
<Object class="com.sunopsis.dwg.dbobj.SnpLineAction">
		<Field name="ConnectId" type="java.lang.String">null</Field>
	<Field name="FirstDate" type="java.sql.Timestamp"><![CDATA[2024-12-23 06:22:45.0]]></Field>
	<Field name="FirstUser" type="java.lang.String"><![CDATA[SUNOPSIS_INSTALL]]></Field>
	<Field name="GlobalId" type="java.lang.String"><![CDATA[9c23ec7f-6c2a-3bfc-bf71-41f19b9d1fc7]]></Field>
	<Field name="IgnoreError" type="java.lang.String"><![CDATA[0]]></Field>
	<Field name="IndCommit" type="java.lang.String"><![CDATA[0]]></Field>
	<Field name="IndLogMethod" type="java.lang.String">null</Field>
	<Field name="IndLogNb" type="java.lang.String"><![CDATA[5]]></Field>
	<Field name="IsolLevel" type="java.lang.String">null</Field>
	<Field name="IAction" type="com.sunopsis.sql.DbInt"><![CDATA[66]]></Field>
	<Field name="ITxtAction" type="com.sunopsis.sql.DbInt"><![CDATA[3473]]></Field>
	<Field name="LastDate" type="java.sql.Timestamp"><![CDATA[2024-12-23 06:22:45.0]]></Field>
	<Field name="LastUser" type="java.lang.String"><![CDATA[SUNOPSIS_INSTALL]]></Field>
	<Field name="LineActionName" type="java.lang.String"><![CDATA[Create Indexes]]></Field>
	<Field name="OrdAction" type="com.sunopsis.sql.DbInt"><![CDATA[60]]></Field>
</Object>
<Object class="com.sunopsis.dwg.dbobj.SnpMtxt">
		<Field name="Enc" type="java.lang.String">null</Field>
	<Field name="EncKey" type="java.lang.String">null</Field>
	<Field name="EncKeyVect" type="java.lang.String">null</Field>
	<Field name="FullTxt" type="java.lang.String"><![CDATA[<% odiRef.addIndexes(); %>]]></Field>
	<Field name="GlobalId" type="java.lang.String"><![CDATA[559ff1db-db0e-3cf7-9b9a-ae9c2f3f1fad]]></Field>
	<Field name="ITxt" type="com.sunopsis.sql.DbInt"><![CDATA[3473]]></Field>
	<Field name="ITxtOrig" type="com.sunopsis.sql.DbInt"><![CDATA[2]]></Field>
	<Field name="Txt" type="java.lang.String"><![CDATA[<% odiRef.addIndexes(); %>]]></Field>
</Object>
<Object class="com.sunopsis.dwg.dbobj.SnpLineAction">
		<Field name="ConnectId" type="java.lang.String">null</Field>
	<Field name="FirstDate" type="java.sql.Timestamp"><![CDATA[2024-12-23 06:22:45.0]]></Field>
	<Field name="FirstUser" type="java.lang.String"><![CDATA[SUNOPSIS_INSTALL]]></Field>
	<Field name="GlobalId" type="java.lang.String"><![CDATA[d01a57ae-6ed6-35c3-a2b7-f854ce3b5257]]></Field>
	<Field name="IgnoreError" type="java.lang.String"><![CDATA[0]]></Field>
	<Field name="IndCommit" type="java.lang.String"><![CDATA[0]]></Field>
	<Field name="IndLogMethod" type="java.lang.String">null</Field>
	<Field name="IndLogNb" type="java.lang.String"><![CDATA[5]]></Field>
	<Field name="IsolLevel" type="java.lang.String">null</Field>
	<Field name="IAction" type="com.sunopsis.sql.DbInt"><![CDATA[66]]></Field>
	<Field name="ITxtAction" type="com.sunopsis.sql.DbInt"><![CDATA[3474]]></Field>
	<Field name="LastDate" type="java.sql.Timestamp"><![CDATA[2024-12-23 06:22:45.0]]></Field>
	<Field name="LastUser" type="java.lang.String"><![CDATA[SUNOPSIS_INSTALL]]></Field>
	<Field name="LineActionName" type="java.lang.String"><![CDATA[Add Comments]]></Field>
	<Field name="OrdAction" type="com.sunopsis.sql.DbInt"><![CDATA[70]]></Field>
</Object>
<Object class="com.sunopsis.dwg.dbobj.SnpMtxt">
		<Field name="Enc" type="java.lang.String">null</Field>
	<Field name="EncKey" type="java.lang.String">null</Field>
	<Field name="EncKeyVect" type="java.lang.String">null</Field>
	<Field name="FullTxt" type="java.lang.String"><![CDATA[<% odiRef.modifyTableComment(); %>]]></Field>
	<Field name="GlobalId" type="java.lang.String"><![CDATA[8c95c83b-9ca4-3a69-b98e-03292ea216f5]]></Field>
	<Field name="ITxt" type="com.sunopsis.sql.DbInt"><![CDATA[3474]]></Field>
	<Field name="ITxtOrig" type="com.sunopsis.sql.DbInt"><![CDATA[2]]></Field>
	<Field name="Txt" type="java.lang.String"><![CDATA[<% odiRef.modifyTableComment(); %>]]></Field>
</Object>
<Object class="com.sunopsis.dwg.dbobj.SnpLineAction">
		<Field name="ConnectId" type="java.lang.String">null</Field>
	<Field name="FirstDate" type="java.sql.Timestamp"><![CDATA[2024-12-23 06:22:45.0]]></Field>
	<Field name="FirstUser" type="java.lang.String"><![CDATA[SUNOPSIS_INSTALL]]></Field>
	<Field name="GlobalId" type="java.lang.String"><![CDATA[2395acb2-2683-3ed4-bda5-3c7a2349300a]]></Field>
	<Field name="IgnoreError" type="java.lang.String"><![CDATA[0]]></Field>
	<Field name="IndCommit" type="java.lang.String"><![CDATA[0]]></Field>
	<Field name="IndLogMethod" type="java.lang.String">null</Field>
	<Field name="IndLogNb" type="java.lang.String"><![CDATA[5]]></Field>
	<Field name="IsolLevel" type="java.lang.String">null</Field>
	<Field name="IAction" type="com.sunopsis.sql.DbInt"><![CDATA[66]]></Field>
	<Field name="ITxtAction" type="com.sunopsis.sql.DbInt"><![CDATA[3475]]></Field>
	<Field name="LastDate" type="java.sql.Timestamp"><![CDATA[2024-12-23 06:22:45.0]]></Field>
	<Field name="LastUser" type="java.lang.String"><![CDATA[SUNOPSIS_INSTALL]]></Field>
	<Field name="LineActionName" type="java.lang.String"><![CDATA[Add Columns Comment]]></Field>
	<Field name="OrdAction" type="com.sunopsis.sql.DbInt"><![CDATA[80]]></Field>
</Object>
<Object class="com.sunopsis.dwg.dbobj.SnpMtxt">
		<Field name="Enc" type="java.lang.String">null</Field>
	<Field name="EncKey" type="java.lang.String">null</Field>
	<Field name="EncKeyVect" type="java.lang.String">null</Field>
	<Field name="FullTxt" type="java.lang.String"><![CDATA[<% odiRef.addColumnsComment();%>]]></Field>
	<Field name="GlobalId" type="java.lang.String"><![CDATA[a0737fe6-4772-3e88-82c3-eff0839ada14]]></Field>
	<Field name="ITxt" type="com.sunopsis.sql.DbInt"><![CDATA[3475]]></Field>
	<Field name="ITxtOrig" type="com.sunopsis.sql.DbInt"><![CDATA[2]]></Field>
	<Field name="Txt" type="java.lang.String"><![CDATA[<% odiRef.addColumnsComment();%>]]></Field>
</Object>
<Object class="com.sunopsis.dwg.dbobj.SnpMtxt">
		<Field name="Enc" type="java.lang.String">null</Field>
	<Field name="EncKey" type="java.lang.String">null</Field>
	<Field name="EncKeyVect" type="java.lang.String">null</Field>
	<Field name="FullTxt" type="java.lang.String"><![CDATA[Author: Sunopsis
Version: 4.0
Last Update: OCT-2005

Description :
Creates a new table with:
	- Columns
	- Primary Key
	- Alternate Keys
	- Indexes
	- Check Constraints
	- Foreign Keys
	- Comments
Restrictions:
]]></Field>
	<Field name="GlobalId" type="java.lang.String"><![CDATA[79c1296a-96f1-3af2-8967-ee478e2c1604]]></Field>
	<Field name="ITxt" type="com.sunopsis.sql.DbInt"><![CDATA[3476]]></Field>
	<Field name="ITxtOrig" type="com.sunopsis.sql.DbInt"><![CDATA[1]]></Field>
	<Field name="Txt" type="java.lang.String"><![CDATA[Author: Sunopsis
Version: 4.0
Last Update: OCT-2005

Description :
Creates a new table with:
	- Columns
	- Primary Key
	- Alternate Keys
	- Indexes
	- Check Constraints
	- Foreign Keys
	- Comments
Restrictions:
]]></Field>
</Object>
<Object class="com.sunopsis.dwg.dbobj.SnpMorigTxt">
		<Field name="ITxtOrig" type="com.sunopsis.sql.DbInt"><![CDATA[1]]></Field>
	<Field name="OrigineName" type="java.lang.String"><![CDATA[MOrigTxt.Action.ActionDesc]]></Field>
	<Field name="SnpsCol" type="java.lang.String"><![CDATA[I_TXT_DESC]]></Field>
	<Field name="SnpsTable" type="java.lang.String"><![CDATA[SNP_ACTION]]></Field>
</Object>
<Object class="com.sunopsis.dwg.dbobj.SnpFKXRef">
		<Field name="RefKey" type="java.lang.String"><![CDATA[SNP_MTXT.3476]]></Field>
	<Field name="RefObjGlobalId" type="java.lang.String"><![CDATA[79c1296a-96f1-3af2-8967-ee478e2c1604]]></Field>
</Object>
<Object class="com.sunopsis.dwg.dbobj.SnpFKXRef">
		<Field name="RefKey" type="java.lang.String"><![CDATA[SNP_ACTION.66]]></Field>
	<Field name="RefObjGlobalId" type="java.lang.String"><![CDATA[ae685d61-12f3-3f10-b5f8-b22cf4bf0a00]]></Field>
</Object>
<Object class="com.sunopsis.dwg.dbobj.SnpFKXRef">
		<Field name="RefKey" type="java.lang.String"><![CDATA[SNP_MTXT.3468]]></Field>
	<Field name="RefObjGlobalId" type="java.lang.String"><![CDATA[85d24b25-6672-32f5-a17e-c0d579f826f5]]></Field>
</Object>
<Object class="com.sunopsis.dwg.dbobj.SnpFKXRef">
		<Field name="RefKey" type="java.lang.String"><![CDATA[SNP_MTXT.3469]]></Field>
	<Field name="RefObjGlobalId" type="java.lang.String"><![CDATA[f4cc1d7c-79f8-39bd-bd91-f186f38cd3bb]]></Field>
</Object>
<Object class="com.sunopsis.dwg.dbobj.SnpFKXRef">
		<Field name="RefKey" type="java.lang.String"><![CDATA[SNP_MTXT.3470]]></Field>
	<Field name="RefObjGlobalId" type="java.lang.String"><![CDATA[57b76936-686e-3a61-bccf-559cbf2c4c31]]></Field>
</Object>
<Object class="com.sunopsis.dwg.dbobj.SnpFKXRef">
		<Field name="RefKey" type="java.lang.String"><![CDATA[SNP_MTXT.3471]]></Field>
	<Field name="RefObjGlobalId" type="java.lang.String"><![CDATA[d0182aa2-c3f0-31e7-bff6-983989ec2017]]></Field>
</Object>
<Object class="com.sunopsis.dwg.dbobj.SnpFKXRef">
		<Field name="RefKey" type="java.lang.String"><![CDATA[SNP_MTXT.3472]]></Field>
	<Field name="RefObjGlobalId" type="java.lang.String"><![CDATA[c0dff973-ee30-3eb8-b66a-33e0961c2a63]]></Field>
</Object>
<Object class="com.sunopsis.dwg.dbobj.SnpFKXRef">
		<Field name="RefKey" type="java.lang.String"><![CDATA[SNP_MTXT.3473]]></Field>
	<Field name="RefObjGlobalId" type="java.lang.String"><![CDATA[559ff1db-db0e-3cf7-9b9a-ae9c2f3f1fad]]></Field>
</Object>
<Object class="com.sunopsis.dwg.dbobj.SnpFKXRef">
		<Field name="RefKey" type="java.lang.String"><![CDATA[SNP_MTXT.3474]]></Field>
	<Field name="RefObjGlobalId" type="java.lang.String"><![CDATA[8c95c83b-9ca4-3a69-b98e-03292ea216f5]]></Field>
</Object>
<Object class="com.sunopsis.dwg.dbobj.SnpFKXRef">
		<Field name="RefKey" type="java.lang.String"><![CDATA[SNP_MTXT.3475]]></Field>
	<Field name="RefObjGlobalId" type="java.lang.String"><![CDATA[a0737fe6-4772-3e88-82c3-eff0839ada14]]></Field>
</Object>
<Object class="com.sunopsis.dwg.dbobj.SnpMImportRep">
		<Field name="GlobalId" type="java.lang.String"><![CDATA[2514270f-6e94-47f4-b5cf-96c2689174f6]]></Field>
	<Field name="RepGuid" type="java.lang.String"><![CDATA[359f8e51-151f-3f44-a2c1-a359ef69df90]]></Field>
	<Field name="RepShortId" type="com.sunopsis.sql.DbInt"><![CDATA[0]]></Field>
	<Field name="RepTimestamp" type="java.lang.String"><![CDATA[1734952807201]]></Field>
</Object>
<Object class="com.sunopsis.dwg.DwgExportSummary">
		<Field name="ExpTxtNb" type="com.sunopsis.sql.DbInt"><![CDATA[0]]></Field>
	<Field name="InstObjNb" type="com.sunopsis.sql.DbInt"><![CDATA[0]]></Field>
	<Field name="JoinColNb" type="com.sunopsis.sql.DbInt"><![CDATA[0]]></Field>
	<Field name="JoinNb" type="com.sunopsis.sql.DbInt"><![CDATA[0]]></Field>
	<Field name="KeyColNb" type="com.sunopsis.sql.DbInt"><![CDATA[0]]></Field>
	<Field name="KeyNb" type="com.sunopsis.sql.DbInt"><![CDATA[0]]></Field>
	<Field name="LinkDiagNb" type="com.sunopsis.sql.DbInt"><![CDATA[0]]></Field>
	<Field name="MorigTxtNb" type="com.sunopsis.sql.DbInt"><![CDATA[9]]></Field>
	<Field name="MtxtNb" type="com.sunopsis.sql.DbInt"><![CDATA[9]]></Field>
	<Field name="OrigTxtNb" type="com.sunopsis.sql.DbInt"><![CDATA[0]]></Field>
	<Field name="OtherObjectsNb" type="com.sunopsis.sql.DbInt"><![CDATA[9]]></Field>
	<Field name="PlanAgentNb" type="com.sunopsis.sql.DbInt"><![CDATA[0]]></Field>
	<Field name="StepNb" type="com.sunopsis.sql.DbInt"><![CDATA[0]]></Field>
	<Field name="TxtNb" type="com.sunopsis.sql.DbInt"><![CDATA[0]]></Field>
	<Field name="UeOrigNb" type="com.sunopsis.sql.DbInt"><![CDATA[0]]></Field>
	<Field name="UeUsedNb" type="com.sunopsis.sql.DbInt"><![CDATA[0]]></Field>
	<Field name="VarPlanAgentNb" type="com.sunopsis.sql.DbInt"><![CDATA[0]]></Field>
	<Field name="ScenTxtNb" type="com.sunopsis.sql.DbInt"><![CDATA[0]]></Field>
	<Field name="OdiVersion" type="java.lang.String"><![CDATA[12.1.3 - 17/06/2014]]></Field>
	<Field name="OriginRepositoryID" type="com.sunopsis.sql.DbInt"><![CDATA[0]]></Field>
	<Field name="RepositoryVersion" type="java.lang.String"><![CDATA[05.01.02.02]]></Field>
</Object>
</SunopsisExport>
