<?xml version="1.0" encoding="ISO-8859-1"?>
<SunopsisExport>
<Admin RepositoryVersion="05.01.02.02" IsLegacyIdCompatible="false" />
<Encryption algorithm="AES" keyLength="128" exportKeyHash="l/Ouskkn27QrI/0Ulc3D2c55MiCF1CFlVxNGwTEYcmY=" keyVect="Mz5ZdFnukBf7/AaLaYMAPw==" exportKeySalt="69514ee4-53c3-41b9-92e5-db69aed3c2df" containsCipherText="false"/>
<Object class="com.sunopsis.dwg.dbobj.SnpConnect">
		<Field name="BatchUpdateSize" type="com.sunopsis.sql.DbInt"><![CDATA[30]]></Field>
	<Field name="ConnectType" type="java.lang.String"><![CDATA[D]]></Field>
	<Field name="ConName" type="java.lang.String"><![CDATA[XML_DIM_GEO]]></Field>
	<Field name="DservName" type="java.lang.String">null</Field>
	<Field name="FetchArrayServ" type="com.sunopsis.sql.DbInt"><![CDATA[30]]></Field>
	<Field name="FirstDate" type="java.sql.Timestamp"><![CDATA[2024-12-24 06:20:44.0]]></Field>
	<Field name="FirstUser" type="java.lang.String"><![CDATA[SUPERVISOR]]></Field>
	<Field name="GlobalId" type="java.lang.String"><![CDATA[c8430210-7573-410a-91cc-07cfe5ce891e]]></Field>
	<Field name="IndJndi" type="java.lang.String"><![CDATA[0]]></Field>
	<Field name="IntVersion" type="com.sunopsis.sql.DbInt"><![CDATA[1]]></Field>
	<Field name="IConnect" type="com.sunopsis.sql.DbInt"><![CDATA[58]]></Field>
	<Field name="IDefPschema" type="com.sunopsis.sql.DbInt"><![CDATA[null]]></Field>
	<Field name="IHost" type="com.sunopsis.sql.DbInt"><![CDATA[null]]></Field>
	<Field name="ITechno" type="com.sunopsis.sql.DbInt"><![CDATA[100]]></Field>
	<Field name="ITxtJavaUrl" type="com.sunopsis.sql.DbInt"><![CDATA[3536]]></Field>
	<Field name="ITxtJndiUrl" type="com.sunopsis.sql.DbInt"><![CDATA[null]]></Field>
	<Field name="ITxtWsBaseUrl" type="com.sunopsis.sql.DbInt"><![CDATA[null]]></Field>
	<Field name="JagentHost" type="java.lang.String">null</Field>
	<Field name="JagentMgrPort" type="com.sunopsis.sql.DbInt"><![CDATA[null]]></Field>
	<Field name="JagentPort" type="com.sunopsis.sql.DbInt"><![CDATA[null]]></Field>
	<Field name="JavaDriver" type="java.lang.String"><![CDATA[com.sunopsis.jdbc.driver.xml.SnpsXmlDriver]]></Field>
	<Field name="JndiAuthent" type="java.lang.String">null</Field>
	<Field name="JndiFactory" type="java.lang.String">null</Field>
	<Field name="JndiProto" type="java.lang.String">null</Field>
	<Field name="JndiPwd" type="java.lang.String">null</Field>
	<Field name="JndiRessource" type="java.lang.String">null</Field>
	<Field name="JndiUser" type="java.lang.String">null</Field>
	<Field name="LastDate" type="java.sql.Timestamp"><![CDATA[2024-12-24 06:20:44.0]]></Field>
	<Field name="LastUser" type="java.lang.String"><![CDATA[SUPERVISOR]]></Field>
	<Field name="OggInstallPath" type="java.lang.String">null</Field>
	<Field name="OnConApplyCond" type="java.lang.String">null</Field>
	<Field name="OnConCmd" type="java.lang.String">null</Field>
	<Field name="OnConIndCommit" type="java.lang.String"><![CDATA[0]]></Field>
	<Field name="OnConIndErr" type="java.lang.String"><![CDATA[0]]></Field>
	<Field name="OnConLogLevel" type="java.lang.String"><![CDATA[3]]></Field>
	<Field name="OnDcnApplyCond" type="java.lang.String">null</Field>
	<Field name="OnDcnCmd" type="java.lang.String">null</Field>
	<Field name="OnDcnIndCommit" type="java.lang.String"><![CDATA[0]]></Field>
	<Field name="OnDcnIndErr" type="java.lang.String"><![CDATA[0]]></Field>
	<Field name="OnDcnLogLevel" type="java.lang.String"><![CDATA[3]]></Field>
	<Field name="Pass" type="java.lang.String">null</Field>
	<Field name="TgtParallelConfig" type="com.sunopsis.sql.DbInt"><![CDATA[1]]></Field>
	<Field name="UserName" type="java.lang.String">null</Field>
	<Field name="WsDeployMode" type="java.lang.String"><![CDATA[U]]></Field>
</Object>
<Object class="com.sunopsis.dwg.dbobj.SnpMtxt">
		<Field name="Enc" type="java.lang.String">null</Field>
	<Field name="EncKey" type="java.lang.String">null</Field>
	<Field name="EncKeyVect" type="java.lang.String">null</Field>
	<Field name="FullTxt" type="java.lang.String"><![CDATA[jdbc:snps:xml?f=/home/oracle/labs/files/xml/GEO_DIM.xml&s=GEO]]></Field>
	<Field name="GlobalId" type="java.lang.String"><![CDATA[e15436f6-984c-4486-b9ac-7afc2a685715]]></Field>
	<Field name="ITxt" type="com.sunopsis.sql.DbInt"><![CDATA[3536]]></Field>
	<Field name="ITxtOrig" type="com.sunopsis.sql.DbInt"><![CDATA[6]]></Field>
	<Field name="Txt" type="java.lang.String"><![CDATA[jdbc:snps:xml?f=/home/oracle/labs/files/xml/GEO_DIM.xml&s=GEO]]></Field>
</Object>
<Object class="com.sunopsis.dwg.dbobj.SnpMorigTxt">
		<Field name="ITxtOrig" type="com.sunopsis.sql.DbInt"><![CDATA[6]]></Field>
	<Field name="OrigineName" type="java.lang.String"><![CDATA[MOrigTxt.Connect.JavaURL]]></Field>
	<Field name="SnpsCol" type="java.lang.String"><![CDATA[I_TXT_JAVA_URL]]></Field>
	<Field name="SnpsTable" type="java.lang.String"><![CDATA[SNP_CONNECT]]></Field>
</Object>
<Object class="com.sunopsis.dwg.dbobj.SnpPschema">
		<Field name="AdditionalOption" type="java.lang.String">null</Field>
	<Field name="CatalogName" type="java.lang.String">null</Field>
	<Field name="ColPrfTab" type="java.lang.String"><![CDATA[C$_]]></Field>
	<Field name="CountFreqUnit" type="java.lang.String">null</Field>
	<Field name="DblogRdBuffsz" type="com.sunopsis.sql.DbInt"><![CDATA[null]]></Field>
	<Field name="DefConPschema" type="java.lang.String"><![CDATA[1]]></Field>
	<Field name="DefFilePath" type="java.lang.String">null</Field>
	<Field name="DiscardFilePath" type="java.lang.String">null</Field>
	<Field name="ErrPrfTab" type="java.lang.String"><![CDATA[E$_]]></Field>
	<Field name="ExtName" type="java.lang.String"><![CDATA[XML_DIM_GEO.GEO]]></Field>
	<Field name="ExtVersion" type="java.lang.String">null</Field>
	<Field name="FirstDate" type="java.sql.Timestamp"><![CDATA[2024-12-24 06:21:47.0]]></Field>
	<Field name="FirstUser" type="java.lang.String"><![CDATA[SUPERVISOR]]></Field>
	<Field name="GlobalId" type="java.lang.String"><![CDATA[65acb4ba-d698-4f81-ba5f-663215a78427]]></Field>
	<Field name="IdxPrfTab" type="java.lang.String"><![CDATA[IX$_]]></Field>
	<Field name="IndChange" type="java.lang.String"><![CDATA[U]]></Field>
	<Field name="IntPrfTab" type="java.lang.String"><![CDATA[I$_]]></Field>
	<Field name="IntVersion" type="com.sunopsis.sql.DbInt"><![CDATA[3]]></Field>
	<Field name="IConnect" type="com.sunopsis.sql.DbInt"><![CDATA[58]]></Field>
	<Field name="IPschema" type="com.sunopsis.sql.DbInt"><![CDATA[24]]></Field>
	<Field name="ITargetPschema" type="com.sunopsis.sql.DbInt"><![CDATA[null]]></Field>
	<Field name="JrnPrfTab" type="java.lang.String"><![CDATA[J$]]></Field>
	<Field name="JrnPrfTrg" type="java.lang.String"><![CDATA[T$]]></Field>
	<Field name="JrnPrfVie" type="java.lang.String"><![CDATA[JV$]]></Field>
	<Field name="LastDate" type="java.sql.Timestamp"><![CDATA[2024-12-24 06:21:48.0]]></Field>
	<Field name="LastUser" type="java.lang.String"><![CDATA[SUPERVISOR]]></Field>
	<Field name="LocObjPattern" type="java.lang.String"><![CDATA[%SCHEMA.%OBJECT]]></Field>
	<Field name="LocSeqCurrPattern" type="java.lang.String">null</Field>
	<Field name="LocSeqPattern" type="java.lang.String">null</Field>
	<Field name="LtrailFilePath" type="java.lang.String">null</Field>
	<Field name="PartPattern" type="java.lang.String">null</Field>
	<Field name="Passthru" type="java.lang.String">null</Field>
	<Field name="ProcessType" type="java.lang.String">null</Field>
	<Field name="RemObjPattern" type="java.lang.String">null</Field>
	<Field name="RemSeqCurrPattern" type="java.lang.String">null</Field>
	<Field name="RemSeqPattern" type="java.lang.String">null</Field>
	<Field name="ReportCountFreq" type="com.sunopsis.sql.DbInt"><![CDATA[null]]></Field>
	<Field name="ReportDetail" type="java.lang.String">null</Field>
	<Field name="ReportFetch" type="java.lang.String">null</Field>
	<Field name="RmttrailFilePath" type="java.lang.String">null</Field>
	<Field name="SchemaName" type="java.lang.String"><![CDATA[GEO]]></Field>
	<Field name="SubPartPattern" type="java.lang.String">null</Field>
	<Field name="TargetDups" type="java.lang.String">null</Field>
	<Field name="TrailFileSize" type="com.sunopsis.sql.DbInt"><![CDATA[null]]></Field>
	<Field name="UnqCharSpec" type="java.lang.String"><![CDATA[BASE64]]></Field>
	<Field name="WcatalogName" type="java.lang.String">null</Field>
	<Field name="WschemaName" type="java.lang.String"><![CDATA[GEO]]></Field>
</Object>
<Object class="com.sunopsis.dwg.dbobj.SnpFKXRef">
		<Field name="RefKey" type="java.lang.String"><![CDATA[SNP_TECHNO.100]]></Field>
	<Field name="RefObjGlobalId" type="java.lang.String"><![CDATA[7ffd3917-2b27-35a3-96a7-3bde26098531]]></Field>
</Object>
<Object class="com.sunopsis.dwg.dbobj.SnpFKXRef">
		<Field name="RefKey" type="java.lang.String"><![CDATA[SNP_MTXT.3536]]></Field>
	<Field name="RefObjGlobalId" type="java.lang.String"><![CDATA[e15436f6-984c-4486-b9ac-7afc2a685715]]></Field>
</Object>
<Object class="com.sunopsis.dwg.dbobj.SnpFKXRef">
		<Field name="RefKey" type="java.lang.String"><![CDATA[SNP_CONNECT.58]]></Field>
	<Field name="RefObjGlobalId" type="java.lang.String"><![CDATA[c8430210-7573-410a-91cc-07cfe5ce891e]]></Field>
</Object>
<Object class="com.sunopsis.dwg.dbobj.SnpMImportRep">
		<Field name="GlobalId" type="java.lang.String"><![CDATA[2514270f-6e94-47f4-b5cf-96c2689174f6]]></Field>
	<Field name="RepGuid" type="java.lang.String"><![CDATA[359f8e51-151f-3f44-a2c1-a359ef69df90]]></Field>
	<Field name="RepShortId" type="com.sunopsis.sql.DbInt"><![CDATA[0]]></Field>
	<Field name="RepTimestamp" type="java.lang.String"><![CDATA[1734952807201]]></Field>
</Object>
<Object class="com.sunopsis.dwg.DwgExportSummary">
		<Field name="ExpTxtNb" type="com.sunopsis.sql.DbInt"><![CDATA[0]]></Field>
	<Field name="InstObjNb" type="com.sunopsis.sql.DbInt"><![CDATA[0]]></Field>
	<Field name="JoinColNb" type="com.sunopsis.sql.DbInt"><![CDATA[0]]></Field>
	<Field name="JoinNb" type="com.sunopsis.sql.DbInt"><![CDATA[0]]></Field>
	<Field name="KeyColNb" type="com.sunopsis.sql.DbInt"><![CDATA[0]]></Field>
	<Field name="KeyNb" type="com.sunopsis.sql.DbInt"><![CDATA[0]]></Field>
	<Field name="LinkDiagNb" type="com.sunopsis.sql.DbInt"><![CDATA[0]]></Field>
	<Field name="MorigTxtNb" type="com.sunopsis.sql.DbInt"><![CDATA[1]]></Field>
	<Field name="MtxtNb" type="com.sunopsis.sql.DbInt"><![CDATA[1]]></Field>
	<Field name="OrigTxtNb" type="com.sunopsis.sql.DbInt"><![CDATA[0]]></Field>
	<Field name="OtherObjectsNb" type="com.sunopsis.sql.DbInt"><![CDATA[2]]></Field>
	<Field name="PlanAgentNb" type="com.sunopsis.sql.DbInt"><![CDATA[0]]></Field>
	<Field name="StepNb" type="com.sunopsis.sql.DbInt"><![CDATA[0]]></Field>
	<Field name="TxtNb" type="com.sunopsis.sql.DbInt"><![CDATA[0]]></Field>
	<Field name="UeOrigNb" type="com.sunopsis.sql.DbInt"><![CDATA[0]]></Field>
	<Field name="UeUsedNb" type="com.sunopsis.sql.DbInt"><![CDATA[0]]></Field>
	<Field name="VarPlanAgentNb" type="com.sunopsis.sql.DbInt"><![CDATA[0]]></Field>
	<Field name="ScenTxtNb" type="com.sunopsis.sql.DbInt"><![CDATA[0]]></Field>
	<Field name="OdiVersion" type="java.lang.String"><![CDATA[12.1.3 - 17/06/2014]]></Field>
	<Field name="OriginRepositoryID" type="com.sunopsis.sql.DbInt"><![CDATA[0]]></Field>
	<Field name="RepositoryVersion" type="java.lang.String"><![CDATA[05.01.02.02]]></Field>
</Object>
</SunopsisExport>
