<?xml version="1.0" encoding="ISO-8859-1"?>
<SunopsisExport>
<Admin RepositoryVersion="05.01.02.02" IsLegacyIdCompatible="false" />
<Encryption algorithm="AES" keyLength="128" exportKeyHash="er5yyZ4hhL8EjVPAO5h9phgJ90PVy+g2JUpWHUNdrME=" keyVect="A3fqMkj5qnA3dhSEZsJfVw==" exportKeySalt="a1a965a5-b5d2-4640-b2aa-11d9ba3819e7" containsCipherText="false"/>
<Object class="com.sunopsis.dwg.dbobj.SnpConnect">
		<Field name="BatchUpdateSize" type="com.sunopsis.sql.DbInt"><![CDATA[30]]></Field>
	<Field name="ConnectType" type="java.lang.String"><![CDATA[D]]></Field>
	<Field name="ConName" type="java.lang.String"><![CDATA[FILE_GENERIC]]></Field>
	<Field name="DservName" type="java.lang.String">null</Field>
	<Field name="FetchArrayServ" type="com.sunopsis.sql.DbInt"><![CDATA[30]]></Field>
	<Field name="FirstDate" type="java.sql.Timestamp"><![CDATA[2024-12-23 06:22:35.0]]></Field>
	<Field name="FirstUser" type="java.lang.String"><![CDATA[SUNOPSIS_INSTALL]]></Field>
	<Field name="GlobalId" type="java.lang.String"><![CDATA[7cf66dba-3493-3ab1-81cc-6c13ebe03a8d]]></Field>
	<Field name="IndJndi" type="java.lang.String"><![CDATA[0]]></Field>
	<Field name="IntVersion" type="com.sunopsis.sql.DbInt"><![CDATA[1]]></Field>
	<Field name="IConnect" type="com.sunopsis.sql.DbInt"><![CDATA[2]]></Field>
	<Field name="IDefPschema" type="com.sunopsis.sql.DbInt"><![CDATA[null]]></Field>
	<Field name="IHost" type="com.sunopsis.sql.DbInt"><![CDATA[null]]></Field>
	<Field name="ITechno" type="com.sunopsis.sql.DbInt"><![CDATA[86]]></Field>
	<Field name="ITxtJavaUrl" type="com.sunopsis.sql.DbInt"><![CDATA[3440]]></Field>
	<Field name="ITxtJndiUrl" type="com.sunopsis.sql.DbInt"><![CDATA[null]]></Field>
	<Field name="ITxtWsBaseUrl" type="com.sunopsis.sql.DbInt"><![CDATA[null]]></Field>
	<Field name="JagentHost" type="java.lang.String">null</Field>
	<Field name="JagentMgrPort" type="com.sunopsis.sql.DbInt"><![CDATA[null]]></Field>
	<Field name="JagentPort" type="com.sunopsis.sql.DbInt"><![CDATA[null]]></Field>
	<Field name="JavaDriver" type="java.lang.String"><![CDATA[com.sunopsis.jdbc.driver.file.FileDriver]]></Field>
	<Field name="JndiAuthent" type="java.lang.String">null</Field>
	<Field name="JndiFactory" type="java.lang.String">null</Field>
	<Field name="JndiProto" type="java.lang.String">null</Field>
	<Field name="JndiPwd" type="java.lang.String">null</Field>
	<Field name="JndiRessource" type="java.lang.String">null</Field>
	<Field name="JndiUser" type="java.lang.String">null</Field>
	<Field name="LastDate" type="java.sql.Timestamp"><![CDATA[2024-12-23 06:22:35.0]]></Field>
	<Field name="LastUser" type="java.lang.String"><![CDATA[SUNOPSIS_INSTALL]]></Field>
	<Field name="OggInstallPath" type="java.lang.String">null</Field>
	<Field name="OnConApplyCond" type="java.lang.String">null</Field>
	<Field name="OnConCmd" type="java.lang.String">null</Field>
	<Field name="OnConIndCommit" type="java.lang.String">null</Field>
	<Field name="OnConIndErr" type="java.lang.String">null</Field>
	<Field name="OnConLogLevel" type="java.lang.String">null</Field>
	<Field name="OnDcnApplyCond" type="java.lang.String">null</Field>
	<Field name="OnDcnCmd" type="java.lang.String">null</Field>
	<Field name="OnDcnIndCommit" type="java.lang.String">null</Field>
	<Field name="OnDcnIndErr" type="java.lang.String">null</Field>
	<Field name="OnDcnLogLevel" type="java.lang.String">null</Field>
	<Field name="Pass" type="java.lang.String">null</Field>
	<Field name="TgtParallelConfig" type="com.sunopsis.sql.DbInt"><![CDATA[1]]></Field>
	<Field name="UserName" type="java.lang.String">null</Field>
	<Field name="WsDeployMode" type="java.lang.String"><![CDATA[U]]></Field>
</Object>
<Object class="com.sunopsis.dwg.dbobj.SnpMtxt">
		<Field name="Enc" type="java.lang.String">null</Field>
	<Field name="EncKey" type="java.lang.String">null</Field>
	<Field name="EncKeyVect" type="java.lang.String">null</Field>
	<Field name="FullTxt" type="java.lang.String"><![CDATA[jdbc:snps:dbfile]]></Field>
	<Field name="GlobalId" type="java.lang.String"><![CDATA[aa972c09-5941-3c83-b222-5b64162706e4]]></Field>
	<Field name="ITxt" type="com.sunopsis.sql.DbInt"><![CDATA[3440]]></Field>
	<Field name="ITxtOrig" type="com.sunopsis.sql.DbInt"><![CDATA[6]]></Field>
	<Field name="Txt" type="java.lang.String"><![CDATA[jdbc:snps:dbfile]]></Field>
</Object>
<Object class="com.sunopsis.dwg.dbobj.SnpMorigTxt">
		<Field name="ITxtOrig" type="com.sunopsis.sql.DbInt"><![CDATA[6]]></Field>
	<Field name="OrigineName" type="java.lang.String"><![CDATA[MOrigTxt.Connect.JavaURL]]></Field>
	<Field name="SnpsCol" type="java.lang.String"><![CDATA[I_TXT_JAVA_URL]]></Field>
	<Field name="SnpsTable" type="java.lang.String"><![CDATA[SNP_CONNECT]]></Field>
</Object>
<Object class="com.sunopsis.dwg.dbobj.SnpFKXRef">
		<Field name="RefKey" type="java.lang.String"><![CDATA[SNP_TECHNO.86]]></Field>
	<Field name="RefObjGlobalId" type="java.lang.String"><![CDATA[14d1db64-b833-3400-9ca6-595ffc963a64]]></Field>
</Object>
<Object class="com.sunopsis.dwg.dbobj.SnpFKXRef">
		<Field name="RefKey" type="java.lang.String"><![CDATA[SNP_MTXT.3440]]></Field>
	<Field name="RefObjGlobalId" type="java.lang.String"><![CDATA[aa972c09-5941-3c83-b222-5b64162706e4]]></Field>
</Object>
<Object class="com.sunopsis.dwg.dbobj.SnpMImportRep">
		<Field name="GlobalId" type="java.lang.String"><![CDATA[2514270f-6e94-47f4-b5cf-96c2689174f6]]></Field>
	<Field name="RepGuid" type="java.lang.String"><![CDATA[359f8e51-151f-3f44-a2c1-a359ef69df90]]></Field>
	<Field name="RepShortId" type="com.sunopsis.sql.DbInt"><![CDATA[0]]></Field>
	<Field name="RepTimestamp" type="java.lang.String"><![CDATA[1734952807201]]></Field>
</Object>
<Object class="com.sunopsis.dwg.DwgExportSummary">
		<Field name="ExpTxtNb" type="com.sunopsis.sql.DbInt"><![CDATA[0]]></Field>
	<Field name="InstObjNb" type="com.sunopsis.sql.DbInt"><![CDATA[0]]></Field>
	<Field name="JoinColNb" type="com.sunopsis.sql.DbInt"><![CDATA[0]]></Field>
	<Field name="JoinNb" type="com.sunopsis.sql.DbInt"><![CDATA[0]]></Field>
	<Field name="KeyColNb" type="com.sunopsis.sql.DbInt"><![CDATA[0]]></Field>
	<Field name="KeyNb" type="com.sunopsis.sql.DbInt"><![CDATA[0]]></Field>
	<Field name="LinkDiagNb" type="com.sunopsis.sql.DbInt"><![CDATA[0]]></Field>
	<Field name="MorigTxtNb" type="com.sunopsis.sql.DbInt"><![CDATA[1]]></Field>
	<Field name="MtxtNb" type="com.sunopsis.sql.DbInt"><![CDATA[1]]></Field>
	<Field name="OrigTxtNb" type="com.sunopsis.sql.DbInt"><![CDATA[0]]></Field>
	<Field name="OtherObjectsNb" type="com.sunopsis.sql.DbInt"><![CDATA[1]]></Field>
	<Field name="PlanAgentNb" type="com.sunopsis.sql.DbInt"><![CDATA[0]]></Field>
	<Field name="StepNb" type="com.sunopsis.sql.DbInt"><![CDATA[0]]></Field>
	<Field name="TxtNb" type="com.sunopsis.sql.DbInt"><![CDATA[0]]></Field>
	<Field name="UeOrigNb" type="com.sunopsis.sql.DbInt"><![CDATA[0]]></Field>
	<Field name="UeUsedNb" type="com.sunopsis.sql.DbInt"><![CDATA[0]]></Field>
	<Field name="VarPlanAgentNb" type="com.sunopsis.sql.DbInt"><![CDATA[0]]></Field>
	<Field name="ScenTxtNb" type="com.sunopsis.sql.DbInt"><![CDATA[0]]></Field>
	<Field name="OdiVersion" type="java.lang.String"><![CDATA[12.1.3 - 17/06/2014]]></Field>
	<Field name="OriginRepositoryID" type="com.sunopsis.sql.DbInt"><![CDATA[0]]></Field>
	<Field name="RepositoryVersion" type="java.lang.String"><![CDATA[05.01.02.02]]></Field>
</Object>
</SunopsisExport>
