<?xml version="1.0" encoding="ISO-8859-1"?>
<SunopsisExport>
<Admin RepositoryVersion="05.01.02.02" IsLegacyIdCompatible="false" />
<Encryption algorithm="AES" keyLength="128" exportKeyHash="BUcTIgMUlIDkhQ2IYGRFhRnn10l6Gy0RzbJjX207Mi4=" keyVect="ZeMD42JRtw7wnR3axucZ6g==" exportKeySalt="3dfe4572-44b2-4dca-a691-ca6cf74f68ab" containsCipherText="false"/>
<Object class="com.sunopsis.dwg.dbobj.SnpContext">
		<Field name="ConfPassw" type="java.lang.String">null</Field>
	<Field name="ContextCode" type="java.lang.String"><![CDATA[DEVELOPMENT]]></Field>
	<Field name="ContextName" type="java.lang.String"><![CDATA[Development]]></Field>
	<Field name="DefCont" type="java.lang.String"><![CDATA[1]]></Field>
	<Field name="ExtVersion" type="java.lang.String">null</Field>
	<Field name="FirstDate" type="java.sql.Timestamp"><![CDATA[2024-12-23 08:15:16.0]]></Field>
	<Field name="FirstUser" type="java.lang.String"><![CDATA[SUPERVISOR]]></Field>
	<Field name="GlobalId" type="java.lang.String"><![CDATA[a63c5f11-2afc-4758-9b02-9209e7672ab4]]></Field>
	<Field name="IndChange" type="java.lang.String"><![CDATA[U]]></Field>
	<Field name="IntVersion" type="com.sunopsis.sql.DbInt"><![CDATA[4]]></Field>
	<Field name="IContext" type="com.sunopsis.sql.DbInt"><![CDATA[3]]></Field>
	<Field name="LastDate" type="java.sql.Timestamp"><![CDATA[2024-12-24 03:50:09.0]]></Field>
	<Field name="LastUser" type="java.lang.String"><![CDATA[SUPERVISOR]]></Field>
</Object>
<Object class="com.sunopsis.dwg.dbobj.SnpPschemaCont">
		<Field name="FirstDate" type="java.sql.Timestamp"><![CDATA[2024-12-24 04:02:12.0]]></Field>
	<Field name="FirstUser" type="java.lang.String"><![CDATA[SUPERVISOR]]></Field>
	<Field name="GlobalId" type="java.lang.String"><![CDATA[2ecbc9dc-af0f-43c2-940f-b21ccf32f06b]]></Field>
	<Field name="IntVersion" type="com.sunopsis.sql.DbInt"><![CDATA[1]]></Field>
	<Field name="IContext" type="com.sunopsis.sql.DbInt"><![CDATA[3]]></Field>
	<Field name="ILschema" type="com.sunopsis.sql.DbInt"><![CDATA[14]]></Field>
	<Field name="IPschema" type="com.sunopsis.sql.DbInt"><![CDATA[13]]></Field>
	<Field name="LastDate" type="java.sql.Timestamp"><![CDATA[2024-12-24 04:02:12.0]]></Field>
	<Field name="LastUser" type="java.lang.String"><![CDATA[SUPERVISOR]]></Field>
</Object>
<Object class="com.sunopsis.dwg.dbobj.SnpReferencedObject">
		<Field name="IObject" type="com.sunopsis.sql.DbInt"><![CDATA[1700]]></Field>
	<Field name="ObjectPKasString" type="java.lang.String"><![CDATA[3]]></Field>
	<Field name="ObjectAKasString" type="java.lang.String"><![CDATA[DEVELOPMENT]]></Field>
	<Field name="Description" type="java.lang.String"><![CDATA[SNP_CONTEXT : Development]]></Field>
 <Field name="GlobalId" type="java.lang.String"><![CDATA[a63c5f11-2afc-4758-9b02-9209e7672ab4]]></Field>
</Object>
<Object class="com.sunopsis.dwg.dbobj.SnpPschemaCont">
		<Field name="FirstDate" type="java.sql.Timestamp"><![CDATA[2024-12-24 06:01:17.0]]></Field>
	<Field name="FirstUser" type="java.lang.String"><![CDATA[SUPERVISOR]]></Field>
	<Field name="GlobalId" type="java.lang.String"><![CDATA[91e33a09-e534-4605-b404-899fefb034d7]]></Field>
	<Field name="IntVersion" type="com.sunopsis.sql.DbInt"><![CDATA[1]]></Field>
	<Field name="IContext" type="com.sunopsis.sql.DbInt"><![CDATA[3]]></Field>
	<Field name="ILschema" type="com.sunopsis.sql.DbInt"><![CDATA[24]]></Field>
	<Field name="IPschema" type="com.sunopsis.sql.DbInt"><![CDATA[23]]></Field>
	<Field name="LastDate" type="java.sql.Timestamp"><![CDATA[2024-12-24 06:01:17.0]]></Field>
	<Field name="LastUser" type="java.lang.String"><![CDATA[SUPERVISOR]]></Field>
</Object>
<Object class="com.sunopsis.dwg.dbobj.SnpReferencedObject">
		<Field name="IObject" type="com.sunopsis.sql.DbInt"><![CDATA[1700]]></Field>
	<Field name="ObjectPKasString" type="java.lang.String"><![CDATA[3]]></Field>
	<Field name="ObjectAKasString" type="java.lang.String"><![CDATA[DEVELOPMENT]]></Field>
	<Field name="Description" type="java.lang.String"><![CDATA[SNP_CONTEXT : Development]]></Field>
 <Field name="GlobalId" type="java.lang.String"><![CDATA[a63c5f11-2afc-4758-9b02-9209e7672ab4]]></Field>
</Object>
<Object class="com.sunopsis.dwg.dbobj.SnpPschemaCont">
		<Field name="FirstDate" type="java.sql.Timestamp"><![CDATA[2024-12-24 06:25:39.0]]></Field>
	<Field name="FirstUser" type="java.lang.String"><![CDATA[SUPERVISOR]]></Field>
	<Field name="GlobalId" type="java.lang.String"><![CDATA[a4f4afd4-2bff-4122-b406-dcb925c2c9b0]]></Field>
	<Field name="IntVersion" type="com.sunopsis.sql.DbInt"><![CDATA[1]]></Field>
	<Field name="IContext" type="com.sunopsis.sql.DbInt"><![CDATA[3]]></Field>
	<Field name="ILschema" type="com.sunopsis.sql.DbInt"><![CDATA[25]]></Field>
	<Field name="IPschema" type="com.sunopsis.sql.DbInt"><![CDATA[24]]></Field>
	<Field name="LastDate" type="java.sql.Timestamp"><![CDATA[2024-12-24 06:25:39.0]]></Field>
	<Field name="LastUser" type="java.lang.String"><![CDATA[SUPERVISOR]]></Field>
</Object>
<Object class="com.sunopsis.dwg.dbobj.SnpReferencedObject">
		<Field name="IObject" type="com.sunopsis.sql.DbInt"><![CDATA[1700]]></Field>
	<Field name="ObjectPKasString" type="java.lang.String"><![CDATA[3]]></Field>
	<Field name="ObjectAKasString" type="java.lang.String"><![CDATA[DEVELOPMENT]]></Field>
	<Field name="Description" type="java.lang.String"><![CDATA[SNP_CONTEXT : Development]]></Field>
 <Field name="GlobalId" type="java.lang.String"><![CDATA[a63c5f11-2afc-4758-9b02-9209e7672ab4]]></Field>
</Object>
<Object class="com.sunopsis.dwg.dbobj.SnpPschemaCont">
		<Field name="FirstDate" type="java.sql.Timestamp"><![CDATA[2024-12-24 06:41:59.0]]></Field>
	<Field name="FirstUser" type="java.lang.String"><![CDATA[SUPERVISOR]]></Field>
	<Field name="GlobalId" type="java.lang.String"><![CDATA[4728c1fd-2973-4abb-9dc2-ef2d2e4431ad]]></Field>
	<Field name="IntVersion" type="com.sunopsis.sql.DbInt"><![CDATA[1]]></Field>
	<Field name="IContext" type="com.sunopsis.sql.DbInt"><![CDATA[3]]></Field>
	<Field name="ILschema" type="com.sunopsis.sql.DbInt"><![CDATA[26]]></Field>
	<Field name="IPschema" type="com.sunopsis.sql.DbInt"><![CDATA[25]]></Field>
	<Field name="LastDate" type="java.sql.Timestamp"><![CDATA[2024-12-24 06:41:59.0]]></Field>
	<Field name="LastUser" type="java.lang.String"><![CDATA[SUPERVISOR]]></Field>
</Object>
<Object class="com.sunopsis.dwg.dbobj.SnpReferencedObject">
		<Field name="IObject" type="com.sunopsis.sql.DbInt"><![CDATA[1700]]></Field>
	<Field name="ObjectPKasString" type="java.lang.String"><![CDATA[3]]></Field>
	<Field name="ObjectAKasString" type="java.lang.String"><![CDATA[DEVELOPMENT]]></Field>
	<Field name="Description" type="java.lang.String"><![CDATA[SNP_CONTEXT : Development]]></Field>
 <Field name="GlobalId" type="java.lang.String"><![CDATA[a63c5f11-2afc-4758-9b02-9209e7672ab4]]></Field>
</Object>
<Object class="com.sunopsis.dwg.dbobj.SnpPschemaCont">
		<Field name="FirstDate" type="java.sql.Timestamp"><![CDATA[2024-12-25 03:41:59.0]]></Field>
	<Field name="FirstUser" type="java.lang.String"><![CDATA[SUPERVISOR]]></Field>
	<Field name="GlobalId" type="java.lang.String"><![CDATA[0499a526-fe58-4938-b5ce-1c90a30f4a3f]]></Field>
	<Field name="IntVersion" type="com.sunopsis.sql.DbInt"><![CDATA[1]]></Field>
	<Field name="IContext" type="com.sunopsis.sql.DbInt"><![CDATA[3]]></Field>
	<Field name="ILschema" type="com.sunopsis.sql.DbInt"><![CDATA[27]]></Field>
	<Field name="IPschema" type="com.sunopsis.sql.DbInt"><![CDATA[26]]></Field>
	<Field name="LastDate" type="java.sql.Timestamp"><![CDATA[2024-12-25 03:41:59.0]]></Field>
	<Field name="LastUser" type="java.lang.String"><![CDATA[SUPERVISOR]]></Field>
</Object>
<Object class="com.sunopsis.dwg.dbobj.SnpReferencedObject">
		<Field name="IObject" type="com.sunopsis.sql.DbInt"><![CDATA[1700]]></Field>
	<Field name="ObjectPKasString" type="java.lang.String"><![CDATA[3]]></Field>
	<Field name="ObjectAKasString" type="java.lang.String"><![CDATA[DEVELOPMENT]]></Field>
	<Field name="Description" type="java.lang.String"><![CDATA[SNP_CONTEXT : Development]]></Field>
 <Field name="GlobalId" type="java.lang.String"><![CDATA[a63c5f11-2afc-4758-9b02-9209e7672ab4]]></Field>
</Object>
<Object class="com.sunopsis.dwg.dbobj.SnpFKXRef">
		<Field name="RefKey" type="java.lang.String"><![CDATA[SNP_CONTEXT.3]]></Field>
	<Field name="RefObjGlobalId" type="java.lang.String"><![CDATA[a63c5f11-2afc-4758-9b02-9209e7672ab4]]></Field>
</Object>
<Object class="com.sunopsis.dwg.dbobj.SnpFKXRef">
		<Field name="RefKey" type="java.lang.String"><![CDATA[SNP_LSCHEMA.14]]></Field>
	<Field name="RefObjGlobalId" type="java.lang.String"><![CDATA[cb6642da-f127-4dc0-a224-20d33a20f023]]></Field>
</Object>
<Object class="com.sunopsis.dwg.dbobj.SnpFKXRef">
		<Field name="RefKey" type="java.lang.String"><![CDATA[SNP_PSCHEMA.13]]></Field>
	<Field name="RefObjGlobalId" type="java.lang.String"><![CDATA[04a8f9c1-d8c1-4d94-b28b-3432176df5af]]></Field>
</Object>
<Object class="com.sunopsis.dwg.dbobj.SnpFKXRef">
		<Field name="RefKey" type="java.lang.String"><![CDATA[SNP_LSCHEMA.24]]></Field>
	<Field name="RefObjGlobalId" type="java.lang.String"><![CDATA[e3d45584-4e8c-4b80-b248-610e0ab292d3]]></Field>
</Object>
<Object class="com.sunopsis.dwg.dbobj.SnpFKXRef">
		<Field name="RefKey" type="java.lang.String"><![CDATA[SNP_PSCHEMA.23]]></Field>
	<Field name="RefObjGlobalId" type="java.lang.String"><![CDATA[8535960c-b2bf-4ae4-ad2f-dd719ab82503]]></Field>
</Object>
<Object class="com.sunopsis.dwg.dbobj.SnpFKXRef">
		<Field name="RefKey" type="java.lang.String"><![CDATA[SNP_LSCHEMA.25]]></Field>
	<Field name="RefObjGlobalId" type="java.lang.String"><![CDATA[27bb246d-8880-4954-8fa2-3e4ab6daeddc]]></Field>
</Object>
<Object class="com.sunopsis.dwg.dbobj.SnpFKXRef">
		<Field name="RefKey" type="java.lang.String"><![CDATA[SNP_PSCHEMA.24]]></Field>
	<Field name="RefObjGlobalId" type="java.lang.String"><![CDATA[65acb4ba-d698-4f81-ba5f-663215a78427]]></Field>
</Object>
<Object class="com.sunopsis.dwg.dbobj.SnpFKXRef">
		<Field name="RefKey" type="java.lang.String"><![CDATA[SNP_LSCHEMA.26]]></Field>
	<Field name="RefObjGlobalId" type="java.lang.String"><![CDATA[b70f4135-bfcf-47b5-bf7d-4a60f1ff69e3]]></Field>
</Object>
<Object class="com.sunopsis.dwg.dbobj.SnpFKXRef">
		<Field name="RefKey" type="java.lang.String"><![CDATA[SNP_PSCHEMA.25]]></Field>
	<Field name="RefObjGlobalId" type="java.lang.String"><![CDATA[fdf99f53-0220-4625-83b4-4c56f7af4f07]]></Field>
</Object>
<Object class="com.sunopsis.dwg.dbobj.SnpFKXRef">
		<Field name="RefKey" type="java.lang.String"><![CDATA[SNP_LSCHEMA.27]]></Field>
	<Field name="RefObjGlobalId" type="java.lang.String"><![CDATA[ce0c9821-52bb-448c-ad79-dd57684d87f8]]></Field>
</Object>
<Object class="com.sunopsis.dwg.dbobj.SnpFKXRef">
		<Field name="RefKey" type="java.lang.String"><![CDATA[SNP_PSCHEMA.26]]></Field>
	<Field name="RefObjGlobalId" type="java.lang.String"><![CDATA[905165af-a5e7-4a56-99ce-c00a65be18ba]]></Field>
</Object>
<Object class="com.sunopsis.dwg.dbobj.SnpMImportRep">
		<Field name="GlobalId" type="java.lang.String"><![CDATA[2514270f-6e94-47f4-b5cf-96c2689174f6]]></Field>
	<Field name="RepGuid" type="java.lang.String"><![CDATA[359f8e51-151f-3f44-a2c1-a359ef69df90]]></Field>
	<Field name="RepShortId" type="com.sunopsis.sql.DbInt"><![CDATA[0]]></Field>
	<Field name="RepTimestamp" type="java.lang.String"><![CDATA[1734952807201]]></Field>
</Object>
<Object class="com.sunopsis.dwg.DwgExportSummary">
		<Field name="ExpTxtNb" type="com.sunopsis.sql.DbInt"><![CDATA[0]]></Field>
	<Field name="InstObjNb" type="com.sunopsis.sql.DbInt"><![CDATA[0]]></Field>
	<Field name="JoinColNb" type="com.sunopsis.sql.DbInt"><![CDATA[0]]></Field>
	<Field name="JoinNb" type="com.sunopsis.sql.DbInt"><![CDATA[0]]></Field>
	<Field name="KeyColNb" type="com.sunopsis.sql.DbInt"><![CDATA[0]]></Field>
	<Field name="KeyNb" type="com.sunopsis.sql.DbInt"><![CDATA[0]]></Field>
	<Field name="LinkDiagNb" type="com.sunopsis.sql.DbInt"><![CDATA[0]]></Field>
	<Field name="MorigTxtNb" type="com.sunopsis.sql.DbInt"><![CDATA[0]]></Field>
	<Field name="MtxtNb" type="com.sunopsis.sql.DbInt"><![CDATA[0]]></Field>
	<Field name="OrigTxtNb" type="com.sunopsis.sql.DbInt"><![CDATA[0]]></Field>
	<Field name="OtherObjectsNb" type="com.sunopsis.sql.DbInt"><![CDATA[6]]></Field>
	<Field name="PlanAgentNb" type="com.sunopsis.sql.DbInt"><![CDATA[0]]></Field>
	<Field name="StepNb" type="com.sunopsis.sql.DbInt"><![CDATA[0]]></Field>
	<Field name="TxtNb" type="com.sunopsis.sql.DbInt"><![CDATA[0]]></Field>
	<Field name="UeOrigNb" type="com.sunopsis.sql.DbInt"><![CDATA[0]]></Field>
	<Field name="UeUsedNb" type="com.sunopsis.sql.DbInt"><![CDATA[0]]></Field>
	<Field name="VarPlanAgentNb" type="com.sunopsis.sql.DbInt"><![CDATA[0]]></Field>
	<Field name="ScenTxtNb" type="com.sunopsis.sql.DbInt"><![CDATA[0]]></Field>
	<Field name="OdiVersion" type="java.lang.String"><![CDATA[12.1.3 - 17/06/2014]]></Field>
	<Field name="OriginRepositoryID" type="com.sunopsis.sql.DbInt"><![CDATA[0]]></Field>
	<Field name="RepositoryVersion" type="java.lang.String"><![CDATA[05.01.02.02]]></Field>
</Object>
</SunopsisExport>
