<?xml version="1.0" encoding="ISO-8859-1"?>
<SunopsisExport>
<Admin RepositoryVersion="05.01.02.02" IsLegacyIdCompatible="false" />
<Encryption algorithm="AES" keyLength="128" exportKeyHash="v2vIhhJ0CZ/vF3REtLepWuN5moAWY7qwTXmpbVkx8B0=" keyVect="CuqR4XX025CSh0ZYTKwNtg==" exportKeySalt="370107f9-5a73-4c1e-a67b-c3c2027300d8" containsCipherText="false"/>
<Object class="com.sunopsis.dwg.dbobj.SnpTechno">
		<Field name="CatalogTerm" type="java.lang.String"><![CDATA[CATALOG_DATABASE]]></Field>
	<Field name="ColAliasWord" type="java.lang.String"><![CDATA[as]]></Field>
	<Field name="DateFct" type="java.lang.String"><![CDATA[getdate()]]></Field>
	<Field name="DdlDateMask" type="java.lang.String"><![CDATA[DATETIME]]></Field>
	<Field name="DdlLongrawMask" type="java.lang.String"><![CDATA[IMAGE]]></Field>
	<Field name="DdlNull" type="java.lang.String"><![CDATA[NULL]]></Field>
	<Field name="DdlNumericMask" type="java.lang.String"><![CDATA[NUMERIC(%L,%P)]]></Field>
	<Field name="DdlVarcharMask" type="java.lang.String"><![CDATA[VARCHAR(%L)]]></Field>
	<Field name="DefColPrfTab" type="java.lang.String"><![CDATA[C$_]]></Field>
	<Field name="DefErrPrfTab" type="java.lang.String"><![CDATA[E$_]]></Field>
	<Field name="DefIdxPrfTab" type="java.lang.String"><![CDATA[IX$_]]></Field>
	<Field name="DefIntPrfTab" type="java.lang.String"><![CDATA[I$_]]></Field>
	<Field name="DefJrnPrfTab" type="java.lang.String"><![CDATA[J$]]></Field>
	<Field name="DefJrnPrfTrg" type="java.lang.String"><![CDATA[T$]]></Field>
	<Field name="DefJrnPrfVie" type="java.lang.String"><![CDATA[JV$]]></Field>
	<Field name="DefUnqCharSpec" type="java.lang.String"><![CDATA[BASE64]]></Field>
	<Field name="DefValueWord" type="java.lang.String"><![CDATA[DEFAULT]]></Field>
	<Field name="DserverTerm" type="java.lang.String"><![CDATA[DSERVER_SERVER]]></Field>
	<Field name="ExecPlanRequest" type="java.lang.String">null</Field>
	<Field name="ExeChanel" type="java.lang.String"><![CDATA[J]]></Field>
	<Field name="ExpGroupBy" type="java.lang.String"><![CDATA[1]]></Field>
	<Field name="ExpHaving" type="java.lang.String"><![CDATA[1]]></Field>
	<Field name="ExpOrderBy" type="java.lang.String"><![CDATA[1]]></Field>
	<Field name="ExtVersion" type="java.lang.String">null</Field>
	<Field name="FirstDate" type="java.sql.Timestamp"><![CDATA[2024-12-23 06:21:07.0]]></Field>
	<Field name="FirstUser" type="java.lang.String"><![CDATA[SUNOPSIS_INSTALL]]></Field>
	<Field name="GetDateRequest" type="java.lang.String"><![CDATA[SELECT GETDATE()]]></Field>
	<Field name="GetSeqCurrRequest" type="java.lang.String">null</Field>
	<Field name="GetSeqRequest" type="java.lang.String">null</Field>
	<Field name="GlobalId" type="java.lang.String"><![CDATA[f6e107a3-aef1-3869-b7ad-b4f9b70c9d65]]></Field>
	<Field name="IndCatalog" type="java.lang.String"><![CDATA[1]]></Field>
	<Field name="IndChange" type="java.lang.String"><![CDATA[I]]></Field>
	<Field name="IndDserver" type="java.lang.String"><![CDATA[1]]></Field>
	<Field name="IndFileParam" type="java.lang.String"><![CDATA[0]]></Field>
	<Field name="IndLogical" type="java.lang.String"><![CDATA[1]]></Field>
	<Field name="IndPartition" type="java.lang.String"><![CDATA[N]]></Field>
	<Field name="IndPhysical" type="java.lang.String"><![CDATA[1]]></Field>
	<Field name="IndSchema" type="java.lang.String"><![CDATA[1]]></Field>
	<Field name="IndSequence" type="java.lang.String"><![CDATA[0]]></Field>
	<Field name="IndSuppDrvdTbl" type="java.lang.String"><![CDATA[1]]></Field>
	<Field name="IndSuppSelLk" type="java.lang.String"><![CDATA[1]]></Field>
	<Field name="IndSuppSetOperator" type="java.lang.String"><![CDATA[1]]></Field>
	<Field name="IntVersion" type="com.sunopsis.sql.DbInt"><![CDATA[1]]></Field>
	<Field name="IAkTxt" type="com.sunopsis.sql.DbInt"><![CDATA[138]]></Field>
	<Field name="ICheckTxt" type="com.sunopsis.sql.DbInt"><![CDATA[136]]></Field>
	<Field name="IFkTxt" type="com.sunopsis.sql.DbInt"><![CDATA[137]]></Field>
	<Field name="IIndexTxt" type="com.sunopsis.sql.DbInt"><![CDATA[135]]></Field>
	<Field name="IPkTxt" type="com.sunopsis.sql.DbInt"><![CDATA[139]]></Field>
	<Field name="ISeqTxt" type="com.sunopsis.sql.DbInt"><![CDATA[null]]></Field>
	<Field name="ITechno" type="com.sunopsis.sql.DbInt"><![CDATA[76]]></Field>
	<Field name="JoinBrace" type="java.lang.String"><![CDATA[1]]></Field>
	<Field name="JoinCap" type="java.lang.String"><![CDATA[2]]></Field>
	<Field name="JoinClauseOn" type="java.lang.String"><![CDATA[F]]></Field>
	<Field name="JoinCross" type="java.lang.String"><![CDATA[CROSS JOIN]]></Field>
	<Field name="JoinFull" type="java.lang.String"><![CDATA[FULL JOIN]]></Field>
	<Field name="JoinIn" type="java.lang.String"><![CDATA[INNER JOIN]]></Field>
	<Field name="JoinLeftOut" type="java.lang.String"><![CDATA[LEFT JOIN]]></Field>
	<Field name="JoinNatural" type="java.lang.String">null</Field>
	<Field name="JoinOuter" type="java.lang.String">null</Field>
	<Field name="JoinOuterBa" type="java.lang.String">null</Field>
	<Field name="JoinOuterLoc" type="java.lang.String">null</Field>
	<Field name="JoinOuterSide" type="java.lang.String">null</Field>
	<Field name="JoinRightOut" type="java.lang.String"><![CDATA[RIGHT JOIN]]></Field>
	<Field name="LastDate" type="java.sql.Timestamp"><![CDATA[2024-12-23 06:21:07.0]]></Field>
	<Field name="LastUser" type="java.lang.String"><![CDATA[SUNOPSIS_INSTALL]]></Field>
	<Field name="LocObjPattern" type="java.lang.String"><![CDATA[%CATALOG.%SCHEMA.%OBJECT]]></Field>
	<Field name="LocSeqCurrPattern" type="java.lang.String">null</Field>
	<Field name="LocSeqPattern" type="java.lang.String">null</Field>
	<Field name="MaxColNameLen" type="com.sunopsis.sql.DbInt"><![CDATA[128]]></Field>
	<Field name="MaxTabNameLen" type="com.sunopsis.sql.DbInt"><![CDATA[128]]></Field>
	<Field name="PartPattern" type="java.lang.String">null</Field>
	<Field name="RemObjPattern" type="java.lang.String"><![CDATA[%DSERVER.%CATALOG.%SCHEMA.%OBJECT]]></Field>
	<Field name="RemSeqCurrPattern" type="java.lang.String">null</Field>
	<Field name="RemSeqPattern" type="java.lang.String">null</Field>
	<Field name="SchemaTerm" type="java.lang.String"><![CDATA[SCHEMA_OWNER]]></Field>
	<Field name="SetOperatorLst" type="java.lang.String"><![CDATA[UNION,UNION ALL,EXCEPT,INTERSECT]]></Field>
	<Field name="SqlCap" type="java.lang.String"><![CDATA[1]]></Field>
	<Field name="SubPartPattern" type="java.lang.String">null</Field>
	<Field name="TabAliasWord" type="java.lang.String"><![CDATA[as]]></Field>
	<Field name="TechnoName" type="java.lang.String"><![CDATA[Microsoft SQL Server]]></Field>
	<Field name="TechIntName" type="java.lang.String"><![CDATA[MICROSOFT_SQL_SERVER]]></Field>
	<Field name="WhereCap" type="java.lang.String"><![CDATA[1]]></Field>
</Object>
<Object class="com.sunopsis.dwg.dbobj.SnpIndexType">
		<Field name="ExtVersion" type="java.lang.String">null</Field>
	<Field name="FirstDate" type="java.sql.Timestamp"><![CDATA[2024-12-23 06:21:07.0]]></Field>
	<Field name="FirstUser" type="java.lang.String"><![CDATA[SUNOPSIS_INSTALL]]></Field>
	<Field name="GlobalId" type="java.lang.String"><![CDATA[8c2a67d9-678e-3715-b112-303f17bb5df3]]></Field>
	<Field name="IndexTypeCode" type="java.lang.String"><![CDATA[NON_UNIQUE]]></Field>
	<Field name="IndexTypeName" type="java.lang.String"><![CDATA[Non-Unique]]></Field>
	<Field name="IndChange" type="java.lang.String"><![CDATA[I]]></Field>
	<Field name="IIndexType" type="com.sunopsis.sql.DbInt"><![CDATA[40]]></Field>
	<Field name="IItypeClauseTxt" type="com.sunopsis.sql.DbInt"><![CDATA[null]]></Field>
	<Field name="IItypeDescTxt" type="com.sunopsis.sql.DbInt"><![CDATA[132]]></Field>
	<Field name="ITechno" type="com.sunopsis.sql.DbInt"><![CDATA[76]]></Field>
	<Field name="LastDate" type="java.sql.Timestamp"><![CDATA[2024-12-23 06:21:07.0]]></Field>
	<Field name="LastUser" type="java.lang.String"><![CDATA[SUNOPSIS_INSTALL]]></Field>
</Object>
<Object class="com.sunopsis.dwg.dbobj.SnpMtxt">
		<Field name="Enc" type="java.lang.String">null</Field>
	<Field name="EncKey" type="java.lang.String">null</Field>
	<Field name="EncKeyVect" type="java.lang.String">null</Field>
	<Field name="FullTxt" type="java.lang.String"><![CDATA[Non-Unique Index]]></Field>
	<Field name="GlobalId" type="java.lang.String"><![CDATA[67f6978c-3561-3177-aa65-9c054ac41156]]></Field>
	<Field name="ITxt" type="com.sunopsis.sql.DbInt"><![CDATA[132]]></Field>
	<Field name="ITxtOrig" type="com.sunopsis.sql.DbInt"><![CDATA[20]]></Field>
	<Field name="Txt" type="java.lang.String"><![CDATA[Non-Unique Index]]></Field>
</Object>
<Object class="com.sunopsis.dwg.dbobj.SnpMorigTxt">
		<Field name="ITxtOrig" type="com.sunopsis.sql.DbInt"><![CDATA[20]]></Field>
	<Field name="OrigineName" type="java.lang.String"><![CDATA[SnpMorigTxt.IndexType.Description]]></Field>
	<Field name="SnpsCol" type="java.lang.String"><![CDATA[I_ITYPE_DESC_TXT]]></Field>
	<Field name="SnpsTable" type="java.lang.String"><![CDATA[SNP_INDEX_TYPE]]></Field>
</Object>
<Object class="com.sunopsis.dwg.dbobj.SnpIndexType">
		<Field name="ExtVersion" type="java.lang.String">null</Field>
	<Field name="FirstDate" type="java.sql.Timestamp"><![CDATA[2024-12-23 06:21:07.0]]></Field>
	<Field name="FirstUser" type="java.lang.String"><![CDATA[SUNOPSIS_INSTALL]]></Field>
	<Field name="GlobalId" type="java.lang.String"><![CDATA[0914edaf-3b81-3182-be90-9087e69076f7]]></Field>
	<Field name="IndexTypeCode" type="java.lang.String"><![CDATA[UNIQUE]]></Field>
	<Field name="IndexTypeName" type="java.lang.String"><![CDATA[Unique]]></Field>
	<Field name="IndChange" type="java.lang.String"><![CDATA[I]]></Field>
	<Field name="IIndexType" type="com.sunopsis.sql.DbInt"><![CDATA[41]]></Field>
	<Field name="IItypeClauseTxt" type="com.sunopsis.sql.DbInt"><![CDATA[134]]></Field>
	<Field name="IItypeDescTxt" type="com.sunopsis.sql.DbInt"><![CDATA[133]]></Field>
	<Field name="ITechno" type="com.sunopsis.sql.DbInt"><![CDATA[76]]></Field>
	<Field name="LastDate" type="java.sql.Timestamp"><![CDATA[2024-12-23 06:21:07.0]]></Field>
	<Field name="LastUser" type="java.lang.String"><![CDATA[SUNOPSIS_INSTALL]]></Field>
</Object>
<Object class="com.sunopsis.dwg.dbobj.SnpMtxt">
		<Field name="Enc" type="java.lang.String">null</Field>
	<Field name="EncKey" type="java.lang.String">null</Field>
	<Field name="EncKeyVect" type="java.lang.String">null</Field>
	<Field name="FullTxt" type="java.lang.String"><![CDATA[Unique Index]]></Field>
	<Field name="GlobalId" type="java.lang.String"><![CDATA[7bb0c099-7a75-34e4-a342-807180509098]]></Field>
	<Field name="ITxt" type="com.sunopsis.sql.DbInt"><![CDATA[133]]></Field>
	<Field name="ITxtOrig" type="com.sunopsis.sql.DbInt"><![CDATA[20]]></Field>
	<Field name="Txt" type="java.lang.String"><![CDATA[Unique Index]]></Field>
</Object>
<Object class="com.sunopsis.dwg.dbobj.SnpMtxt">
		<Field name="Enc" type="java.lang.String">null</Field>
	<Field name="EncKey" type="java.lang.String">null</Field>
	<Field name="EncKeyVect" type="java.lang.String">null</Field>
	<Field name="FullTxt" type="java.lang.String"><![CDATA[UNIQUE]]></Field>
	<Field name="GlobalId" type="java.lang.String"><![CDATA[2b7c7653-5934-3065-9c24-511f34704de0]]></Field>
	<Field name="ITxt" type="com.sunopsis.sql.DbInt"><![CDATA[134]]></Field>
	<Field name="ITxtOrig" type="com.sunopsis.sql.DbInt"><![CDATA[21]]></Field>
	<Field name="Txt" type="java.lang.String"><![CDATA[UNIQUE]]></Field>
</Object>
<Object class="com.sunopsis.dwg.dbobj.SnpMorigTxt">
		<Field name="ITxtOrig" type="com.sunopsis.sql.DbInt"><![CDATA[21]]></Field>
	<Field name="OrigineName" type="java.lang.String"><![CDATA[SnpMorigTxt.IndexType.ClauseTxt]]></Field>
	<Field name="SnpsCol" type="java.lang.String"><![CDATA[I_ITYPE_CLAUSE_TXT]]></Field>
	<Field name="SnpsTable" type="java.lang.String"><![CDATA[SNP_INDEX_TYPE]]></Field>
</Object>
<Object class="com.sunopsis.dwg.dbobj.SnpMtxt">
		<Field name="Enc" type="java.lang.String">null</Field>
	<Field name="EncKey" type="java.lang.String">null</Field>
	<Field name="EncKeyVect" type="java.lang.String">null</Field>
	<Field name="FullTxt" type="java.lang.String"><![CDATA[select I.name index_name, index_col(:CATALOG + '.' + :SCHEMA + '.' + :TABLE, K.indid, K.keyno) column_name
from sysindexes I , sysindexkeys K
where I.id = object_id (:CATALOG + '.' + :SCHEMA + '.' + :TABLE)
and I.indid > 0
and I.indid < 255
and (I.status & 64)=0
and I.id=K.id
and I.indid=K.indid
order by I.indid]]></Field>
	<Field name="GlobalId" type="java.lang.String"><![CDATA[dd08219f-5b21-3754-8fc1-a21b8e580e86]]></Field>
	<Field name="ITxt" type="com.sunopsis.sql.DbInt"><![CDATA[135]]></Field>
	<Field name="ITxtOrig" type="com.sunopsis.sql.DbInt"><![CDATA[2]]></Field>
	<Field name="Txt" type="java.lang.String"><![CDATA[select I.name index_name, index_col(:CATALOG + '.' + :SCHEMA + '.' + :TABLE, K.indid, K.keyno) column_name
from sysindexes I , sysindexkeys K
where I.id = object_id (:CATALOG + '.' + :SCHEMA + '.' + :TABLE)
and I.indid > 0
and I.indid < 255
and (I.status & 64)=0
and I.id=K.id
and I.indid=K.indid
order by I.indid]]></Field>
</Object>
<Object class="com.sunopsis.dwg.dbobj.SnpMorigTxt">
		<Field name="ITxtOrig" type="com.sunopsis.sql.DbInt"><![CDATA[2]]></Field>
	<Field name="OrigineName" type="java.lang.String"><![CDATA[MOrigTxt.Action.ActionLine]]></Field>
	<Field name="SnpsCol" type="java.lang.String"><![CDATA[I_TXT_ACTION]]></Field>
	<Field name="SnpsTable" type="java.lang.String"><![CDATA[SNP_LINE_ACTION]]></Field>
</Object>
<Object class="com.sunopsis.dwg.dbobj.SnpMtxt">
		<Field name="Enc" type="java.lang.String">null</Field>
	<Field name="EncKey" type="java.lang.String">null</Field>
	<Field name="EncKeyVect" type="java.lang.String">null</Field>
	<Field name="FullTxt" type="java.lang.String"><![CDATA[select
	T.constraint_name CHECK_NAME,
	check_clause CHECK_TXT,
	1 CHECK_STATUS,
	'' CHECK_DESC
from INFORMATION_SCHEMA.TABLE_CONSTRAINTS T, INFORMATION_SCHEMA.CHECK_CONSTRAINTS C
where T.constraint_TYPE='CHECK'
and C.constraint_name=T.constraint_name
and T.table_catalog = :CATALOG
and T.table_schema = :SCHEMA
and T.table_name = :TABLE]]></Field>
	<Field name="GlobalId" type="java.lang.String"><![CDATA[0d8e68d1-6d6d-3c21-9bf9-f1ddb2f732e3]]></Field>
	<Field name="ITxt" type="com.sunopsis.sql.DbInt"><![CDATA[136]]></Field>
	<Field name="ITxtOrig" type="com.sunopsis.sql.DbInt"><![CDATA[2]]></Field>
	<Field name="Txt" type="java.lang.String"><![CDATA[select
	T.constraint_name CHECK_NAME,
	check_clause CHECK_TXT,
	1 CHECK_STATUS,
	'' CHECK_DESC
from INFORMATION_SCHEMA.TABLE_CONSTRAINTS T, INFORMATION_SCHEMA.CHECK_CONSTRAINTS C
where T.constraint_TYPE='CHECK'
and C.constraint_name=T.constraint_name
and T.table_catalog = :CATALOG
and T.table_schema = :SCHEMA
and T.table_name = :TABLE]]></Field>
</Object>
<Object class="com.sunopsis.dwg.dbobj.SnpMtxt">
		<Field name="Enc" type="java.lang.String">null</Field>
	<Field name="EncKey" type="java.lang.String">null</Field>
	<Field name="EncKeyVect" type="java.lang.String">null</Field>
	<Field name="FullTxt" type="java.lang.String"><![CDATA[Select	refkeys.TABLE_NAME   		PK_TABLE_NAME,
	cols.CONSTRAINT_NAME		FK_NAME, 
	cols.COLUMN_NAME		FK_COLUMN_NAME,
	refkeys.column_name		PK_COLUMN_NAME
From	INFORMATION_SCHEMA.TABLE_CONSTRAINTS cons,
   	INFORMATION_SCHEMA.KEY_COLUMN_USAGE cols,
	INFORMATION_SCHEMA.REFERENTIAL_CONSTRAINTS ref,
	INFORMATION_SCHEMA.KEY_COLUMN_USAGE refkeys
Where	cons.CONSTRAINT_CATALOG = cols.CONSTRAINT_CATALOG
and	cons.CONSTRAINT_SCHEMA = cols.CONSTRAINT_SCHEMA
and	cons.CONSTRAINT_NAME	= cols.CONSTRAINT_NAME
and	cons.CONSTRAINT_TYPE ='FOREIGN KEY'
and	ref.constraint_name = cons.constraint_name 
and	ref.CONSTRAINT_CATALOG = cons.CONSTRAINT_CATALOG
and	ref.CONSTRAINT_SCHEMA = cons.CONSTRAINT_SCHEMA
and	ref.unique_constraint_name = refkeys.constraint_name 
and 	ref.CONSTRAINT_CATALOG = refkeys.CONSTRAINT_CATALOG
and	ref.CONSTRAINT_SCHEMA = refkeys.CONSTRAINT_SCHEMA
and 	cols.ORDINAL_POSITION = refkeys.ORDINAL_POSITION
and 	cons.table_name = :TABLE
and	cons.table_schema =  :SCHEMA
order by cols.CONSTRAINT_NAME,cols.ORDINAL_POSITION	

]]></Field>
	<Field name="GlobalId" type="java.lang.String"><![CDATA[e548b76b-e5a7-3589-84c3-b3c6377ba6ee]]></Field>
	<Field name="ITxt" type="com.sunopsis.sql.DbInt"><![CDATA[137]]></Field>
	<Field name="ITxtOrig" type="com.sunopsis.sql.DbInt"><![CDATA[16]]></Field>
	<Field name="Txt" type="java.lang.String"><![CDATA[Select	refkeys.TABLE_NAME   		PK_TABLE_NAME,
	cols.CONSTRAINT_NAME		FK_NAME, 
	cols.COLUMN_NAME		FK_COLUMN_NAME,
	refkeys.column_name		PK_COLUMN_NAME
From	INFORMATION_SCHEMA.TABLE_CONSTRAINTS cons,
   	INFORMATION_SCHEMA.KEY_COLUMN_USAGE cols,
	INFORMATION_SCHEMA.REFERENTIAL_CONSTRAINTS ref,
	INFORMATION_SCHEMA.KEY_COLUMN_USAGE refkeys
Where	cons.CONSTRAINT_CATALOG = cols.CONSTRAINT_CATALOG
and	cons.CONSTRAINT_SCHEMA = cols.CONSTRAINT_SCHEMA
and	cons.CONSTRAINT_NAME	= cols.CONSTRAINT_NAME
and	cons.CONSTRAINT_TYPE ='FOREIGN KEY'
and	ref.constraint_name = cons.constraint_name 
and	ref.CONSTRAINT_CATALOG = cons.CONSTRAINT_CATALOG
and	ref.CONSTRAINT_SCHEMA = cons.CONSTRAINT_SCHEMA
and	ref.unique_constraint_name = refkeys.constraint_name 
and 	ref.CONSTRAINT_CATALOG = refkeys.CONSTRAINT_CATALOG
and	ref.CONSTRAINT_SCHEMA = refkeys.CONSTRAINT_SCHEMA
and 	cols.ORDINAL_POSITION = refkeys.ORDINAL_POSITION
and 	cons.table_name = :TABLE
and	cons.table_schema =  :SCHEMA
order by cols.CONSTRAINT_NAME,cols.ORDINAL_POSITION	

]]></Field>
</Object>
<Object class="com.sunopsis.dwg.dbobj.SnpMorigTxt">
		<Field name="ITxtOrig" type="com.sunopsis.sql.DbInt"><![CDATA[16]]></Field>
	<Field name="OrigineName" type="java.lang.String"><![CDATA[SnpMorigTxt.Techno.FkReverseTxt]]></Field>
	<Field name="SnpsCol" type="java.lang.String"><![CDATA[I_FK_TXT]]></Field>
	<Field name="SnpsTable" type="java.lang.String"><![CDATA[SNP_TECHNO]]></Field>
</Object>
<Object class="com.sunopsis.dwg.dbobj.SnpMtxt">
		<Field name="Enc" type="java.lang.String">null</Field>
	<Field name="EncKey" type="java.lang.String">null</Field>
	<Field name="EncKeyVect" type="java.lang.String">null</Field>
	<Field name="FullTxt" type="java.lang.String"><![CDATA[Select	
	cols.CONSTRAINT_NAME		AK_NAME, 
	cols.COLUMN_NAME		COLUMN_NAME,
	cols.ORDINAL_POSITION		POS
From	INFORMATION_SCHEMA.TABLE_CONSTRAINTS cons,
     	INFORMATION_SCHEMA.KEY_COLUMN_USAGE cols
Where	cons.CONSTRAINT_TYPE 	= 'UNIQUE'
and	cols.TABLE_SCHEMA	= :SCHEMA 
and	cols.TABLE_NAME  =  :TABLE
and	cons.CONSTRAINT_CATALOG = cols.CONSTRAINT_CATALOG
and	cons.CONSTRAINT_SCHEMA = cols.CONSTRAINT_SCHEMA
and	cons.CONSTRAINT_NAME	= cols.CONSTRAINT_NAME
order by cols.CONSTRAINT_NAME,cols.ORDINAL_POSITION	

]]></Field>
	<Field name="GlobalId" type="java.lang.String"><![CDATA[30df19d7-7fc5-3002-bf82-4144d7eabbe9]]></Field>
	<Field name="ITxt" type="com.sunopsis.sql.DbInt"><![CDATA[138]]></Field>
	<Field name="ITxtOrig" type="com.sunopsis.sql.DbInt"><![CDATA[2]]></Field>
	<Field name="Txt" type="java.lang.String"><![CDATA[Select	
	cols.CONSTRAINT_NAME		AK_NAME, 
	cols.COLUMN_NAME		COLUMN_NAME,
	cols.ORDINAL_POSITION		POS
From	INFORMATION_SCHEMA.TABLE_CONSTRAINTS cons,
     	INFORMATION_SCHEMA.KEY_COLUMN_USAGE cols
Where	cons.CONSTRAINT_TYPE 	= 'UNIQUE'
and	cols.TABLE_SCHEMA	= :SCHEMA 
and	cols.TABLE_NAME  =  :TABLE
and	cons.CONSTRAINT_CATALOG = cols.CONSTRAINT_CATALOG
and	cons.CONSTRAINT_SCHEMA = cols.CONSTRAINT_SCHEMA
and	cons.CONSTRAINT_NAME	= cols.CONSTRAINT_NAME
order by cols.CONSTRAINT_NAME,cols.ORDINAL_POSITION	

]]></Field>
</Object>
<Object class="com.sunopsis.dwg.dbobj.SnpMtxt">
		<Field name="Enc" type="java.lang.String">null</Field>
	<Field name="EncKey" type="java.lang.String">null</Field>
	<Field name="EncKeyVect" type="java.lang.String">null</Field>
	<Field name="FullTxt" type="java.lang.String"><![CDATA[Select	
	cols.CONSTRAINT_NAME		PK_NAME, 
	cols.COLUMN_NAME		COLUMN_NAME,
	cols.ORDINAL_POSITION		POS
From	INFORMATION_SCHEMA.TABLE_CONSTRAINTS cons,
     	INFORMATION_SCHEMA.KEY_COLUMN_USAGE cols
Where	cons.CONSTRAINT_TYPE 	= 'PRIMARY KEY'
and	cols.TABLE_CATALOG	= :CATALOG
and	cols.TABLE_SCHEMA	= :SCHEMA 
and	cols.TABLE_NAME  =  :TABLE
and	cons.CONSTRAINT_CATALOG = cols.CONSTRAINT_CATALOG
and	cons.CONSTRAINT_SCHEMA = cols.CONSTRAINT_SCHEMA
and	cons.CONSTRAINT_NAME	= cols.CONSTRAINT_NAME
order by cols.CONSTRAINT_NAME,cols.ORDINAL_POSITION	]]></Field>
	<Field name="GlobalId" type="java.lang.String"><![CDATA[082a108b-60a0-392e-95b5-6272b0a9b94f]]></Field>
	<Field name="ITxt" type="com.sunopsis.sql.DbInt"><![CDATA[139]]></Field>
	<Field name="ITxtOrig" type="com.sunopsis.sql.DbInt"><![CDATA[15]]></Field>
	<Field name="Txt" type="java.lang.String"><![CDATA[Select	
	cols.CONSTRAINT_NAME		PK_NAME, 
	cols.COLUMN_NAME		COLUMN_NAME,
	cols.ORDINAL_POSITION		POS
From	INFORMATION_SCHEMA.TABLE_CONSTRAINTS cons,
     	INFORMATION_SCHEMA.KEY_COLUMN_USAGE cols
Where	cons.CONSTRAINT_TYPE 	= 'PRIMARY KEY'
and	cols.TABLE_CATALOG	= :CATALOG
and	cols.TABLE_SCHEMA	= :SCHEMA 
and	cols.TABLE_NAME  =  :TABLE
and	cons.CONSTRAINT_CATALOG = cols.CONSTRAINT_CATALOG
and	cons.CONSTRAINT_SCHEMA = cols.CONSTRAINT_SCHEMA
and	cons.CONSTRAINT_NAME	= cols.CONSTRAINT_NAME
order by cols.CONSTRAINT_NAME,cols.ORDINAL_POSITION	]]></Field>
</Object>
<Object class="com.sunopsis.dwg.dbobj.SnpMorigTxt">
		<Field name="ITxtOrig" type="com.sunopsis.sql.DbInt"><![CDATA[15]]></Field>
	<Field name="OrigineName" type="java.lang.String"><![CDATA[SnpMorigTxt.Techno.PkReverseTxt]]></Field>
	<Field name="SnpsCol" type="java.lang.String"><![CDATA[I_PK_TXT]]></Field>
	<Field name="SnpsTable" type="java.lang.String"><![CDATA[SNP_TECHNO]]></Field>
</Object>
<Object class="com.sunopsis.dwg.dbobj.SnpGrpAction">
		<Field name="FirstDate" type="java.sql.Timestamp"><![CDATA[2024-12-23 06:21:07.0]]></Field>
	<Field name="FirstUser" type="java.lang.String"><![CDATA[SUNOPSIS_INSTALL]]></Field>
	<Field name="GlobalId" type="java.lang.String"><![CDATA[efe8f5ed-5cd5-3639-b685-1907573939a1]]></Field>
	<Field name="GrpCode" type="java.lang.String"><![CDATA[MICROSOFT_SQL_SERVER_DEFAULT]]></Field>
	<Field name="GrpName" type="java.lang.String"><![CDATA[Microsoft SQL Server Default]]></Field>
	<Field name="IndDefault" type="java.lang.String"><![CDATA[1]]></Field>
	<Field name="IGrpAction" type="com.sunopsis.sql.DbInt"><![CDATA[6]]></Field>
	<Field name="ITechno" type="com.sunopsis.sql.DbInt"><![CDATA[76]]></Field>
	<Field name="ITxtDesc" type="com.sunopsis.sql.DbInt"><![CDATA[null]]></Field>
	<Field name="LastDate" type="java.sql.Timestamp"><![CDATA[2024-12-23 06:21:07.0]]></Field>
	<Field name="LastUser" type="java.lang.String"><![CDATA[SUNOPSIS_INSTALL]]></Field>
</Object>
<Object class="com.sunopsis.dwg.dbobj.SnpAction">
		<Field name="ActionName" type="java.lang.String"><![CDATA[Create Index]]></Field>
	<Field name="ActionType" type="com.sunopsis.sql.DbInt"><![CDATA[5]]></Field>
	<Field name="FirstDate" type="java.sql.Timestamp"><![CDATA[2024-12-23 06:21:07.0]]></Field>
	<Field name="FirstUser" type="java.lang.String"><![CDATA[SUNOPSIS_INSTALL]]></Field>
	<Field name="GlobalId" type="java.lang.String"><![CDATA[5b37e48f-6a7e-3048-ada8-6550e31cfc6d]]></Field>
	<Field name="IAction" type="com.sunopsis.sql.DbInt"><![CDATA[17]]></Field>
	<Field name="IGrpAction" type="com.sunopsis.sql.DbInt"><![CDATA[6]]></Field>
	<Field name="ITxtDesc" type="com.sunopsis.sql.DbInt"><![CDATA[141]]></Field>
	<Field name="LastDate" type="java.sql.Timestamp"><![CDATA[2024-12-23 06:21:07.0]]></Field>
	<Field name="LastUser" type="java.lang.String"><![CDATA[SUNOPSIS_INSTALL]]></Field>
</Object>
<Object class="com.sunopsis.dwg.dbobj.SnpLineAction">
		<Field name="ConnectId" type="java.lang.String">null</Field>
	<Field name="FirstDate" type="java.sql.Timestamp"><![CDATA[2024-12-23 06:21:07.0]]></Field>
	<Field name="FirstUser" type="java.lang.String"><![CDATA[SUNOPSIS_INSTALL]]></Field>
	<Field name="GlobalId" type="java.lang.String"><![CDATA[3316f625-fc09-33ea-ad6e-4465d3b567fe]]></Field>
	<Field name="IgnoreError" type="java.lang.String"><![CDATA[0]]></Field>
	<Field name="IndCommit" type="java.lang.String"><![CDATA[0]]></Field>
	<Field name="IndLogMethod" type="java.lang.String">null</Field>
	<Field name="IndLogNb" type="java.lang.String"><![CDATA[3]]></Field>
	<Field name="IsolLevel" type="java.lang.String">null</Field>
	<Field name="IAction" type="com.sunopsis.sql.DbInt"><![CDATA[17]]></Field>
	<Field name="ITxtAction" type="com.sunopsis.sql.DbInt"><![CDATA[140]]></Field>
	<Field name="LastDate" type="java.sql.Timestamp"><![CDATA[2024-12-23 06:21:07.0]]></Field>
	<Field name="LastUser" type="java.lang.String"><![CDATA[SUNOPSIS_INSTALL]]></Field>
	<Field name="LineActionName" type="java.lang.String"><![CDATA[Create Index]]></Field>
	<Field name="OrdAction" type="com.sunopsis.sql.DbInt"><![CDATA[0]]></Field>
</Object>
<Object class="com.sunopsis.dwg.dbobj.SnpMtxt">
		<Field name="Enc" type="java.lang.String">null</Field>
	<Field name="EncKey" type="java.lang.String">null</Field>
	<Field name="EncKeyVect" type="java.lang.String">null</Field>
	<Field name="FullTxt" type="java.lang.String"><![CDATA[create index <%=odiRef.getIndex("KEY_NAME")%>
on <%=odiRef.getTable("L", "TARG_NAME", "A")%> <%=odiRef.getIndexColList("(", "[COL_NAME]", ", ", ")")%>
]]></Field>
	<Field name="GlobalId" type="java.lang.String"><![CDATA[312872fb-9ffa-3907-ae12-c37c74817809]]></Field>
	<Field name="ITxt" type="com.sunopsis.sql.DbInt"><![CDATA[140]]></Field>
	<Field name="ITxtOrig" type="com.sunopsis.sql.DbInt"><![CDATA[2]]></Field>
	<Field name="Txt" type="java.lang.String"><![CDATA[create index <%=odiRef.getIndex("KEY_NAME")%>
on <%=odiRef.getTable("L", "TARG_NAME", "A")%> <%=odiRef.getIndexColList("(", "[COL_NAME]", ", ", ")")%>
]]></Field>
</Object>
<Object class="com.sunopsis.dwg.dbobj.SnpMtxt">
		<Field name="Enc" type="java.lang.String">null</Field>
	<Field name="EncKey" type="java.lang.String">null</Field>
	<Field name="EncKeyVect" type="java.lang.String">null</Field>
	<Field name="FullTxt" type="java.lang.String"><![CDATA[Author: Oracle
Version: 11.1.1.4.0
Last Update: JAN-2011

Description :
Creates an index on a MSSQL table

Restrictions:
]]></Field>
	<Field name="GlobalId" type="java.lang.String"><![CDATA[cffc2057-6b92-3285-b4ef-74f8429e090f]]></Field>
	<Field name="ITxt" type="com.sunopsis.sql.DbInt"><![CDATA[141]]></Field>
	<Field name="ITxtOrig" type="com.sunopsis.sql.DbInt"><![CDATA[1]]></Field>
	<Field name="Txt" type="java.lang.String"><![CDATA[Author: Oracle
Version: 11.1.1.4.0
Last Update: JAN-2011

Description :
Creates an index on a MSSQL table

Restrictions:
]]></Field>
</Object>
<Object class="com.sunopsis.dwg.dbobj.SnpMorigTxt">
		<Field name="ITxtOrig" type="com.sunopsis.sql.DbInt"><![CDATA[1]]></Field>
	<Field name="OrigineName" type="java.lang.String"><![CDATA[MOrigTxt.Action.ActionDesc]]></Field>
	<Field name="SnpsCol" type="java.lang.String"><![CDATA[I_TXT_DESC]]></Field>
	<Field name="SnpsTable" type="java.lang.String"><![CDATA[SNP_ACTION]]></Field>
</Object>
<Object class="com.sunopsis.dwg.dbobj.SnpAction">
		<Field name="ActionName" type="java.lang.String"><![CDATA[Drop Index]]></Field>
	<Field name="ActionType" type="com.sunopsis.sql.DbInt"><![CDATA[15]]></Field>
	<Field name="FirstDate" type="java.sql.Timestamp"><![CDATA[2024-12-23 06:21:07.0]]></Field>
	<Field name="FirstUser" type="java.lang.String"><![CDATA[SUNOPSIS_INSTALL]]></Field>
	<Field name="GlobalId" type="java.lang.String"><![CDATA[837efadd-f2e2-3ab5-94a8-12648f13bb65]]></Field>
	<Field name="IAction" type="com.sunopsis.sql.DbInt"><![CDATA[18]]></Field>
	<Field name="IGrpAction" type="com.sunopsis.sql.DbInt"><![CDATA[6]]></Field>
	<Field name="ITxtDesc" type="com.sunopsis.sql.DbInt"><![CDATA[143]]></Field>
	<Field name="LastDate" type="java.sql.Timestamp"><![CDATA[2024-12-23 06:21:07.0]]></Field>
	<Field name="LastUser" type="java.lang.String"><![CDATA[SUNOPSIS_INSTALL]]></Field>
</Object>
<Object class="com.sunopsis.dwg.dbobj.SnpLineAction">
		<Field name="ConnectId" type="java.lang.String">null</Field>
	<Field name="FirstDate" type="java.sql.Timestamp"><![CDATA[2024-12-23 06:21:07.0]]></Field>
	<Field name="FirstUser" type="java.lang.String"><![CDATA[SUNOPSIS_INSTALL]]></Field>
	<Field name="GlobalId" type="java.lang.String"><![CDATA[f31aeb41-08cb-397d-bb5e-47e7a34d69ae]]></Field>
	<Field name="IgnoreError" type="java.lang.String"><![CDATA[0]]></Field>
	<Field name="IndCommit" type="java.lang.String"><![CDATA[0]]></Field>
	<Field name="IndLogMethod" type="java.lang.String">null</Field>
	<Field name="IndLogNb" type="java.lang.String"><![CDATA[3]]></Field>
	<Field name="IsolLevel" type="java.lang.String">null</Field>
	<Field name="IAction" type="com.sunopsis.sql.DbInt"><![CDATA[18]]></Field>
	<Field name="ITxtAction" type="com.sunopsis.sql.DbInt"><![CDATA[142]]></Field>
	<Field name="LastDate" type="java.sql.Timestamp"><![CDATA[2024-12-23 06:21:07.0]]></Field>
	<Field name="LastUser" type="java.lang.String"><![CDATA[SUNOPSIS_INSTALL]]></Field>
	<Field name="LineActionName" type="java.lang.String"><![CDATA[Drop Index]]></Field>
	<Field name="OrdAction" type="com.sunopsis.sql.DbInt"><![CDATA[0]]></Field>
</Object>
<Object class="com.sunopsis.dwg.dbobj.SnpMtxt">
		<Field name="Enc" type="java.lang.String">null</Field>
	<Field name="EncKey" type="java.lang.String">null</Field>
	<Field name="EncKeyVect" type="java.lang.String">null</Field>
	<Field name="FullTxt" type="java.lang.String"><![CDATA[use <%=odiRef.getTargetTable("CATALOG")%>
drop index <%=odiRef.getTargetTable("SCHEMA")%>.<%=odiRef.getTargetTable("RES_NAME")%>.<%=odiRef.getIndex("KEY_NAME")%>]]></Field>
	<Field name="GlobalId" type="java.lang.String"><![CDATA[04083a03-012e-3a43-aac2-e66a428e0d42]]></Field>
	<Field name="ITxt" type="com.sunopsis.sql.DbInt"><![CDATA[142]]></Field>
	<Field name="ITxtOrig" type="com.sunopsis.sql.DbInt"><![CDATA[2]]></Field>
	<Field name="Txt" type="java.lang.String"><![CDATA[use <%=odiRef.getTargetTable("CATALOG")%>
drop index <%=odiRef.getTargetTable("SCHEMA")%>.<%=odiRef.getTargetTable("RES_NAME")%>.<%=odiRef.getIndex("KEY_NAME")%>]]></Field>
</Object>
<Object class="com.sunopsis.dwg.dbobj.SnpMtxt">
		<Field name="Enc" type="java.lang.String">null</Field>
	<Field name="EncKey" type="java.lang.String">null</Field>
	<Field name="EncKeyVect" type="java.lang.String">null</Field>
	<Field name="FullTxt" type="java.lang.String"><![CDATA[COMPONENT NAME: Drop Index
COMPONENT VERSION: 11.1.1.1.0
AUTHOR: Oracle
COMPATIBILITY: 11.1.1 and above

DESCRIPTION

	Drop an index
]]></Field>
	<Field name="GlobalId" type="java.lang.String"><![CDATA[5d91204f-9c8c-3d98-b52e-9e4d25bfc95d]]></Field>
	<Field name="ITxt" type="com.sunopsis.sql.DbInt"><![CDATA[143]]></Field>
	<Field name="ITxtOrig" type="com.sunopsis.sql.DbInt"><![CDATA[1]]></Field>
	<Field name="Txt" type="java.lang.String"><![CDATA[COMPONENT NAME: Drop Index
COMPONENT VERSION: 11.1.1.1.0
AUTHOR: Oracle
COMPATIBILITY: 11.1.1 and above

DESCRIPTION

	Drop an index
]]></Field>
</Object>
<Object class="com.sunopsis.dwg.dbobj.SnpAction">
		<Field name="ActionName" type="java.lang.String"><![CDATA[Modify Column Attribute]]></Field>
	<Field name="ActionType" type="com.sunopsis.sql.DbInt"><![CDATA[8]]></Field>
	<Field name="FirstDate" type="java.sql.Timestamp"><![CDATA[2024-12-23 06:21:07.0]]></Field>
	<Field name="FirstUser" type="java.lang.String"><![CDATA[SUNOPSIS_INSTALL]]></Field>
	<Field name="GlobalId" type="java.lang.String"><![CDATA[f98877c5-4a67-3928-81e6-802a991dba62]]></Field>
	<Field name="IAction" type="com.sunopsis.sql.DbInt"><![CDATA[19]]></Field>
	<Field name="IGrpAction" type="com.sunopsis.sql.DbInt"><![CDATA[6]]></Field>
	<Field name="ITxtDesc" type="com.sunopsis.sql.DbInt"><![CDATA[145]]></Field>
	<Field name="LastDate" type="java.sql.Timestamp"><![CDATA[2024-12-23 06:21:07.0]]></Field>
	<Field name="LastUser" type="java.lang.String"><![CDATA[SUNOPSIS_INSTALL]]></Field>
</Object>
<Object class="com.sunopsis.dwg.dbobj.SnpLineAction">
		<Field name="ConnectId" type="java.lang.String">null</Field>
	<Field name="FirstDate" type="java.sql.Timestamp"><![CDATA[2024-12-23 06:21:07.0]]></Field>
	<Field name="FirstUser" type="java.lang.String"><![CDATA[SUNOPSIS_INSTALL]]></Field>
	<Field name="GlobalId" type="java.lang.String"><![CDATA[37db383f-fd31-32b2-bc2e-314e0c8b46bc]]></Field>
	<Field name="IgnoreError" type="java.lang.String"><![CDATA[0]]></Field>
	<Field name="IndCommit" type="java.lang.String"><![CDATA[0]]></Field>
	<Field name="IndLogMethod" type="java.lang.String">null</Field>
	<Field name="IndLogNb" type="java.lang.String"><![CDATA[3]]></Field>
	<Field name="IsolLevel" type="java.lang.String">null</Field>
	<Field name="IAction" type="com.sunopsis.sql.DbInt"><![CDATA[19]]></Field>
	<Field name="ITxtAction" type="com.sunopsis.sql.DbInt"><![CDATA[144]]></Field>
	<Field name="LastDate" type="java.sql.Timestamp"><![CDATA[2024-12-23 06:21:07.0]]></Field>
	<Field name="LastUser" type="java.lang.String"><![CDATA[SUNOPSIS_INSTALL]]></Field>
	<Field name="LineActionName" type="java.lang.String"><![CDATA[Modify Column Attribute]]></Field>
	<Field name="OrdAction" type="com.sunopsis.sql.DbInt"><![CDATA[0]]></Field>
</Object>
<Object class="com.sunopsis.dwg.dbobj.SnpMtxt">
		<Field name="Enc" type="java.lang.String">null</Field>
	<Field name="EncKey" type="java.lang.String">null</Field>
	<Field name="EncKeyVect" type="java.lang.String">null</Field>
	<Field name="FullTxt" type="java.lang.String"><![CDATA[alter table <%= odiRef.getTable("L", "TARG_NAME", "A") %> 
alter column <%= odiRef.getColumn("[COL_NAME] [DEST_CRE_DT]  [MANDATORY_CLAUSE] ","NEW") %> ]]></Field>
	<Field name="GlobalId" type="java.lang.String"><![CDATA[c61b1e56-a33b-3d48-8afe-ce944f39301a]]></Field>
	<Field name="ITxt" type="com.sunopsis.sql.DbInt"><![CDATA[144]]></Field>
	<Field name="ITxtOrig" type="com.sunopsis.sql.DbInt"><![CDATA[2]]></Field>
	<Field name="Txt" type="java.lang.String"><![CDATA[alter table <%= odiRef.getTable("L", "TARG_NAME", "A") %> 
alter column <%= odiRef.getColumn("[COL_NAME] [DEST_CRE_DT]  [MANDATORY_CLAUSE] ","NEW") %> ]]></Field>
</Object>
<Object class="com.sunopsis.dwg.dbobj.SnpMtxt">
		<Field name="Enc" type="java.lang.String">null</Field>
	<Field name="EncKey" type="java.lang.String">null</Field>
	<Field name="EncKeyVect" type="java.lang.String">null</Field>
	<Field name="FullTxt" type="java.lang.String"><![CDATA[Author: Sunopsis
Version: 4.0
Last Update: OCT-2005

Description :
Modify a column attributes

Restrictions:
]]></Field>
	<Field name="GlobalId" type="java.lang.String"><![CDATA[4e3919c5-c8ba-30b2-98c6-06486a63d084]]></Field>
	<Field name="ITxt" type="com.sunopsis.sql.DbInt"><![CDATA[145]]></Field>
	<Field name="ITxtOrig" type="com.sunopsis.sql.DbInt"><![CDATA[1]]></Field>
	<Field name="Txt" type="java.lang.String"><![CDATA[Author: Sunopsis
Version: 4.0
Last Update: OCT-2005

Description :
Modify a column attributes

Restrictions:
]]></Field>
</Object>
<Object class="com.sunopsis.dwg.dbobj.SnpAction">
		<Field name="ActionName" type="java.lang.String"><![CDATA[Modify Column Comment]]></Field>
	<Field name="ActionType" type="com.sunopsis.sql.DbInt"><![CDATA[21]]></Field>
	<Field name="FirstDate" type="java.sql.Timestamp"><![CDATA[2024-12-23 06:21:07.0]]></Field>
	<Field name="FirstUser" type="java.lang.String"><![CDATA[SUNOPSIS_INSTALL]]></Field>
	<Field name="GlobalId" type="java.lang.String"><![CDATA[20e22f26-5ff8-3ff5-9c11-b146b2a473a2]]></Field>
	<Field name="IAction" type="com.sunopsis.sql.DbInt"><![CDATA[20]]></Field>
	<Field name="IGrpAction" type="com.sunopsis.sql.DbInt"><![CDATA[6]]></Field>
	<Field name="ITxtDesc" type="com.sunopsis.sql.DbInt"><![CDATA[148]]></Field>
	<Field name="LastDate" type="java.sql.Timestamp"><![CDATA[2024-12-23 06:21:07.0]]></Field>
	<Field name="LastUser" type="java.lang.String"><![CDATA[SUNOPSIS_INSTALL]]></Field>
</Object>
<Object class="com.sunopsis.dwg.dbobj.SnpLineAction">
		<Field name="ConnectId" type="java.lang.String">null</Field>
	<Field name="FirstDate" type="java.sql.Timestamp"><![CDATA[2024-12-23 06:21:07.0]]></Field>
	<Field name="FirstUser" type="java.lang.String"><![CDATA[SUNOPSIS_INSTALL]]></Field>
	<Field name="GlobalId" type="java.lang.String"><![CDATA[179f68d8-a6d8-3141-9cb5-6e541928ee0c]]></Field>
	<Field name="IgnoreError" type="java.lang.String"><![CDATA[1]]></Field>
	<Field name="IndCommit" type="java.lang.String"><![CDATA[0]]></Field>
	<Field name="IndLogMethod" type="java.lang.String">null</Field>
	<Field name="IndLogNb" type="java.lang.String"><![CDATA[3]]></Field>
	<Field name="IsolLevel" type="java.lang.String">null</Field>
	<Field name="IAction" type="com.sunopsis.sql.DbInt"><![CDATA[20]]></Field>
	<Field name="ITxtAction" type="com.sunopsis.sql.DbInt"><![CDATA[146]]></Field>
	<Field name="LastDate" type="java.sql.Timestamp"><![CDATA[2024-12-23 06:21:07.0]]></Field>
	<Field name="LastUser" type="java.lang.String"><![CDATA[SUNOPSIS_INSTALL]]></Field>
	<Field name="LineActionName" type="java.lang.String"><![CDATA[Drop Column Comment]]></Field>
	<Field name="OrdAction" type="com.sunopsis.sql.DbInt"><![CDATA[0]]></Field>
</Object>
<Object class="com.sunopsis.dwg.dbobj.SnpMtxt">
		<Field name="Enc" type="java.lang.String">null</Field>
	<Field name="EncKey" type="java.lang.String">null</Field>
	<Field name="EncKeyVect" type="java.lang.String">null</Field>
	<Field name="FullTxt" type="java.lang.String"><![CDATA[use <%=odiRef.getTargetTable("CATALOG")%>
EXEC sys.sp_dropextendedproperty 
@name = N'MS_Description', 
@level0type = N'SCHEMA', @level0name = '<%=odiRef.getTargetTable("SCHEMA")%>',
@level1type = N'TABLE',  @level1name = '<%=odiRef.getTargetTable("RES_NAME")%>',
@level2type = N'Column', @level2name = '<%=odiRef.getColumn("[COL_NAME]","NEW")%>';]]></Field>
	<Field name="GlobalId" type="java.lang.String"><![CDATA[fac0e3b8-37f5-3972-8704-d57fed950e71]]></Field>
	<Field name="ITxt" type="com.sunopsis.sql.DbInt"><![CDATA[146]]></Field>
	<Field name="ITxtOrig" type="com.sunopsis.sql.DbInt"><![CDATA[2]]></Field>
	<Field name="Txt" type="java.lang.String"><![CDATA[use <%=odiRef.getTargetTable("CATALOG")%>
EXEC sys.sp_dropextendedproperty 
@name = N'MS_Description', 
@level0type = N'SCHEMA', @level0name = '<%=odiRef.getTargetTable("SCHEMA")%>',
@level1type = N'TABLE',  @level1name = '<%=odiRef.getTargetTable("RES_NAME")%>',
@level2type = N'Column', @level2name = '<%=odiRef.getColumn("[COL_NAME]","NEW")%>';]]></Field>
</Object>
<Object class="com.sunopsis.dwg.dbobj.SnpLineAction">
		<Field name="ConnectId" type="java.lang.String">null</Field>
	<Field name="FirstDate" type="java.sql.Timestamp"><![CDATA[2024-12-23 06:21:07.0]]></Field>
	<Field name="FirstUser" type="java.lang.String"><![CDATA[SUNOPSIS_INSTALL]]></Field>
	<Field name="GlobalId" type="java.lang.String"><![CDATA[ce369a78-469a-36e2-81f9-c7ad260a2211]]></Field>
	<Field name="IgnoreError" type="java.lang.String"><![CDATA[0]]></Field>
	<Field name="IndCommit" type="java.lang.String"><![CDATA[0]]></Field>
	<Field name="IndLogMethod" type="java.lang.String">null</Field>
	<Field name="IndLogNb" type="java.lang.String"><![CDATA[3]]></Field>
	<Field name="IsolLevel" type="java.lang.String">null</Field>
	<Field name="IAction" type="com.sunopsis.sql.DbInt"><![CDATA[20]]></Field>
	<Field name="ITxtAction" type="com.sunopsis.sql.DbInt"><![CDATA[147]]></Field>
	<Field name="LastDate" type="java.sql.Timestamp"><![CDATA[2024-12-23 06:21:07.0]]></Field>
	<Field name="LastUser" type="java.lang.String"><![CDATA[SUNOPSIS_INSTALL]]></Field>
	<Field name="LineActionName" type="java.lang.String"><![CDATA[Add Column Comment]]></Field>
	<Field name="OrdAction" type="com.sunopsis.sql.DbInt"><![CDATA[10]]></Field>
</Object>
<Object class="com.sunopsis.dwg.dbobj.SnpMtxt">
		<Field name="Enc" type="java.lang.String">null</Field>
	<Field name="EncKey" type="java.lang.String">null</Field>
	<Field name="EncKeyVect" type="java.lang.String">null</Field>
	<Field name="FullTxt" type="java.lang.String"><![CDATA[use <%=odiRef.getTargetTable("CATALOG")%>
EXEC sys.sp_addextendedproperty 
@name = N'MS_Description', 
@value = N'<%=odiRef.getColumn("[COL_DESC]","NEW")%>', 
@level0type = N'SCHEMA', @level0name = '<%=odiRef.getTargetTable("SCHEMA")%>',
@level1type = N'TABLE',  @level1name = '<%=odiRef.getTargetTable("RES_NAME")%>',
@level2type = N'Column', @level2name = '<%=odiRef.getColumn("[COL_NAME]","NEW")%>';]]></Field>
	<Field name="GlobalId" type="java.lang.String"><![CDATA[7a52b9c5-26a0-3316-b1cc-d2803c0b9573]]></Field>
	<Field name="ITxt" type="com.sunopsis.sql.DbInt"><![CDATA[147]]></Field>
	<Field name="ITxtOrig" type="com.sunopsis.sql.DbInt"><![CDATA[2]]></Field>
	<Field name="Txt" type="java.lang.String"><![CDATA[use <%=odiRef.getTargetTable("CATALOG")%>
EXEC sys.sp_addextendedproperty 
@name = N'MS_Description', 
@value = N'<%=odiRef.getColumn("[COL_DESC]","NEW")%>', 
@level0type = N'SCHEMA', @level0name = '<%=odiRef.getTargetTable("SCHEMA")%>',
@level1type = N'TABLE',  @level1name = '<%=odiRef.getTargetTable("RES_NAME")%>',
@level2type = N'Column', @level2name = '<%=odiRef.getColumn("[COL_NAME]","NEW")%>';]]></Field>
</Object>
<Object class="com.sunopsis.dwg.dbobj.SnpMtxt">
		<Field name="Enc" type="java.lang.String">null</Field>
	<Field name="EncKey" type="java.lang.String">null</Field>
	<Field name="EncKeyVect" type="java.lang.String">null</Field>
	<Field name="FullTxt" type="java.lang.String"><![CDATA[COMPONENT NAME: Modify Column Comment
COMPONENT VERSION: 11.1.1.1.0
AUTHOR: Oracle
COMPATIBILITY: 11.1.1 and above

DESCRIPTION

	Modify Column Comment
]]></Field>
	<Field name="GlobalId" type="java.lang.String"><![CDATA[8f1fe305-af6e-31c7-a13a-a792e0752a4c]]></Field>
	<Field name="ITxt" type="com.sunopsis.sql.DbInt"><![CDATA[148]]></Field>
	<Field name="ITxtOrig" type="com.sunopsis.sql.DbInt"><![CDATA[1]]></Field>
	<Field name="Txt" type="java.lang.String"><![CDATA[COMPONENT NAME: Modify Column Comment
COMPONENT VERSION: 11.1.1.1.0
AUTHOR: Oracle
COMPATIBILITY: 11.1.1 and above

DESCRIPTION

	Modify Column Comment
]]></Field>
</Object>
<Object class="com.sunopsis.dwg.dbobj.SnpAction">
		<Field name="ActionName" type="java.lang.String"><![CDATA[Modify Table Comment]]></Field>
	<Field name="ActionType" type="com.sunopsis.sql.DbInt"><![CDATA[20]]></Field>
	<Field name="FirstDate" type="java.sql.Timestamp"><![CDATA[2024-12-23 06:21:07.0]]></Field>
	<Field name="FirstUser" type="java.lang.String"><![CDATA[SUNOPSIS_INSTALL]]></Field>
	<Field name="GlobalId" type="java.lang.String"><![CDATA[1c34e0f7-cc33-3db0-90eb-73042b822e8e]]></Field>
	<Field name="IAction" type="com.sunopsis.sql.DbInt"><![CDATA[21]]></Field>
	<Field name="IGrpAction" type="com.sunopsis.sql.DbInt"><![CDATA[6]]></Field>
	<Field name="ITxtDesc" type="com.sunopsis.sql.DbInt"><![CDATA[151]]></Field>
	<Field name="LastDate" type="java.sql.Timestamp"><![CDATA[2024-12-23 06:21:07.0]]></Field>
	<Field name="LastUser" type="java.lang.String"><![CDATA[SUNOPSIS_INSTALL]]></Field>
</Object>
<Object class="com.sunopsis.dwg.dbobj.SnpLineAction">
		<Field name="ConnectId" type="java.lang.String">null</Field>
	<Field name="FirstDate" type="java.sql.Timestamp"><![CDATA[2024-12-23 06:21:07.0]]></Field>
	<Field name="FirstUser" type="java.lang.String"><![CDATA[SUNOPSIS_INSTALL]]></Field>
	<Field name="GlobalId" type="java.lang.String"><![CDATA[b8777b86-2852-3728-a6de-8f6ff8956266]]></Field>
	<Field name="IgnoreError" type="java.lang.String"><![CDATA[1]]></Field>
	<Field name="IndCommit" type="java.lang.String"><![CDATA[0]]></Field>
	<Field name="IndLogMethod" type="java.lang.String">null</Field>
	<Field name="IndLogNb" type="java.lang.String"><![CDATA[3]]></Field>
	<Field name="IsolLevel" type="java.lang.String">null</Field>
	<Field name="IAction" type="com.sunopsis.sql.DbInt"><![CDATA[21]]></Field>
	<Field name="ITxtAction" type="com.sunopsis.sql.DbInt"><![CDATA[149]]></Field>
	<Field name="LastDate" type="java.sql.Timestamp"><![CDATA[2024-12-23 06:21:07.0]]></Field>
	<Field name="LastUser" type="java.lang.String"><![CDATA[SUNOPSIS_INSTALL]]></Field>
	<Field name="LineActionName" type="java.lang.String"><![CDATA[Drop Table Comment]]></Field>
	<Field name="OrdAction" type="com.sunopsis.sql.DbInt"><![CDATA[0]]></Field>
</Object>
<Object class="com.sunopsis.dwg.dbobj.SnpMtxt">
		<Field name="Enc" type="java.lang.String">null</Field>
	<Field name="EncKey" type="java.lang.String">null</Field>
	<Field name="EncKeyVect" type="java.lang.String">null</Field>
	<Field name="FullTxt" type="java.lang.String"><![CDATA[use <%=odiRef.getTargetTable("CATALOG")%>
EXEC sys.sp_dropextendedproperty 
@name = N'MS_Description', 
@level0type = N'SCHEMA', @level0name = '<%=odiRef.getTargetTable("SCHEMA")%>',
@level1type = N'TABLE',  @level1name = '<%=odiRef.getTargetTable("RES_NAME")%>';]]></Field>
	<Field name="GlobalId" type="java.lang.String"><![CDATA[c81c3133-2e7f-38ef-ae12-6a05be22ea53]]></Field>
	<Field name="ITxt" type="com.sunopsis.sql.DbInt"><![CDATA[149]]></Field>
	<Field name="ITxtOrig" type="com.sunopsis.sql.DbInt"><![CDATA[2]]></Field>
	<Field name="Txt" type="java.lang.String"><![CDATA[use <%=odiRef.getTargetTable("CATALOG")%>
EXEC sys.sp_dropextendedproperty 
@name = N'MS_Description', 
@level0type = N'SCHEMA', @level0name = '<%=odiRef.getTargetTable("SCHEMA")%>',
@level1type = N'TABLE',  @level1name = '<%=odiRef.getTargetTable("RES_NAME")%>';]]></Field>
</Object>
<Object class="com.sunopsis.dwg.dbobj.SnpLineAction">
		<Field name="ConnectId" type="java.lang.String">null</Field>
	<Field name="FirstDate" type="java.sql.Timestamp"><![CDATA[2024-12-23 06:21:07.0]]></Field>
	<Field name="FirstUser" type="java.lang.String"><![CDATA[SUNOPSIS_INSTALL]]></Field>
	<Field name="GlobalId" type="java.lang.String"><![CDATA[4e410f3e-89d5-3a0a-8d0b-d8bf7dbb61b3]]></Field>
	<Field name="IgnoreError" type="java.lang.String"><![CDATA[0]]></Field>
	<Field name="IndCommit" type="java.lang.String"><![CDATA[0]]></Field>
	<Field name="IndLogMethod" type="java.lang.String">null</Field>
	<Field name="IndLogNb" type="java.lang.String"><![CDATA[3]]></Field>
	<Field name="IsolLevel" type="java.lang.String">null</Field>
	<Field name="IAction" type="com.sunopsis.sql.DbInt"><![CDATA[21]]></Field>
	<Field name="ITxtAction" type="com.sunopsis.sql.DbInt"><![CDATA[150]]></Field>
	<Field name="LastDate" type="java.sql.Timestamp"><![CDATA[2024-12-23 06:21:07.0]]></Field>
	<Field name="LastUser" type="java.lang.String"><![CDATA[SUNOPSIS_INSTALL]]></Field>
	<Field name="LineActionName" type="java.lang.String"><![CDATA[Add Table Comment]]></Field>
	<Field name="OrdAction" type="com.sunopsis.sql.DbInt"><![CDATA[10]]></Field>
</Object>
<Object class="com.sunopsis.dwg.dbobj.SnpMtxt">
		<Field name="Enc" type="java.lang.String">null</Field>
	<Field name="EncKey" type="java.lang.String">null</Field>
	<Field name="EncKeyVect" type="java.lang.String">null</Field>
	<Field name="FullTxt" type="java.lang.String"><![CDATA[use <%=odiRef.getTargetTable("CATALOG")%>
EXEC sys.sp_addextendedproperty 
@name = N'MS_Description', 
@value = N'<%=odiRef.getTargetTable("TABLE_DESC") %>', 
@level0type = N'SCHEMA', @level0name = '<%=odiRef.getTargetTable("SCHEMA")%>',
@level1type = N'TABLE',  @level1name = '<%=odiRef.getTargetTable("RES_NAME")%>';]]></Field>
	<Field name="GlobalId" type="java.lang.String"><![CDATA[200a3be0-574d-3970-9462-19602d5dc058]]></Field>
	<Field name="ITxt" type="com.sunopsis.sql.DbInt"><![CDATA[150]]></Field>
	<Field name="ITxtOrig" type="com.sunopsis.sql.DbInt"><![CDATA[2]]></Field>
	<Field name="Txt" type="java.lang.String"><![CDATA[use <%=odiRef.getTargetTable("CATALOG")%>
EXEC sys.sp_addextendedproperty 
@name = N'MS_Description', 
@value = N'<%=odiRef.getTargetTable("TABLE_DESC") %>', 
@level0type = N'SCHEMA', @level0name = '<%=odiRef.getTargetTable("SCHEMA")%>',
@level1type = N'TABLE',  @level1name = '<%=odiRef.getTargetTable("RES_NAME")%>';]]></Field>
</Object>
<Object class="com.sunopsis.dwg.dbobj.SnpMtxt">
		<Field name="Enc" type="java.lang.String">null</Field>
	<Field name="EncKey" type="java.lang.String">null</Field>
	<Field name="EncKeyVect" type="java.lang.String">null</Field>
	<Field name="FullTxt" type="java.lang.String"><![CDATA[COMPONENT NAME: Modify Table Comment
COMPONENT VERSION: 11.1.1.1.0
AUTHOR: Oracle
COMPATIBILITY: 11.1.1 and above

DESCRIPTION

	Modify table comment
]]></Field>
	<Field name="GlobalId" type="java.lang.String"><![CDATA[d88b7f12-b66f-3198-86a6-cee31faaa237]]></Field>
	<Field name="ITxt" type="com.sunopsis.sql.DbInt"><![CDATA[151]]></Field>
	<Field name="ITxtOrig" type="com.sunopsis.sql.DbInt"><![CDATA[1]]></Field>
	<Field name="Txt" type="java.lang.String"><![CDATA[COMPONENT NAME: Modify Table Comment
COMPONENT VERSION: 11.1.1.1.0
AUTHOR: Oracle
COMPATIBILITY: 11.1.1 and above

DESCRIPTION

	Modify table comment
]]></Field>
</Object>
<Object class="com.sunopsis.dwg.dbobj.SnpFKXRef">
		<Field name="RefKey" type="java.lang.String"><![CDATA[SNP_MTXT.139]]></Field>
	<Field name="RefObjGlobalId" type="java.lang.String"><![CDATA[082a108b-60a0-392e-95b5-6272b0a9b94f]]></Field>
</Object>
<Object class="com.sunopsis.dwg.dbobj.SnpFKXRef">
		<Field name="RefKey" type="java.lang.String"><![CDATA[SNP_MTXT.138]]></Field>
	<Field name="RefObjGlobalId" type="java.lang.String"><![CDATA[30df19d7-7fc5-3002-bf82-4144d7eabbe9]]></Field>
</Object>
<Object class="com.sunopsis.dwg.dbobj.SnpFKXRef">
		<Field name="RefKey" type="java.lang.String"><![CDATA[SNP_MTXT.137]]></Field>
	<Field name="RefObjGlobalId" type="java.lang.String"><![CDATA[e548b76b-e5a7-3589-84c3-b3c6377ba6ee]]></Field>
</Object>
<Object class="com.sunopsis.dwg.dbobj.SnpFKXRef">
		<Field name="RefKey" type="java.lang.String"><![CDATA[SNP_MTXT.135]]></Field>
	<Field name="RefObjGlobalId" type="java.lang.String"><![CDATA[dd08219f-5b21-3754-8fc1-a21b8e580e86]]></Field>
</Object>
<Object class="com.sunopsis.dwg.dbobj.SnpFKXRef">
		<Field name="RefKey" type="java.lang.String"><![CDATA[SNP_MTXT.136]]></Field>
	<Field name="RefObjGlobalId" type="java.lang.String"><![CDATA[0d8e68d1-6d6d-3c21-9bf9-f1ddb2f732e3]]></Field>
</Object>
<Object class="com.sunopsis.dwg.dbobj.SnpFKXRef">
		<Field name="RefKey" type="java.lang.String"><![CDATA[SNP_TECHNO.76]]></Field>
	<Field name="RefObjGlobalId" type="java.lang.String"><![CDATA[f6e107a3-aef1-3869-b7ad-b4f9b70c9d65]]></Field>
</Object>
<Object class="com.sunopsis.dwg.dbobj.SnpFKXRef">
		<Field name="RefKey" type="java.lang.String"><![CDATA[SNP_MTXT.132]]></Field>
	<Field name="RefObjGlobalId" type="java.lang.String"><![CDATA[67f6978c-3561-3177-aa65-9c054ac41156]]></Field>
</Object>
<Object class="com.sunopsis.dwg.dbobj.SnpFKXRef">
		<Field name="RefKey" type="java.lang.String"><![CDATA[SNP_MTXT.134]]></Field>
	<Field name="RefObjGlobalId" type="java.lang.String"><![CDATA[2b7c7653-5934-3065-9c24-511f34704de0]]></Field>
</Object>
<Object class="com.sunopsis.dwg.dbobj.SnpFKXRef">
		<Field name="RefKey" type="java.lang.String"><![CDATA[SNP_MTXT.133]]></Field>
	<Field name="RefObjGlobalId" type="java.lang.String"><![CDATA[7bb0c099-7a75-34e4-a342-807180509098]]></Field>
</Object>
<Object class="com.sunopsis.dwg.dbobj.SnpFKXRef">
		<Field name="RefKey" type="java.lang.String"><![CDATA[SNP_GRPACTION.6]]></Field>
	<Field name="RefObjGlobalId" type="java.lang.String"><![CDATA[efe8f5ed-5cd5-3639-b685-1907573939a1]]></Field>
</Object>
<Object class="com.sunopsis.dwg.dbobj.SnpFKXRef">
		<Field name="RefKey" type="java.lang.String"><![CDATA[SNP_MTXT.141]]></Field>
	<Field name="RefObjGlobalId" type="java.lang.String"><![CDATA[cffc2057-6b92-3285-b4ef-74f8429e090f]]></Field>
</Object>
<Object class="com.sunopsis.dwg.dbobj.SnpFKXRef">
		<Field name="RefKey" type="java.lang.String"><![CDATA[SNP_ACTION.17]]></Field>
	<Field name="RefObjGlobalId" type="java.lang.String"><![CDATA[5b37e48f-6a7e-3048-ada8-6550e31cfc6d]]></Field>
</Object>
<Object class="com.sunopsis.dwg.dbobj.SnpFKXRef">
		<Field name="RefKey" type="java.lang.String"><![CDATA[SNP_MTXT.140]]></Field>
	<Field name="RefObjGlobalId" type="java.lang.String"><![CDATA[312872fb-9ffa-3907-ae12-c37c74817809]]></Field>
</Object>
<Object class="com.sunopsis.dwg.dbobj.SnpFKXRef">
		<Field name="RefKey" type="java.lang.String"><![CDATA[SNP_MTXT.143]]></Field>
	<Field name="RefObjGlobalId" type="java.lang.String"><![CDATA[5d91204f-9c8c-3d98-b52e-9e4d25bfc95d]]></Field>
</Object>
<Object class="com.sunopsis.dwg.dbobj.SnpFKXRef">
		<Field name="RefKey" type="java.lang.String"><![CDATA[SNP_ACTION.18]]></Field>
	<Field name="RefObjGlobalId" type="java.lang.String"><![CDATA[837efadd-f2e2-3ab5-94a8-12648f13bb65]]></Field>
</Object>
<Object class="com.sunopsis.dwg.dbobj.SnpFKXRef">
		<Field name="RefKey" type="java.lang.String"><![CDATA[SNP_MTXT.142]]></Field>
	<Field name="RefObjGlobalId" type="java.lang.String"><![CDATA[04083a03-012e-3a43-aac2-e66a428e0d42]]></Field>
</Object>
<Object class="com.sunopsis.dwg.dbobj.SnpFKXRef">
		<Field name="RefKey" type="java.lang.String"><![CDATA[SNP_MTXT.145]]></Field>
	<Field name="RefObjGlobalId" type="java.lang.String"><![CDATA[4e3919c5-c8ba-30b2-98c6-06486a63d084]]></Field>
</Object>
<Object class="com.sunopsis.dwg.dbobj.SnpFKXRef">
		<Field name="RefKey" type="java.lang.String"><![CDATA[SNP_ACTION.19]]></Field>
	<Field name="RefObjGlobalId" type="java.lang.String"><![CDATA[f98877c5-4a67-3928-81e6-802a991dba62]]></Field>
</Object>
<Object class="com.sunopsis.dwg.dbobj.SnpFKXRef">
		<Field name="RefKey" type="java.lang.String"><![CDATA[SNP_MTXT.144]]></Field>
	<Field name="RefObjGlobalId" type="java.lang.String"><![CDATA[c61b1e56-a33b-3d48-8afe-ce944f39301a]]></Field>
</Object>
<Object class="com.sunopsis.dwg.dbobj.SnpFKXRef">
		<Field name="RefKey" type="java.lang.String"><![CDATA[SNP_MTXT.148]]></Field>
	<Field name="RefObjGlobalId" type="java.lang.String"><![CDATA[8f1fe305-af6e-31c7-a13a-a792e0752a4c]]></Field>
</Object>
<Object class="com.sunopsis.dwg.dbobj.SnpFKXRef">
		<Field name="RefKey" type="java.lang.String"><![CDATA[SNP_ACTION.20]]></Field>
	<Field name="RefObjGlobalId" type="java.lang.String"><![CDATA[20e22f26-5ff8-3ff5-9c11-b146b2a473a2]]></Field>
</Object>
<Object class="com.sunopsis.dwg.dbobj.SnpFKXRef">
		<Field name="RefKey" type="java.lang.String"><![CDATA[SNP_MTXT.146]]></Field>
	<Field name="RefObjGlobalId" type="java.lang.String"><![CDATA[fac0e3b8-37f5-3972-8704-d57fed950e71]]></Field>
</Object>
<Object class="com.sunopsis.dwg.dbobj.SnpFKXRef">
		<Field name="RefKey" type="java.lang.String"><![CDATA[SNP_MTXT.147]]></Field>
	<Field name="RefObjGlobalId" type="java.lang.String"><![CDATA[7a52b9c5-26a0-3316-b1cc-d2803c0b9573]]></Field>
</Object>
<Object class="com.sunopsis.dwg.dbobj.SnpFKXRef">
		<Field name="RefKey" type="java.lang.String"><![CDATA[SNP_MTXT.151]]></Field>
	<Field name="RefObjGlobalId" type="java.lang.String"><![CDATA[d88b7f12-b66f-3198-86a6-cee31faaa237]]></Field>
</Object>
<Object class="com.sunopsis.dwg.dbobj.SnpFKXRef">
		<Field name="RefKey" type="java.lang.String"><![CDATA[SNP_ACTION.21]]></Field>
	<Field name="RefObjGlobalId" type="java.lang.String"><![CDATA[1c34e0f7-cc33-3db0-90eb-73042b822e8e]]></Field>
</Object>
<Object class="com.sunopsis.dwg.dbobj.SnpFKXRef">
		<Field name="RefKey" type="java.lang.String"><![CDATA[SNP_MTXT.149]]></Field>
	<Field name="RefObjGlobalId" type="java.lang.String"><![CDATA[c81c3133-2e7f-38ef-ae12-6a05be22ea53]]></Field>
</Object>
<Object class="com.sunopsis.dwg.dbobj.SnpFKXRef">
		<Field name="RefKey" type="java.lang.String"><![CDATA[SNP_MTXT.150]]></Field>
	<Field name="RefObjGlobalId" type="java.lang.String"><![CDATA[200a3be0-574d-3970-9462-19602d5dc058]]></Field>
</Object>
<Object class="com.sunopsis.dwg.dbobj.SnpMImportRep">
		<Field name="GlobalId" type="java.lang.String"><![CDATA[2514270f-6e94-47f4-b5cf-96c2689174f6]]></Field>
	<Field name="RepGuid" type="java.lang.String"><![CDATA[359f8e51-151f-3f44-a2c1-a359ef69df90]]></Field>
	<Field name="RepShortId" type="com.sunopsis.sql.DbInt"><![CDATA[0]]></Field>
	<Field name="RepTimestamp" type="java.lang.String"><![CDATA[1734952807201]]></Field>
</Object>
<Object class="com.sunopsis.dwg.DwgExportSummary">
		<Field name="ExpTxtNb" type="com.sunopsis.sql.DbInt"><![CDATA[0]]></Field>
	<Field name="InstObjNb" type="com.sunopsis.sql.DbInt"><![CDATA[0]]></Field>
	<Field name="JoinColNb" type="com.sunopsis.sql.DbInt"><![CDATA[0]]></Field>
	<Field name="JoinNb" type="com.sunopsis.sql.DbInt"><![CDATA[0]]></Field>
	<Field name="KeyColNb" type="com.sunopsis.sql.DbInt"><![CDATA[0]]></Field>
	<Field name="KeyNb" type="com.sunopsis.sql.DbInt"><![CDATA[0]]></Field>
	<Field name="LinkDiagNb" type="com.sunopsis.sql.DbInt"><![CDATA[0]]></Field>
	<Field name="MorigTxtNb" type="com.sunopsis.sql.DbInt"><![CDATA[20]]></Field>
	<Field name="MtxtNb" type="com.sunopsis.sql.DbInt"><![CDATA[20]]></Field>
	<Field name="OrigTxtNb" type="com.sunopsis.sql.DbInt"><![CDATA[0]]></Field>
	<Field name="OtherObjectsNb" type="com.sunopsis.sql.DbInt"><![CDATA[16]]></Field>
	<Field name="PlanAgentNb" type="com.sunopsis.sql.DbInt"><![CDATA[0]]></Field>
	<Field name="StepNb" type="com.sunopsis.sql.DbInt"><![CDATA[0]]></Field>
	<Field name="TxtNb" type="com.sunopsis.sql.DbInt"><![CDATA[0]]></Field>
	<Field name="UeOrigNb" type="com.sunopsis.sql.DbInt"><![CDATA[0]]></Field>
	<Field name="UeUsedNb" type="com.sunopsis.sql.DbInt"><![CDATA[0]]></Field>
	<Field name="VarPlanAgentNb" type="com.sunopsis.sql.DbInt"><![CDATA[0]]></Field>
	<Field name="ScenTxtNb" type="com.sunopsis.sql.DbInt"><![CDATA[0]]></Field>
	<Field name="OdiVersion" type="java.lang.String"><![CDATA[12.1.3 - 17/06/2014]]></Field>
	<Field name="OriginRepositoryID" type="com.sunopsis.sql.DbInt"><![CDATA[0]]></Field>
	<Field name="RepositoryVersion" type="java.lang.String"><![CDATA[05.01.02.02]]></Field>
</Object>
</SunopsisExport>
