<?xml version="1.0" encoding="ISO-8859-1"?>
<SunopsisExport>
<Admin RepositoryVersion="05.01.02.02" IsLegacyIdCompatible="false" />
<Encryption algorithm="AES" keyLength="128" exportKeyHash="KpJ191xny+L1LCfTwahrZ9jqm5jAdM52X+xaUnPvzwo=" keyVect="Z1l2vv4sNFA7viCYT5MzRQ==" exportKeySalt="deda8175-6b5e-4a1a-b612-b5123dad1b3c" containsCipherText="false"/>
<Object class="com.sunopsis.dwg.dbobj.SnpTechno">
		<Field name="CatalogTerm" type="java.lang.String"><![CDATA[CATALOG_DATABASE]]></Field>
	<Field name="ColAliasWord" type="java.lang.String"><![CDATA[AS]]></Field>
	<Field name="DateFct" type="java.lang.String"><![CDATA[NOW()]]></Field>
	<Field name="DdlDateMask" type="java.lang.String"><![CDATA[TIMESTAMP]]></Field>
	<Field name="DdlLongrawMask" type="java.lang.String"><![CDATA[BYTEA]]></Field>
	<Field name="DdlNull" type="java.lang.String"><![CDATA[NULL]]></Field>
	<Field name="DdlNumericMask" type="java.lang.String"><![CDATA[NUMERIC(%L,%P)]]></Field>
	<Field name="DdlVarcharMask" type="java.lang.String"><![CDATA[VARCHAR(%L)]]></Field>
	<Field name="DefColPrfTab" type="java.lang.String"><![CDATA[c$_]]></Field>
	<Field name="DefErrPrfTab" type="java.lang.String"><![CDATA[e$_]]></Field>
	<Field name="DefIdxPrfTab" type="java.lang.String"><![CDATA[ix$_]]></Field>
	<Field name="DefIntPrfTab" type="java.lang.String"><![CDATA[i$_]]></Field>
	<Field name="DefJrnPrfTab" type="java.lang.String"><![CDATA[j$]]></Field>
	<Field name="DefJrnPrfTrg" type="java.lang.String"><![CDATA[t$]]></Field>
	<Field name="DefJrnPrfVie" type="java.lang.String"><![CDATA[jv$]]></Field>
	<Field name="DefUnqCharSpec" type="java.lang.String"><![CDATA[BASE38]]></Field>
	<Field name="DefValueWord" type="java.lang.String"><![CDATA[DEFAULT]]></Field>
	<Field name="DserverTerm" type="java.lang.String"><![CDATA[DSERVER_CLUSTER]]></Field>
	<Field name="ExecPlanRequest" type="java.lang.String">null</Field>
	<Field name="ExeChanel" type="java.lang.String"><![CDATA[J]]></Field>
	<Field name="ExpGroupBy" type="java.lang.String"><![CDATA[1]]></Field>
	<Field name="ExpHaving" type="java.lang.String"><![CDATA[1]]></Field>
	<Field name="ExpOrderBy" type="java.lang.String"><![CDATA[1]]></Field>
	<Field name="ExtVersion" type="java.lang.String">null</Field>
	<Field name="FirstDate" type="java.sql.Timestamp"><![CDATA[2024-12-23 06:21:01.0]]></Field>
	<Field name="FirstUser" type="java.lang.String"><![CDATA[SUNOPSIS_INSTALL]]></Field>
	<Field name="GetDateRequest" type="java.lang.String"><![CDATA[SELECT NOW()]]></Field>
	<Field name="GetSeqCurrRequest" type="java.lang.String">null</Field>
	<Field name="GetSeqRequest" type="java.lang.String"><![CDATA[select nextval('%SCHEMA.%OBJECT')]]></Field>
	<Field name="GlobalId" type="java.lang.String"><![CDATA[dfe7fce5-fec6-30af-a181-2026dbf6e6b3]]></Field>
	<Field name="IndCatalog" type="java.lang.String"><![CDATA[1]]></Field>
	<Field name="IndChange" type="java.lang.String"><![CDATA[I]]></Field>
	<Field name="IndDserver" type="java.lang.String"><![CDATA[1]]></Field>
	<Field name="IndFileParam" type="java.lang.String"><![CDATA[0]]></Field>
	<Field name="IndLogical" type="java.lang.String"><![CDATA[1]]></Field>
	<Field name="IndPartition" type="java.lang.String"><![CDATA[N]]></Field>
	<Field name="IndPhysical" type="java.lang.String"><![CDATA[1]]></Field>
	<Field name="IndSchema" type="java.lang.String"><![CDATA[1]]></Field>
	<Field name="IndSequence" type="java.lang.String"><![CDATA[1]]></Field>
	<Field name="IndSuppDrvdTbl" type="java.lang.String"><![CDATA[1]]></Field>
	<Field name="IndSuppSelLk" type="java.lang.String"><![CDATA[0]]></Field>
	<Field name="IndSuppSetOperator" type="java.lang.String"><![CDATA[1]]></Field>
	<Field name="IntVersion" type="com.sunopsis.sql.DbInt"><![CDATA[1]]></Field>
	<Field name="IAkTxt" type="com.sunopsis.sql.DbInt"><![CDATA[85]]></Field>
	<Field name="ICheckTxt" type="com.sunopsis.sql.DbInt"><![CDATA[83]]></Field>
	<Field name="IFkTxt" type="com.sunopsis.sql.DbInt"><![CDATA[84]]></Field>
	<Field name="IIndexTxt" type="com.sunopsis.sql.DbInt"><![CDATA[81]]></Field>
	<Field name="IPkTxt" type="com.sunopsis.sql.DbInt"><![CDATA[86]]></Field>
	<Field name="ISeqTxt" type="com.sunopsis.sql.DbInt"><![CDATA[82]]></Field>
	<Field name="ITechno" type="com.sunopsis.sql.DbInt"><![CDATA[44]]></Field>
	<Field name="JoinBrace" type="java.lang.String"><![CDATA[1]]></Field>
	<Field name="JoinCap" type="java.lang.String"><![CDATA[2]]></Field>
	<Field name="JoinClauseOn" type="java.lang.String"><![CDATA[F]]></Field>
	<Field name="JoinCross" type="java.lang.String"><![CDATA[CROSS OUTER JOIN]]></Field>
	<Field name="JoinFull" type="java.lang.String"><![CDATA[FULL OUTER JOIN]]></Field>
	<Field name="JoinIn" type="java.lang.String"><![CDATA[INNER JOIN]]></Field>
	<Field name="JoinLeftOut" type="java.lang.String"><![CDATA[LEFT OUTER JOIN]]></Field>
	<Field name="JoinNatural" type="java.lang.String">null</Field>
	<Field name="JoinOuter" type="java.lang.String">null</Field>
	<Field name="JoinOuterBa" type="java.lang.String">null</Field>
	<Field name="JoinOuterLoc" type="java.lang.String">null</Field>
	<Field name="JoinOuterSide" type="java.lang.String">null</Field>
	<Field name="JoinRightOut" type="java.lang.String"><![CDATA[RIGHT OUTER JOIN]]></Field>
	<Field name="LastDate" type="java.sql.Timestamp"><![CDATA[2024-12-23 06:21:01.0]]></Field>
	<Field name="LastUser" type="java.lang.String"><![CDATA[SUNOPSIS_INSTALL]]></Field>
	<Field name="LocObjPattern" type="java.lang.String"><![CDATA[%SCHEMA.%OBJECT]]></Field>
	<Field name="LocSeqCurrPattern" type="java.lang.String">null</Field>
	<Field name="LocSeqPattern" type="java.lang.String"><![CDATA[nextval('%SCHEMA.%OBJECT')]]></Field>
	<Field name="MaxColNameLen" type="com.sunopsis.sql.DbInt"><![CDATA[30]]></Field>
	<Field name="MaxTabNameLen" type="com.sunopsis.sql.DbInt"><![CDATA[30]]></Field>
	<Field name="PartPattern" type="java.lang.String">null</Field>
	<Field name="RemObjPattern" type="java.lang.String"><![CDATA[%SCHEMA.%OBJECT]]></Field>
	<Field name="RemSeqCurrPattern" type="java.lang.String">null</Field>
	<Field name="RemSeqPattern" type="java.lang.String">null</Field>
	<Field name="SchemaTerm" type="java.lang.String"><![CDATA[SCHEMA_SCHEMA]]></Field>
	<Field name="SetOperatorLst" type="java.lang.String"><![CDATA[UNION,UNION ALL,EXCEPT,EXCEPT ALL,INTERSECT,INTERSECT ALL]]></Field>
	<Field name="SqlCap" type="java.lang.String"><![CDATA[1]]></Field>
	<Field name="SubPartPattern" type="java.lang.String">null</Field>
	<Field name="TabAliasWord" type="java.lang.String"><![CDATA[AS]]></Field>
	<Field name="TechnoName" type="java.lang.String"><![CDATA[PostgreSQL]]></Field>
	<Field name="TechIntName" type="java.lang.String"><![CDATA[POSTGRESSQL]]></Field>
	<Field name="WhereCap" type="java.lang.String"><![CDATA[1]]></Field>
</Object>
<Object class="com.sunopsis.dwg.dbobj.SnpIndexType">
		<Field name="ExtVersion" type="java.lang.String">null</Field>
	<Field name="FirstDate" type="java.sql.Timestamp"><![CDATA[2024-12-23 06:21:01.0]]></Field>
	<Field name="FirstUser" type="java.lang.String"><![CDATA[SUNOPSIS_INSTALL]]></Field>
	<Field name="GlobalId" type="java.lang.String"><![CDATA[171e776d-fbfe-356c-a153-6cfc08c5041b]]></Field>
	<Field name="IndexTypeCode" type="java.lang.String"><![CDATA[NON_UNIQUE]]></Field>
	<Field name="IndexTypeName" type="java.lang.String"><![CDATA[Non-Unique]]></Field>
	<Field name="IndChange" type="java.lang.String"><![CDATA[I]]></Field>
	<Field name="IIndexType" type="com.sunopsis.sql.DbInt"><![CDATA[22]]></Field>
	<Field name="IItypeClauseTxt" type="com.sunopsis.sql.DbInt"><![CDATA[null]]></Field>
	<Field name="IItypeDescTxt" type="com.sunopsis.sql.DbInt"><![CDATA[78]]></Field>
	<Field name="ITechno" type="com.sunopsis.sql.DbInt"><![CDATA[44]]></Field>
	<Field name="LastDate" type="java.sql.Timestamp"><![CDATA[2024-12-23 06:21:01.0]]></Field>
	<Field name="LastUser" type="java.lang.String"><![CDATA[SUNOPSIS_INSTALL]]></Field>
</Object>
<Object class="com.sunopsis.dwg.dbobj.SnpMtxt">
		<Field name="Enc" type="java.lang.String">null</Field>
	<Field name="EncKey" type="java.lang.String">null</Field>
	<Field name="EncKeyVect" type="java.lang.String">null</Field>
	<Field name="FullTxt" type="java.lang.String"><![CDATA[Non-Unique Index]]></Field>
	<Field name="GlobalId" type="java.lang.String"><![CDATA[ad3e843a-c266-37be-b2b6-e0e40a8ac3fa]]></Field>
	<Field name="ITxt" type="com.sunopsis.sql.DbInt"><![CDATA[78]]></Field>
	<Field name="ITxtOrig" type="com.sunopsis.sql.DbInt"><![CDATA[20]]></Field>
	<Field name="Txt" type="java.lang.String"><![CDATA[Non-Unique Index]]></Field>
</Object>
<Object class="com.sunopsis.dwg.dbobj.SnpMorigTxt">
		<Field name="ITxtOrig" type="com.sunopsis.sql.DbInt"><![CDATA[20]]></Field>
	<Field name="OrigineName" type="java.lang.String"><![CDATA[SnpMorigTxt.IndexType.Description]]></Field>
	<Field name="SnpsCol" type="java.lang.String"><![CDATA[I_ITYPE_DESC_TXT]]></Field>
	<Field name="SnpsTable" type="java.lang.String"><![CDATA[SNP_INDEX_TYPE]]></Field>
</Object>
<Object class="com.sunopsis.dwg.dbobj.SnpIndexType">
		<Field name="ExtVersion" type="java.lang.String">null</Field>
	<Field name="FirstDate" type="java.sql.Timestamp"><![CDATA[2024-12-23 06:21:01.0]]></Field>
	<Field name="FirstUser" type="java.lang.String"><![CDATA[SUNOPSIS_INSTALL]]></Field>
	<Field name="GlobalId" type="java.lang.String"><![CDATA[9c0f4c0b-5fb6-38fc-92cd-23e6364841ad]]></Field>
	<Field name="IndexTypeCode" type="java.lang.String"><![CDATA[UNIQUE]]></Field>
	<Field name="IndexTypeName" type="java.lang.String"><![CDATA[Unique]]></Field>
	<Field name="IndChange" type="java.lang.String"><![CDATA[I]]></Field>
	<Field name="IIndexType" type="com.sunopsis.sql.DbInt"><![CDATA[23]]></Field>
	<Field name="IItypeClauseTxt" type="com.sunopsis.sql.DbInt"><![CDATA[80]]></Field>
	<Field name="IItypeDescTxt" type="com.sunopsis.sql.DbInt"><![CDATA[79]]></Field>
	<Field name="ITechno" type="com.sunopsis.sql.DbInt"><![CDATA[44]]></Field>
	<Field name="LastDate" type="java.sql.Timestamp"><![CDATA[2024-12-23 06:21:01.0]]></Field>
	<Field name="LastUser" type="java.lang.String"><![CDATA[SUNOPSIS_INSTALL]]></Field>
</Object>
<Object class="com.sunopsis.dwg.dbobj.SnpMtxt">
		<Field name="Enc" type="java.lang.String">null</Field>
	<Field name="EncKey" type="java.lang.String">null</Field>
	<Field name="EncKeyVect" type="java.lang.String">null</Field>
	<Field name="FullTxt" type="java.lang.String"><![CDATA[Unique Index]]></Field>
	<Field name="GlobalId" type="java.lang.String"><![CDATA[419ffcdf-701c-3b89-96e9-714da943f036]]></Field>
	<Field name="ITxt" type="com.sunopsis.sql.DbInt"><![CDATA[79]]></Field>
	<Field name="ITxtOrig" type="com.sunopsis.sql.DbInt"><![CDATA[20]]></Field>
	<Field name="Txt" type="java.lang.String"><![CDATA[Unique Index]]></Field>
</Object>
<Object class="com.sunopsis.dwg.dbobj.SnpMtxt">
		<Field name="Enc" type="java.lang.String">null</Field>
	<Field name="EncKey" type="java.lang.String">null</Field>
	<Field name="EncKeyVect" type="java.lang.String">null</Field>
	<Field name="FullTxt" type="java.lang.String"><![CDATA[UNIQUE]]></Field>
	<Field name="GlobalId" type="java.lang.String"><![CDATA[4e415ea6-16cb-3207-b1b1-e7e60217bba4]]></Field>
	<Field name="ITxt" type="com.sunopsis.sql.DbInt"><![CDATA[80]]></Field>
	<Field name="ITxtOrig" type="com.sunopsis.sql.DbInt"><![CDATA[21]]></Field>
	<Field name="Txt" type="java.lang.String"><![CDATA[UNIQUE]]></Field>
</Object>
<Object class="com.sunopsis.dwg.dbobj.SnpMorigTxt">
		<Field name="ITxtOrig" type="com.sunopsis.sql.DbInt"><![CDATA[21]]></Field>
	<Field name="OrigineName" type="java.lang.String"><![CDATA[SnpMorigTxt.IndexType.ClauseTxt]]></Field>
	<Field name="SnpsCol" type="java.lang.String"><![CDATA[I_ITYPE_CLAUSE_TXT]]></Field>
	<Field name="SnpsTable" type="java.lang.String"><![CDATA[SNP_INDEX_TYPE]]></Field>
</Object>
<Object class="com.sunopsis.dwg.dbobj.SnpMtxt">
		<Field name="Enc" type="java.lang.String">null</Field>
	<Field name="EncKey" type="java.lang.String">null</Field>
	<Field name="EncKeyVect" type="java.lang.String">null</Field>
	<Field name="FullTxt" type="java.lang.String"><![CDATA[SELECT MyindexClass.relname  as INDEX_NAME ,
		Mycolumn.attname as COLUMN_NAME,
		1 as POSITION
		FROM pg_index Myindex, 
		pg_class Mytable,
		pg_class MyindexClass,
		pg_attribute Mycolumn     
		WHERE Mytable.relname='client'       
		AND Mytable.oid=Myindex.indrelid 
		AND Myindex.indisunique != 't'      
		AND Myindex.indisprimary != 't'
		AND MyindexClass.relkind = 'i' 
		AND MyindexClass.oid = Myindex.indexrelid
		AND Mytable.oid = Mycolumn.attrelid
		AND Mycolumn.attnum>0
		AND Mycolumn.attnum = Myindex.indKey[0]
union
SELECT MyindexClass.relname   ,
		Mycolumn.attname ,
		2 
		FROM pg_index Myindex, 
		pg_class Mytable,
		pg_class MyindexClass,
		pg_attribute Mycolumn     
		WHERE Mytable.relname='client'       
		AND Mytable.oid=Myindex.indrelid 
		AND Myindex.indisunique != 't'      
		AND Myindex.indisprimary != 't'
		AND MyindexClass.relkind = 'i' 
		AND MyindexClass.oid = Myindex.indexrelid
		AND Mytable.oid = Mycolumn.attrelid
		AND Mycolumn.attnum>0
		AND Mycolumn.attnum = Myindex.indKey[1]
union
SELECT MyindexClass.relname   ,
		Mycolumn.attname ,
		3 
		FROM pg_index Myindex, 
		pg_class Mytable,
		pg_class MyindexClass,
		pg_attribute Mycolumn     
		WHERE Mytable.relname='client'       
		AND Mytable.oid=Myindex.indrelid 
		AND Myindex.indisunique != 't'      
		AND Myindex.indisprimary != 't'
		AND MyindexClass.relkind = 'i' 
		AND MyindexClass.oid = Myindex.indexrelid
		AND Mytable.oid = Mycolumn.attrelid
		AND Mycolumn.attnum>0
		AND Mycolumn.attnum = Myindex.indKey[2]
union
SELECT MyindexClass.relname   ,
		Mycolumn.attname ,
		4 
		FROM pg_index Myindex, 
		pg_class Mytable,
		pg_class MyindexClass,
		pg_attribute Mycolumn     
		WHERE Mytable.relname='client'       
		AND Mytable.oid=Myindex.indrelid 
		AND Myindex.indisunique != 't'      
		AND Myindex.indisprimary != 't'
		AND MyindexClass.relkind = 'i' 
		AND MyindexClass.oid = Myindex.indexrelid
		AND Mytable.oid = Mycolumn.attrelid
		AND Mycolumn.attnum>0
		AND Mycolumn.attnum = Myindex.indKey[3]]]></Field>
	<Field name="GlobalId" type="java.lang.String"><![CDATA[9ded03c6-f272-3aef-b31d-3bca59237a08]]></Field>
	<Field name="ITxt" type="com.sunopsis.sql.DbInt"><![CDATA[81]]></Field>
	<Field name="ITxtOrig" type="com.sunopsis.sql.DbInt"><![CDATA[5]]></Field>
	<Field name="Txt" type="java.lang.String"><![CDATA[SELECT MyindexClass.relname  as INDEX_NAME ,
		Mycolumn.attname as COLUMN_NAME,
		1 as POSITION
		FROM pg_index Myindex, 
		pg_class Mytable,
		pg_class MyindexClass,
		pg_attribute Mycolumn     
		WHERE Mytable.relname='client'       
		AND Mytable.oid=Myindex.indrelid 
		AND Myindex.indisunique != 't'      
		AND Myindex.indisprimary != 't'
		AND MyindexClass.relkind = 'i' 
		AND MyindexClass.oid = Myindex.indexrelid
		AND Mytable.oid = Mycolumn.attrelid
		AND Mycolumn.attnum>0
		AND Mycolumn.attnum = Myindex.indKey[0]
union
SELECT MyindexClass.relname   ,
		Mycolumn.attname ,
		2 
		FROM pg_index Myindex, 
		pg_class Mytable,
		pg_class MyindexClass,
		pg_attribute Mycolumn     
		WHERE Mytable.relname='client'       
		AND Mytable.oid=Myindex.indrelid 
		AND Myindex.indisunique != 't'      
		AND Myindex.indisprimary != 't'
		AND MyindexClass.relkind = 'i' 
		AND MyindexClass.oid = Myindex.indexrelid
		AND Mytable.oid = Mycolumn.attrelid
		AND Mycolumn.attnum>0
		AND Mycolumn.attnum = Myindex.indKey[1]
union
SELECT MyindexClass.relname   ,
		Mycolumn.attname ,
		3 
		FROM pg_index Myindex, 
		pg_class Mytable,
		pg_class MyindexClass,
		pg_attribute Mycolumn     
		WHERE Mytable.relname='client'       
		AND Mytable.oid=Myindex.indrelid 
		AND Myindex.indisunique != 't'      
		AND Myindex.indisprimary != 't'
		AND MyindexClass.relkind = 'i' 
		AND MyindexClass.oid = Myindex.indexrelid
		AND Mytable.oid = Mycolumn.attrelid
		AND Mycolumn.attnum>0
		AND Mycolumn.attnum = Myindex.indKey[2]
union
SELECT MyindexClass.relname   ,
		Mycolumn.attname ,
		4 
		FROM pg_index Myindex, 
		pg_class Mytable,
		pg_class MyindexClass,
		pg_attribute Mycolumn     
		WHERE Mytable.relname='client'       
		AND Mytable.oid=Myindex.indrelid 
		AND Myindex.indisunique != 't'      
		AND Myindex.indisprimary != 't'
		AND MyindexClass.relkind = 'i' 
		AND MyindexClass.oid = Myindex.indexrelid
		AND Mytable.oid = Mycolumn.attrelid
		AND Mycolumn.attnum>0
		AND Mycolumn.attnum = Myindex.indKey[3]]]></Field>
</Object>
<Object class="com.sunopsis.dwg.dbobj.SnpMorigTxt">
		<Field name="ITxtOrig" type="com.sunopsis.sql.DbInt"><![CDATA[5]]></Field>
	<Field name="OrigineName" type="java.lang.String"><![CDATA[SnpMorigTxt.Techno.IndexReverseTxt]]></Field>
	<Field name="SnpsCol" type="java.lang.String"><![CDATA[I_CHECK_TXT]]></Field>
	<Field name="SnpsTable" type="java.lang.String"><![CDATA[SNP_TECHNO]]></Field>
</Object>
<Object class="com.sunopsis.dwg.dbobj.SnpMtxt">
		<Field name="Enc" type="java.lang.String">null</Field>
	<Field name="EncKey" type="java.lang.String">null</Field>
	<Field name="EncKeyVect" type="java.lang.String">null</Field>
	<Field name="FullTxt" type="java.lang.String"><![CDATA[select c.relname as SEQUENCE_NAME
from pg_class c, pg_namespace ns
where upper(c.relkind) = 'S'
and c.relnamespace = ns.oid
and ns.nspname = :SCHEMA
order by c.relname]]></Field>
	<Field name="GlobalId" type="java.lang.String"><![CDATA[b5e07b92-8f5e-3bb6-b15c-c1235ef9e207]]></Field>
	<Field name="ITxt" type="com.sunopsis.sql.DbInt"><![CDATA[82]]></Field>
	<Field name="ITxtOrig" type="com.sunopsis.sql.DbInt"><![CDATA[19]]></Field>
	<Field name="Txt" type="java.lang.String"><![CDATA[select c.relname as SEQUENCE_NAME
from pg_class c, pg_namespace ns
where upper(c.relkind) = 'S'
and c.relnamespace = ns.oid
and ns.nspname = :SCHEMA
order by c.relname]]></Field>
</Object>
<Object class="com.sunopsis.dwg.dbobj.SnpMorigTxt">
		<Field name="ITxtOrig" type="com.sunopsis.sql.DbInt"><![CDATA[19]]></Field>
	<Field name="OrigineName" type="java.lang.String"><![CDATA[SnpMorigTxt.Techno.SeqReverseTxt]]></Field>
	<Field name="SnpsCol" type="java.lang.String"><![CDATA[I_SEQ_TXT]]></Field>
	<Field name="SnpsTable" type="java.lang.String"><![CDATA[SNP_TECHNO]]></Field>
</Object>
<Object class="com.sunopsis.dwg.dbobj.SnpMtxt">
		<Field name="Enc" type="java.lang.String">null</Field>
	<Field name="EncKey" type="java.lang.String">null</Field>
	<Field name="EncKeyVect" type="java.lang.String">null</Field>
	<Field name="FullTxt" type="java.lang.String"><![CDATA[ SELECT	c.conname  AS CHECK_NAME, 
	c.consrc  as CHECK_TXT,
	'1' as CHECK_STATUS,
	c.conname ||  ' Non Respect�e'  as CHECK_DESC
 FROM pg_namespace nc, pg_namespace nr, pg_constraint c, pg_class r
 WHERE 	c.contype ='c' 
and 	nc.oid = c.connamespace 
and 	nr.oid = r.relnamespace 
and 	c.conrelid = r.oid AND r.relkind = 'r' 
and 	pg_has_role(r.relowner, 'MEMBER')
and	nr.nspname	=  :SCHEMA
and	r.relname	= :TABLE
]]></Field>
	<Field name="GlobalId" type="java.lang.String"><![CDATA[2950c2ef-2976-3c96-b654-b2025b754588]]></Field>
	<Field name="ITxt" type="com.sunopsis.sql.DbInt"><![CDATA[83]]></Field>
	<Field name="ITxtOrig" type="com.sunopsis.sql.DbInt"><![CDATA[4]]></Field>
	<Field name="Txt" type="java.lang.String"><![CDATA[ SELECT	c.conname  AS CHECK_NAME, 
	c.consrc  as CHECK_TXT,
	'1' as CHECK_STATUS,
	c.conname ||  ' Non Respect�e'  as CHECK_DESC
 FROM pg_namespace nc, pg_namespace nr, pg_constraint c, pg_class r
 WHERE 	c.contype ='c' 
and 	nc.oid = c.connamespace 
and 	nr.oid = r.relnamespace 
and 	c.conrelid = r.oid AND r.relkind = 'r' 
and 	pg_has_role(r.relowner, 'MEMBER')
and	nr.nspname	=  :SCHEMA
and	r.relname	= :TABLE
]]></Field>
</Object>
<Object class="com.sunopsis.dwg.dbobj.SnpMorigTxt">
		<Field name="ITxtOrig" type="com.sunopsis.sql.DbInt"><![CDATA[4]]></Field>
	<Field name="OrigineName" type="java.lang.String"><![CDATA[SnpMorigTxt.Techno.CheckReverseTxt]]></Field>
	<Field name="SnpsCol" type="java.lang.String"><![CDATA[I_INDEX_TXT]]></Field>
	<Field name="SnpsTable" type="java.lang.String"><![CDATA[SNP_TECHNO]]></Field>
</Object>
<Object class="com.sunopsis.dwg.dbobj.SnpMtxt">
		<Field name="Enc" type="java.lang.String">null</Field>
	<Field name="EncKey" type="java.lang.String">null</Field>
	<Field name="EncKeyVect" type="java.lang.String">null</Field>
	<Field name="FullTxt" type="java.lang.String"><![CDATA[select	
	TP.table_name as PK_TABLE_NAME,
	FK.constraint_name as FK_NAME,
	CF.column_name as FK_COLUMN_NAME,
	CP.column_name as PK_COLUMN_NAME
from 	information_schema.referential_constraints FK,
	information_schema.table_constraints TF,
	information_schema.key_column_usage  CF,
	information_schema.table_constraints TP,
	information_schema.key_column_usage  CP
where	FK.constraint_name = TF.constraint_name
	And	FK.constraint_schema = TF.constraint_schema
	And	TF.constraint_type='FOREIGN KEY'
	And	TF.constraint_name = CF.constraint_name
	And	TF.table_schema = CF.table_schema
	And	TF.table_name = CF.table_name
	And	FK.unique_constraint_name = TP.constraint_name
	And	FK.unique_constraint_schema = TP.constraint_schema
	And	TP.constraint_type='PRIMARY KEY'
	And	TP.constraint_name = CP.constraint_name
	And	TP.table_schema = CP.table_schema
	And	TP.table_name = CP.table_name
	And 	CF.ordinal_position = CP.ordinal_position
	And 	TF.table_name = :TABLE
	And 	FK.constraint_schema = :SCHEMA
	And 	TF.constraint_schema = :SCHEMA



]]></Field>
	<Field name="GlobalId" type="java.lang.String"><![CDATA[e0dbd565-b93b-377e-8560-ab8f21783edc]]></Field>
	<Field name="ITxt" type="com.sunopsis.sql.DbInt"><![CDATA[84]]></Field>
	<Field name="ITxtOrig" type="com.sunopsis.sql.DbInt"><![CDATA[16]]></Field>
	<Field name="Txt" type="java.lang.String"><![CDATA[select	
	TP.table_name as PK_TABLE_NAME,
	FK.constraint_name as FK_NAME,
	CF.column_name as FK_COLUMN_NAME,
	CP.column_name as PK_COLUMN_NAME
from 	information_schema.referential_constraints FK,
	information_schema.table_constraints TF,
	information_schema.key_column_usage  CF,
	information_schema.table_constraints TP,
	information_schema.key_column_usage  CP
where	FK.constraint_name = TF.constraint_name
	And	FK.constraint_schema = TF.constraint_schema
	And	TF.constraint_type='FOREIGN KEY'
	And	TF.constraint_name = CF.constraint_name
	And	TF.table_schema = CF.table_schema
	And	TF.table_name = CF.table_name
	And	FK.unique_constraint_name = TP.constraint_name
	And	FK.unique_constraint_schema = TP.constraint_schema
	And	TP.constraint_type='PRIMARY KEY'
	And	TP.constraint_name = CP.constraint_name
	And	TP.table_schema = CP.table_schema
	And	TP.table_name = CP.table_name
	And 	CF.ordinal_position = CP.ordinal_position
	And 	TF.table_name = :TABLE
	And 	FK.constraint_schema = :SCHEMA
	And 	TF.constraint_schema = :SCHEMA



]]></Field>
</Object>
<Object class="com.sunopsis.dwg.dbobj.SnpMorigTxt">
		<Field name="ITxtOrig" type="com.sunopsis.sql.DbInt"><![CDATA[16]]></Field>
	<Field name="OrigineName" type="java.lang.String"><![CDATA[SnpMorigTxt.Techno.FkReverseTxt]]></Field>
	<Field name="SnpsCol" type="java.lang.String"><![CDATA[I_FK_TXT]]></Field>
	<Field name="SnpsTable" type="java.lang.String"><![CDATA[SNP_TECHNO]]></Field>
</Object>
<Object class="com.sunopsis.dwg.dbobj.SnpMtxt">
		<Field name="Enc" type="java.lang.String">null</Field>
	<Field name="EncKey" type="java.lang.String">null</Field>
	<Field name="EncKeyVect" type="java.lang.String">null</Field>
	<Field name="FullTxt" type="java.lang.String"><![CDATA[Select 	KE.constraint_name as AK_NAME,
	KC.column_name	as COLUMN_NAME,
	KC.ordinal_position as POS
From 	information_schema.table_constraints KE,
	information_schema.key_column_usage KC
where
	KE.constraint_type =  'UNIQUE'
and	KE.constraint_schema = KC.constraint_schema
and	KE.constraint_name = KC.constraint_name
and	KE.table_schema =  :SCHEMA
and	KE.table_name	= :TABLE
]]></Field>
	<Field name="GlobalId" type="java.lang.String"><![CDATA[b68c80ce-2d5a-31bc-af82-0e10b3847064]]></Field>
	<Field name="ITxt" type="com.sunopsis.sql.DbInt"><![CDATA[85]]></Field>
	<Field name="ITxtOrig" type="com.sunopsis.sql.DbInt"><![CDATA[3]]></Field>
	<Field name="Txt" type="java.lang.String"><![CDATA[Select 	KE.constraint_name as AK_NAME,
	KC.column_name	as COLUMN_NAME,
	KC.ordinal_position as POS
From 	information_schema.table_constraints KE,
	information_schema.key_column_usage KC
where
	KE.constraint_type =  'UNIQUE'
and	KE.constraint_schema = KC.constraint_schema
and	KE.constraint_name = KC.constraint_name
and	KE.table_schema =  :SCHEMA
and	KE.table_name	= :TABLE
]]></Field>
</Object>
<Object class="com.sunopsis.dwg.dbobj.SnpMorigTxt">
		<Field name="ITxtOrig" type="com.sunopsis.sql.DbInt"><![CDATA[3]]></Field>
	<Field name="OrigineName" type="java.lang.String"><![CDATA[SnpMorigTxt.Techno.AkReverseTxt]]></Field>
	<Field name="SnpsCol" type="java.lang.String"><![CDATA[I_AK_TXT]]></Field>
	<Field name="SnpsTable" type="java.lang.String"><![CDATA[SNP_TECHNO]]></Field>
</Object>
<Object class="com.sunopsis.dwg.dbobj.SnpMtxt">
		<Field name="Enc" type="java.lang.String">null</Field>
	<Field name="EncKey" type="java.lang.String">null</Field>
	<Field name="EncKeyVect" type="java.lang.String">null</Field>
	<Field name="FullTxt" type="java.lang.String"><![CDATA[Select 	KE.constraint_name as PK_NAME,
	KC.column_name	as COLUMN_NAME,
	KC.ordinal_position as POS
From 	information_schema.table_constraints KE,
	information_schema.key_column_usage KC
where
	KE.constraint_type = 'PRIMARY KEY'
And	KE.constraint_schema = KC.constraint_schema
And	KE.constraint_name = KC.constraint_name
And	KE.table_schema =  :SCHEMA
and	KE.table_name	= :TABLE]]></Field>
	<Field name="GlobalId" type="java.lang.String"><![CDATA[10eac05a-fe02-3966-b815-abfd7a0a6ec6]]></Field>
	<Field name="ITxt" type="com.sunopsis.sql.DbInt"><![CDATA[86]]></Field>
	<Field name="ITxtOrig" type="com.sunopsis.sql.DbInt"><![CDATA[15]]></Field>
	<Field name="Txt" type="java.lang.String"><![CDATA[Select 	KE.constraint_name as PK_NAME,
	KC.column_name	as COLUMN_NAME,
	KC.ordinal_position as POS
From 	information_schema.table_constraints KE,
	information_schema.key_column_usage KC
where
	KE.constraint_type = 'PRIMARY KEY'
And	KE.constraint_schema = KC.constraint_schema
And	KE.constraint_name = KC.constraint_name
And	KE.table_schema =  :SCHEMA
and	KE.table_name	= :TABLE]]></Field>
</Object>
<Object class="com.sunopsis.dwg.dbobj.SnpMorigTxt">
		<Field name="ITxtOrig" type="com.sunopsis.sql.DbInt"><![CDATA[15]]></Field>
	<Field name="OrigineName" type="java.lang.String"><![CDATA[SnpMorigTxt.Techno.PkReverseTxt]]></Field>
	<Field name="SnpsCol" type="java.lang.String"><![CDATA[I_PK_TXT]]></Field>
	<Field name="SnpsTable" type="java.lang.String"><![CDATA[SNP_TECHNO]]></Field>
</Object>
<Object class="com.sunopsis.dwg.dbobj.SnpGrpAction">
		<Field name="FirstDate" type="java.sql.Timestamp"><![CDATA[2024-12-23 06:21:01.0]]></Field>
	<Field name="FirstUser" type="java.lang.String"><![CDATA[SUNOPSIS_INSTALL]]></Field>
	<Field name="GlobalId" type="java.lang.String"><![CDATA[5a79eb2e-0e7b-3f6a-bfe6-d171e8713fc7]]></Field>
	<Field name="GrpCode" type="java.lang.String"><![CDATA[POSTGRES_DEFAULT]]></Field>
	<Field name="GrpName" type="java.lang.String"><![CDATA[Postgres Default]]></Field>
	<Field name="IndDefault" type="java.lang.String"><![CDATA[1]]></Field>
	<Field name="IGrpAction" type="com.sunopsis.sql.DbInt"><![CDATA[4]]></Field>
	<Field name="ITechno" type="com.sunopsis.sql.DbInt"><![CDATA[44]]></Field>
	<Field name="ITxtDesc" type="com.sunopsis.sql.DbInt"><![CDATA[null]]></Field>
	<Field name="LastDate" type="java.sql.Timestamp"><![CDATA[2024-12-23 06:21:01.0]]></Field>
	<Field name="LastUser" type="java.lang.String"><![CDATA[SUNOPSIS_INSTALL]]></Field>
</Object>
<Object class="com.sunopsis.dwg.dbobj.SnpAction">
		<Field name="ActionName" type="java.lang.String"><![CDATA[Modify Column Attributes]]></Field>
	<Field name="ActionType" type="com.sunopsis.sql.DbInt"><![CDATA[8]]></Field>
	<Field name="FirstDate" type="java.sql.Timestamp"><![CDATA[2024-12-23 06:21:01.0]]></Field>
	<Field name="FirstUser" type="java.lang.String"><![CDATA[SUNOPSIS_INSTALL]]></Field>
	<Field name="GlobalId" type="java.lang.String"><![CDATA[60bd3ea3-613f-3988-add4-466f1fea01a5]]></Field>
	<Field name="IAction" type="com.sunopsis.sql.DbInt"><![CDATA[13]]></Field>
	<Field name="IGrpAction" type="com.sunopsis.sql.DbInt"><![CDATA[4]]></Field>
	<Field name="ITxtDesc" type="com.sunopsis.sql.DbInt"><![CDATA[null]]></Field>
	<Field name="LastDate" type="java.sql.Timestamp"><![CDATA[2024-12-23 06:21:01.0]]></Field>
	<Field name="LastUser" type="java.lang.String"><![CDATA[SUNOPSIS_INSTALL]]></Field>
</Object>
<Object class="com.sunopsis.dwg.dbobj.SnpLineAction">
		<Field name="ConnectId" type="java.lang.String">null</Field>
	<Field name="FirstDate" type="java.sql.Timestamp"><![CDATA[2024-12-23 06:21:01.0]]></Field>
	<Field name="FirstUser" type="java.lang.String"><![CDATA[SUNOPSIS_INSTALL]]></Field>
	<Field name="GlobalId" type="java.lang.String"><![CDATA[c5fcc253-205f-31bc-9eb6-145c2273e28d]]></Field>
	<Field name="IgnoreError" type="java.lang.String"><![CDATA[0]]></Field>
	<Field name="IndCommit" type="java.lang.String"><![CDATA[0]]></Field>
	<Field name="IndLogMethod" type="java.lang.String">null</Field>
	<Field name="IndLogNb" type="java.lang.String"><![CDATA[3]]></Field>
	<Field name="IsolLevel" type="java.lang.String">null</Field>
	<Field name="IAction" type="com.sunopsis.sql.DbInt"><![CDATA[13]]></Field>
	<Field name="ITxtAction" type="com.sunopsis.sql.DbInt"><![CDATA[87]]></Field>
	<Field name="LastDate" type="java.sql.Timestamp"><![CDATA[2024-12-23 06:21:01.0]]></Field>
	<Field name="LastUser" type="java.lang.String"><![CDATA[SUNOPSIS_INSTALL]]></Field>
	<Field name="LineActionName" type="java.lang.String"><![CDATA[Modify Column Datatype]]></Field>
	<Field name="OrdAction" type="com.sunopsis.sql.DbInt"><![CDATA[10]]></Field>
</Object>
<Object class="com.sunopsis.dwg.dbobj.SnpMtxt">
		<Field name="Enc" type="java.lang.String">null</Field>
	<Field name="EncKey" type="java.lang.String">null</Field>
	<Field name="EncKeyVect" type="java.lang.String">null</Field>
	<Field name="FullTxt" type="java.lang.String"><![CDATA[<% /* Handle any data type change */
 if ( odiRef.isColAttrChanged("DATATYPE") || odiRef.isColAttrChanged("LENGTH") || odiRef.isColAttrChanged("PRECISION") )
{%>    
alter table <%= odiRef.getTable("L", "TARG_NAME", "A") %>   alter column <%= odiRef.getColumn("[COL_NAME] type [DEST_CRE_DT]","NEW") %> 
<%} else {%>
-- No data type change required
<%};%>]]></Field>
	<Field name="GlobalId" type="java.lang.String"><![CDATA[6864cd0c-3e2c-3c2f-8a23-6d41dd6620ba]]></Field>
	<Field name="ITxt" type="com.sunopsis.sql.DbInt"><![CDATA[87]]></Field>
	<Field name="ITxtOrig" type="com.sunopsis.sql.DbInt"><![CDATA[2]]></Field>
	<Field name="Txt" type="java.lang.String"><![CDATA[<% /* Handle any data type change */
 if ( odiRef.isColAttrChanged("DATATYPE") || odiRef.isColAttrChanged("LENGTH") || odiRef.isColAttrChanged("PRECISION") )
{%>    
alter table <%= odiRef.getTable("L", "TARG_NAME", "A") %>   alter column <%= odiRef.getColumn("[COL_NAME] type [DEST_CRE_DT]","NEW") %> 
<%} else {%>
-- No data type change required
<%};%>]]></Field>
</Object>
<Object class="com.sunopsis.dwg.dbobj.SnpMorigTxt">
		<Field name="ITxtOrig" type="com.sunopsis.sql.DbInt"><![CDATA[2]]></Field>
	<Field name="OrigineName" type="java.lang.String"><![CDATA[MOrigTxt.Action.ActionLine]]></Field>
	<Field name="SnpsCol" type="java.lang.String"><![CDATA[I_TXT_ACTION]]></Field>
	<Field name="SnpsTable" type="java.lang.String"><![CDATA[SNP_LINE_ACTION]]></Field>
</Object>
<Object class="com.sunopsis.dwg.dbobj.SnpLineAction">
		<Field name="ConnectId" type="java.lang.String">null</Field>
	<Field name="FirstDate" type="java.sql.Timestamp"><![CDATA[2024-12-23 06:21:01.0]]></Field>
	<Field name="FirstUser" type="java.lang.String"><![CDATA[SUNOPSIS_INSTALL]]></Field>
	<Field name="GlobalId" type="java.lang.String"><![CDATA[bf061df0-7018-31f0-9525-2fd08ab9c2a2]]></Field>
	<Field name="IgnoreError" type="java.lang.String"><![CDATA[0]]></Field>
	<Field name="IndCommit" type="java.lang.String"><![CDATA[0]]></Field>
	<Field name="IndLogMethod" type="java.lang.String">null</Field>
	<Field name="IndLogNb" type="java.lang.String"><![CDATA[3]]></Field>
	<Field name="IsolLevel" type="java.lang.String">null</Field>
	<Field name="IAction" type="com.sunopsis.sql.DbInt"><![CDATA[13]]></Field>
	<Field name="ITxtAction" type="com.sunopsis.sql.DbInt"><![CDATA[88]]></Field>
	<Field name="LastDate" type="java.sql.Timestamp"><![CDATA[2024-12-23 06:21:01.0]]></Field>
	<Field name="LastUser" type="java.lang.String"><![CDATA[SUNOPSIS_INSTALL]]></Field>
	<Field name="LineActionName" type="java.lang.String"><![CDATA[Modify Column Default]]></Field>
	<Field name="OrdAction" type="com.sunopsis.sql.DbInt"><![CDATA[20]]></Field>
</Object>
<Object class="com.sunopsis.dwg.dbobj.SnpMtxt">
		<Field name="Enc" type="java.lang.String">null</Field>
	<Field name="EncKey" type="java.lang.String">null</Field>
	<Field name="EncKeyVect" type="java.lang.String">null</Field>
	<Field name="FullTxt" type="java.lang.String"><![CDATA[<% /* Handle any change of default value */ 
if ( odiRef.isColAttrChanged("DEFAULT") )
{ if ( odiRef.getColumn("DEF_VALUE", "NEW").equals("") ) {%>    
alter table <%= odiRef.getTable("L", "TARG_NAME", "A") %>   alter column <%= odiRef.getColumn("[COL_NAME] drop default","NEW") %> 
<%} else {%>
alter table <%= odiRef.getTable("L", "TARG_NAME", "A") %>   alter column <%= odiRef.getColumn("[COL_NAME] set [DEFAULT_CLAUSE]","NEW") %> 
<%}; }  else {%>
-- No column default change required
<%};%>]]></Field>
	<Field name="GlobalId" type="java.lang.String"><![CDATA[006b3f64-693e-3e79-b1af-42003feeb83a]]></Field>
	<Field name="ITxt" type="com.sunopsis.sql.DbInt"><![CDATA[88]]></Field>
	<Field name="ITxtOrig" type="com.sunopsis.sql.DbInt"><![CDATA[2]]></Field>
	<Field name="Txt" type="java.lang.String"><![CDATA[<% /* Handle any change of default value */ 
if ( odiRef.isColAttrChanged("DEFAULT") )
{ if ( odiRef.getColumn("DEF_VALUE", "NEW").equals("") ) {%>    
alter table <%= odiRef.getTable("L", "TARG_NAME", "A") %>   alter column <%= odiRef.getColumn("[COL_NAME] drop default","NEW") %> 
<%} else {%>
alter table <%= odiRef.getTable("L", "TARG_NAME", "A") %>   alter column <%= odiRef.getColumn("[COL_NAME] set [DEFAULT_CLAUSE]","NEW") %> 
<%}; }  else {%>
-- No column default change required
<%};%>]]></Field>
</Object>
<Object class="com.sunopsis.dwg.dbobj.SnpLineAction">
		<Field name="ConnectId" type="java.lang.String">null</Field>
	<Field name="FirstDate" type="java.sql.Timestamp"><![CDATA[2024-12-23 06:21:01.0]]></Field>
	<Field name="FirstUser" type="java.lang.String"><![CDATA[SUNOPSIS_INSTALL]]></Field>
	<Field name="GlobalId" type="java.lang.String"><![CDATA[11a84e35-1b93-3d9c-82c9-0054c31c7f0f]]></Field>
	<Field name="IgnoreError" type="java.lang.String"><![CDATA[0]]></Field>
	<Field name="IndCommit" type="java.lang.String"><![CDATA[0]]></Field>
	<Field name="IndLogMethod" type="java.lang.String">null</Field>
	<Field name="IndLogNb" type="java.lang.String"><![CDATA[3]]></Field>
	<Field name="IsolLevel" type="java.lang.String">null</Field>
	<Field name="IAction" type="com.sunopsis.sql.DbInt"><![CDATA[13]]></Field>
	<Field name="ITxtAction" type="com.sunopsis.sql.DbInt"><![CDATA[89]]></Field>
	<Field name="LastDate" type="java.sql.Timestamp"><![CDATA[2024-12-23 06:21:01.0]]></Field>
	<Field name="LastUser" type="java.lang.String"><![CDATA[SUNOPSIS_INSTALL]]></Field>
	<Field name="LineActionName" type="java.lang.String"><![CDATA[Modify Column Nullable]]></Field>
	<Field name="OrdAction" type="com.sunopsis.sql.DbInt"><![CDATA[30]]></Field>
</Object>
<Object class="com.sunopsis.dwg.dbobj.SnpMtxt">
		<Field name="Enc" type="java.lang.String">null</Field>
	<Field name="EncKey" type="java.lang.String">null</Field>
	<Field name="EncKeyVect" type="java.lang.String">null</Field>
	<Field name="FullTxt" type="java.lang.String"><![CDATA[<% /* Handle any change of NULLable attribute */ 
if ( odiRef.isColAttrChanged("NULL_TO_NOTNULL") )
{%>    
alter table <%= odiRef.getTable("L", "TARG_NAME", "A") %>   alter column <%= odiRef.getColumn("[COL_NAME] set [MANDATORY_CLAUSE]","NEW") %> 
<%} else  
      /* Handle any change of NULLable attribute */ if ( odiRef.isColAttrChanged("NOTNULL_TO_NULL") )
{%>    
alter table <%= odiRef.getTable("L", "TARG_NAME", "A") %>   alter column <%= odiRef.getColumn("[COL_NAME] drop not null","NEW") %> 
<%} else {%>
-- No change in NULLable attribute required
<%}%>]]></Field>
	<Field name="GlobalId" type="java.lang.String"><![CDATA[2afd522e-df7b-31fd-9815-e8f1861d5237]]></Field>
	<Field name="ITxt" type="com.sunopsis.sql.DbInt"><![CDATA[89]]></Field>
	<Field name="ITxtOrig" type="com.sunopsis.sql.DbInt"><![CDATA[2]]></Field>
	<Field name="Txt" type="java.lang.String"><![CDATA[<% /* Handle any change of NULLable attribute */ 
if ( odiRef.isColAttrChanged("NULL_TO_NOTNULL") )
{%>    
alter table <%= odiRef.getTable("L", "TARG_NAME", "A") %>   alter column <%= odiRef.getColumn("[COL_NAME] set [MANDATORY_CLAUSE]","NEW") %> 
<%} else  
      /* Handle any change of NULLable attribute */ if ( odiRef.isColAttrChanged("NOTNULL_TO_NULL") )
{%>    
alter table <%= odiRef.getTable("L", "TARG_NAME", "A") %>   alter column <%= odiRef.getColumn("[COL_NAME] drop not null","NEW") %> 
<%} else {%>
-- No change in NULLable attribute required
<%}%>]]></Field>
</Object>
<Object class="com.sunopsis.dwg.dbobj.SnpFKXRef">
		<Field name="RefKey" type="java.lang.String"><![CDATA[SNP_MTXT.86]]></Field>
	<Field name="RefObjGlobalId" type="java.lang.String"><![CDATA[10eac05a-fe02-3966-b815-abfd7a0a6ec6]]></Field>
</Object>
<Object class="com.sunopsis.dwg.dbobj.SnpFKXRef">
		<Field name="RefKey" type="java.lang.String"><![CDATA[SNP_MTXT.85]]></Field>
	<Field name="RefObjGlobalId" type="java.lang.String"><![CDATA[b68c80ce-2d5a-31bc-af82-0e10b3847064]]></Field>
</Object>
<Object class="com.sunopsis.dwg.dbobj.SnpFKXRef">
		<Field name="RefKey" type="java.lang.String"><![CDATA[SNP_MTXT.84]]></Field>
	<Field name="RefObjGlobalId" type="java.lang.String"><![CDATA[e0dbd565-b93b-377e-8560-ab8f21783edc]]></Field>
</Object>
<Object class="com.sunopsis.dwg.dbobj.SnpFKXRef">
		<Field name="RefKey" type="java.lang.String"><![CDATA[SNP_MTXT.81]]></Field>
	<Field name="RefObjGlobalId" type="java.lang.String"><![CDATA[9ded03c6-f272-3aef-b31d-3bca59237a08]]></Field>
</Object>
<Object class="com.sunopsis.dwg.dbobj.SnpFKXRef">
		<Field name="RefKey" type="java.lang.String"><![CDATA[SNP_MTXT.83]]></Field>
	<Field name="RefObjGlobalId" type="java.lang.String"><![CDATA[2950c2ef-2976-3c96-b654-b2025b754588]]></Field>
</Object>
<Object class="com.sunopsis.dwg.dbobj.SnpFKXRef">
		<Field name="RefKey" type="java.lang.String"><![CDATA[SNP_MTXT.82]]></Field>
	<Field name="RefObjGlobalId" type="java.lang.String"><![CDATA[b5e07b92-8f5e-3bb6-b15c-c1235ef9e207]]></Field>
</Object>
<Object class="com.sunopsis.dwg.dbobj.SnpFKXRef">
		<Field name="RefKey" type="java.lang.String"><![CDATA[SNP_TECHNO.44]]></Field>
	<Field name="RefObjGlobalId" type="java.lang.String"><![CDATA[dfe7fce5-fec6-30af-a181-2026dbf6e6b3]]></Field>
</Object>
<Object class="com.sunopsis.dwg.dbobj.SnpFKXRef">
		<Field name="RefKey" type="java.lang.String"><![CDATA[SNP_MTXT.78]]></Field>
	<Field name="RefObjGlobalId" type="java.lang.String"><![CDATA[ad3e843a-c266-37be-b2b6-e0e40a8ac3fa]]></Field>
</Object>
<Object class="com.sunopsis.dwg.dbobj.SnpFKXRef">
		<Field name="RefKey" type="java.lang.String"><![CDATA[SNP_MTXT.80]]></Field>
	<Field name="RefObjGlobalId" type="java.lang.String"><![CDATA[4e415ea6-16cb-3207-b1b1-e7e60217bba4]]></Field>
</Object>
<Object class="com.sunopsis.dwg.dbobj.SnpFKXRef">
		<Field name="RefKey" type="java.lang.String"><![CDATA[SNP_MTXT.79]]></Field>
	<Field name="RefObjGlobalId" type="java.lang.String"><![CDATA[419ffcdf-701c-3b89-96e9-714da943f036]]></Field>
</Object>
<Object class="com.sunopsis.dwg.dbobj.SnpFKXRef">
		<Field name="RefKey" type="java.lang.String"><![CDATA[SNP_GRPACTION.4]]></Field>
	<Field name="RefObjGlobalId" type="java.lang.String"><![CDATA[5a79eb2e-0e7b-3f6a-bfe6-d171e8713fc7]]></Field>
</Object>
<Object class="com.sunopsis.dwg.dbobj.SnpFKXRef">
		<Field name="RefKey" type="java.lang.String"><![CDATA[SNP_ACTION.13]]></Field>
	<Field name="RefObjGlobalId" type="java.lang.String"><![CDATA[60bd3ea3-613f-3988-add4-466f1fea01a5]]></Field>
</Object>
<Object class="com.sunopsis.dwg.dbobj.SnpFKXRef">
		<Field name="RefKey" type="java.lang.String"><![CDATA[SNP_MTXT.87]]></Field>
	<Field name="RefObjGlobalId" type="java.lang.String"><![CDATA[6864cd0c-3e2c-3c2f-8a23-6d41dd6620ba]]></Field>
</Object>
<Object class="com.sunopsis.dwg.dbobj.SnpFKXRef">
		<Field name="RefKey" type="java.lang.String"><![CDATA[SNP_MTXT.88]]></Field>
	<Field name="RefObjGlobalId" type="java.lang.String"><![CDATA[006b3f64-693e-3e79-b1af-42003feeb83a]]></Field>
</Object>
<Object class="com.sunopsis.dwg.dbobj.SnpFKXRef">
		<Field name="RefKey" type="java.lang.String"><![CDATA[SNP_MTXT.89]]></Field>
	<Field name="RefObjGlobalId" type="java.lang.String"><![CDATA[2afd522e-df7b-31fd-9815-e8f1861d5237]]></Field>
</Object>
<Object class="com.sunopsis.dwg.dbobj.SnpMImportRep">
		<Field name="GlobalId" type="java.lang.String"><![CDATA[2514270f-6e94-47f4-b5cf-96c2689174f6]]></Field>
	<Field name="RepGuid" type="java.lang.String"><![CDATA[359f8e51-151f-3f44-a2c1-a359ef69df90]]></Field>
	<Field name="RepShortId" type="com.sunopsis.sql.DbInt"><![CDATA[0]]></Field>
	<Field name="RepTimestamp" type="java.lang.String"><![CDATA[1734952807201]]></Field>
</Object>
<Object class="com.sunopsis.dwg.DwgExportSummary">
		<Field name="ExpTxtNb" type="com.sunopsis.sql.DbInt"><![CDATA[0]]></Field>
	<Field name="InstObjNb" type="com.sunopsis.sql.DbInt"><![CDATA[0]]></Field>
	<Field name="JoinColNb" type="com.sunopsis.sql.DbInt"><![CDATA[0]]></Field>
	<Field name="JoinNb" type="com.sunopsis.sql.DbInt"><![CDATA[0]]></Field>
	<Field name="KeyColNb" type="com.sunopsis.sql.DbInt"><![CDATA[0]]></Field>
	<Field name="KeyNb" type="com.sunopsis.sql.DbInt"><![CDATA[0]]></Field>
	<Field name="LinkDiagNb" type="com.sunopsis.sql.DbInt"><![CDATA[0]]></Field>
	<Field name="MorigTxtNb" type="com.sunopsis.sql.DbInt"><![CDATA[12]]></Field>
	<Field name="MtxtNb" type="com.sunopsis.sql.DbInt"><![CDATA[12]]></Field>
	<Field name="OrigTxtNb" type="com.sunopsis.sql.DbInt"><![CDATA[0]]></Field>
	<Field name="OtherObjectsNb" type="com.sunopsis.sql.DbInt"><![CDATA[8]]></Field>
	<Field name="PlanAgentNb" type="com.sunopsis.sql.DbInt"><![CDATA[0]]></Field>
	<Field name="StepNb" type="com.sunopsis.sql.DbInt"><![CDATA[0]]></Field>
	<Field name="TxtNb" type="com.sunopsis.sql.DbInt"><![CDATA[0]]></Field>
	<Field name="UeOrigNb" type="com.sunopsis.sql.DbInt"><![CDATA[0]]></Field>
	<Field name="UeUsedNb" type="com.sunopsis.sql.DbInt"><![CDATA[0]]></Field>
	<Field name="VarPlanAgentNb" type="com.sunopsis.sql.DbInt"><![CDATA[0]]></Field>
	<Field name="ScenTxtNb" type="com.sunopsis.sql.DbInt"><![CDATA[0]]></Field>
	<Field name="OdiVersion" type="java.lang.String"><![CDATA[12.1.3 - 17/06/2014]]></Field>
	<Field name="OriginRepositoryID" type="com.sunopsis.sql.DbInt"><![CDATA[0]]></Field>
	<Field name="RepositoryVersion" type="java.lang.String"><![CDATA[05.01.02.02]]></Field>
</Object>
</SunopsisExport>
