<?xml version="1.0" encoding="ISO-8859-1"?>
<SunopsisExport>
<Admin RepositoryVersion="05.01.02.02" IsLegacyIdCompatible="false" />
<Encryption algorithm="AES" keyLength="128" exportKeyHash="8rD52xaSwyZlB6f+7qyUlIVV0LsL8tep8p4EjR0aJuw=" keyVect="I9byeRtSspCgo4savS60/A==" exportKeySalt="d908f5cd-c810-41b5-98f3-b04464279516" containsCipherText="false"/>
<Object class="com.sunopsis.dwg.dbobj.SnpTechno">
		<Field name="CatalogTerm" type="java.lang.String">null</Field>
	<Field name="ColAliasWord" type="java.lang.String">null</Field>
	<Field name="DateFct" type="java.lang.String"><![CDATA[CURRENT_TIMESTAMP]]></Field>
	<Field name="DdlDateMask" type="java.lang.String"><![CDATA[TIMESTAMP]]></Field>
	<Field name="DdlLongrawMask" type="java.lang.String"><![CDATA[BLOB]]></Field>
	<Field name="DdlNull" type="java.lang.String">null</Field>
	<Field name="DdlNumericMask" type="java.lang.String"><![CDATA[NUMERIC(%L,%P)]]></Field>
	<Field name="DdlVarcharMask" type="java.lang.String"><![CDATA[VARCHAR(%L)]]></Field>
	<Field name="DefColPrfTab" type="java.lang.String"><![CDATA[C_]]></Field>
	<Field name="DefErrPrfTab" type="java.lang.String"><![CDATA[E_]]></Field>
	<Field name="DefIdxPrfTab" type="java.lang.String"><![CDATA[IX_]]></Field>
	<Field name="DefIntPrfTab" type="java.lang.String"><![CDATA[I_]]></Field>
	<Field name="DefJrnPrfTab" type="java.lang.String"><![CDATA[J]]></Field>
	<Field name="DefJrnPrfTrg" type="java.lang.String"><![CDATA[T]]></Field>
	<Field name="DefJrnPrfVie" type="java.lang.String"><![CDATA[JV]]></Field>
	<Field name="DefUnqCharSpec" type="java.lang.String"><![CDATA[BASE38]]></Field>
	<Field name="DefValueWord" type="java.lang.String"><![CDATA[DEFAULT]]></Field>
	<Field name="DserverTerm" type="java.lang.String"><![CDATA[DSERVER_SERVER]]></Field>
	<Field name="ExecPlanRequest" type="java.lang.String">null</Field>
	<Field name="ExeChanel" type="java.lang.String"><![CDATA[J]]></Field>
	<Field name="ExpGroupBy" type="java.lang.String"><![CDATA[1]]></Field>
	<Field name="ExpHaving" type="java.lang.String"><![CDATA[1]]></Field>
	<Field name="ExpOrderBy" type="java.lang.String"><![CDATA[1]]></Field>
	<Field name="ExtVersion" type="java.lang.String">null</Field>
	<Field name="FirstDate" type="java.sql.Timestamp"><![CDATA[2024-12-23 06:21:05.0]]></Field>
	<Field name="FirstUser" type="java.lang.String"><![CDATA[SUNOPSIS_INSTALL]]></Field>
	<Field name="GetDateRequest" type="java.lang.String"><![CDATA[select current_timestamp]]></Field>
	<Field name="GetSeqCurrRequest" type="java.lang.String">null</Field>
	<Field name="GetSeqRequest" type="java.lang.String">null</Field>
	<Field name="GlobalId" type="java.lang.String"><![CDATA[e93fa3dd-6d95-34ec-9f0c-50970a617260]]></Field>
	<Field name="IndCatalog" type="java.lang.String"><![CDATA[0]]></Field>
	<Field name="IndChange" type="java.lang.String"><![CDATA[I]]></Field>
	<Field name="IndDserver" type="java.lang.String"><![CDATA[1]]></Field>
	<Field name="IndFileParam" type="java.lang.String"><![CDATA[0]]></Field>
	<Field name="IndLogical" type="java.lang.String"><![CDATA[1]]></Field>
	<Field name="IndPartition" type="java.lang.String"><![CDATA[N]]></Field>
	<Field name="IndPhysical" type="java.lang.String"><![CDATA[1]]></Field>
	<Field name="IndSchema" type="java.lang.String"><![CDATA[1]]></Field>
	<Field name="IndSequence" type="java.lang.String"><![CDATA[0]]></Field>
	<Field name="IndSuppDrvdTbl" type="java.lang.String"><![CDATA[1]]></Field>
	<Field name="IndSuppSelLk" type="java.lang.String"><![CDATA[0]]></Field>
	<Field name="IndSuppSetOperator" type="java.lang.String"><![CDATA[1]]></Field>
	<Field name="IntVersion" type="com.sunopsis.sql.DbInt"><![CDATA[1]]></Field>
	<Field name="IAkTxt" type="com.sunopsis.sql.DbInt"><![CDATA[119]]></Field>
	<Field name="ICheckTxt" type="com.sunopsis.sql.DbInt"><![CDATA[117]]></Field>
	<Field name="IFkTxt" type="com.sunopsis.sql.DbInt"><![CDATA[118]]></Field>
	<Field name="IIndexTxt" type="com.sunopsis.sql.DbInt"><![CDATA[116]]></Field>
	<Field name="IPkTxt" type="com.sunopsis.sql.DbInt"><![CDATA[120]]></Field>
	<Field name="ISeqTxt" type="com.sunopsis.sql.DbInt"><![CDATA[null]]></Field>
	<Field name="ITechno" type="com.sunopsis.sql.DbInt"><![CDATA[70]]></Field>
	<Field name="JoinBrace" type="java.lang.String"><![CDATA[1]]></Field>
	<Field name="JoinCap" type="java.lang.String"><![CDATA[2]]></Field>
	<Field name="JoinClauseOn" type="java.lang.String"><![CDATA[F]]></Field>
	<Field name="JoinCross" type="java.lang.String"><![CDATA[CROSS JOIN]]></Field>
	<Field name="JoinFull" type="java.lang.String"><![CDATA[FULL JOIN]]></Field>
	<Field name="JoinIn" type="java.lang.String"><![CDATA[INNER JOIN]]></Field>
	<Field name="JoinLeftOut" type="java.lang.String"><![CDATA[LEFT OUTER JOIN]]></Field>
	<Field name="JoinNatural" type="java.lang.String">null</Field>
	<Field name="JoinOuter" type="java.lang.String">null</Field>
	<Field name="JoinOuterBa" type="java.lang.String">null</Field>
	<Field name="JoinOuterLoc" type="java.lang.String">null</Field>
	<Field name="JoinOuterSide" type="java.lang.String">null</Field>
	<Field name="JoinRightOut" type="java.lang.String"><![CDATA[RIGHT OUTER JOIN]]></Field>
	<Field name="LastDate" type="java.sql.Timestamp"><![CDATA[2024-12-23 06:21:05.0]]></Field>
	<Field name="LastUser" type="java.lang.String"><![CDATA[SUNOPSIS_INSTALL]]></Field>
	<Field name="LocObjPattern" type="java.lang.String"><![CDATA[%SCHEMA.%OBJECT]]></Field>
	<Field name="LocSeqCurrPattern" type="java.lang.String">null</Field>
	<Field name="LocSeqPattern" type="java.lang.String">null</Field>
	<Field name="MaxColNameLen" type="com.sunopsis.sql.DbInt"><![CDATA[30]]></Field>
	<Field name="MaxTabNameLen" type="com.sunopsis.sql.DbInt"><![CDATA[30]]></Field>
	<Field name="PartPattern" type="java.lang.String">null</Field>
	<Field name="RemObjPattern" type="java.lang.String"><![CDATA[%SCHEMA.%OBJECT]]></Field>
	<Field name="RemSeqCurrPattern" type="java.lang.String">null</Field>
	<Field name="RemSeqPattern" type="java.lang.String">null</Field>
	<Field name="SchemaTerm" type="java.lang.String"><![CDATA[Database]]></Field>
	<Field name="SetOperatorLst" type="java.lang.String"><![CDATA[UNION,UNION ALL,EXCEPT,MINUS,INTERSECT]]></Field>
	<Field name="SqlCap" type="java.lang.String"><![CDATA[1]]></Field>
	<Field name="SubPartPattern" type="java.lang.String">null</Field>
	<Field name="TabAliasWord" type="java.lang.String">null</Field>
	<Field name="TechnoName" type="java.lang.String"><![CDATA[Teradata]]></Field>
	<Field name="TechIntName" type="java.lang.String"><![CDATA[TERADATA]]></Field>
	<Field name="WhereCap" type="java.lang.String"><![CDATA[1]]></Field>
</Object>
<Object class="com.sunopsis.dwg.dbobj.SnpIndexType">
		<Field name="ExtVersion" type="java.lang.String">null</Field>
	<Field name="FirstDate" type="java.sql.Timestamp"><![CDATA[2024-12-23 06:21:05.0]]></Field>
	<Field name="FirstUser" type="java.lang.String"><![CDATA[SUNOPSIS_INSTALL]]></Field>
	<Field name="GlobalId" type="java.lang.String"><![CDATA[180c209d-190a-3431-ac8e-075565d78b50]]></Field>
	<Field name="IndexTypeCode" type="java.lang.String"><![CDATA[HASH]]></Field>
	<Field name="IndexTypeName" type="java.lang.String"><![CDATA[Hash]]></Field>
	<Field name="IndChange" type="java.lang.String"><![CDATA[I]]></Field>
	<Field name="IIndexType" type="com.sunopsis.sql.DbInt"><![CDATA[31]]></Field>
	<Field name="IItypeClauseTxt" type="com.sunopsis.sql.DbInt"><![CDATA[108]]></Field>
	<Field name="IItypeDescTxt" type="com.sunopsis.sql.DbInt"><![CDATA[107]]></Field>
	<Field name="ITechno" type="com.sunopsis.sql.DbInt"><![CDATA[70]]></Field>
	<Field name="LastDate" type="java.sql.Timestamp"><![CDATA[2024-12-23 06:21:05.0]]></Field>
	<Field name="LastUser" type="java.lang.String"><![CDATA[SUNOPSIS_INSTALL]]></Field>
</Object>
<Object class="com.sunopsis.dwg.dbobj.SnpMtxt">
		<Field name="Enc" type="java.lang.String">null</Field>
	<Field name="EncKey" type="java.lang.String">null</Field>
	<Field name="EncKeyVect" type="java.lang.String">null</Field>
	<Field name="FullTxt" type="java.lang.String"><![CDATA[Hash Index]]></Field>
	<Field name="GlobalId" type="java.lang.String"><![CDATA[77b9b263-4b3b-3d9b-a85d-bce3b0a6d706]]></Field>
	<Field name="ITxt" type="com.sunopsis.sql.DbInt"><![CDATA[107]]></Field>
	<Field name="ITxtOrig" type="com.sunopsis.sql.DbInt"><![CDATA[20]]></Field>
	<Field name="Txt" type="java.lang.String"><![CDATA[Hash Index]]></Field>
</Object>
<Object class="com.sunopsis.dwg.dbobj.SnpMorigTxt">
		<Field name="ITxtOrig" type="com.sunopsis.sql.DbInt"><![CDATA[20]]></Field>
	<Field name="OrigineName" type="java.lang.String"><![CDATA[SnpMorigTxt.IndexType.Description]]></Field>
	<Field name="SnpsCol" type="java.lang.String"><![CDATA[I_ITYPE_DESC_TXT]]></Field>
	<Field name="SnpsTable" type="java.lang.String"><![CDATA[SNP_INDEX_TYPE]]></Field>
</Object>
<Object class="com.sunopsis.dwg.dbobj.SnpMtxt">
		<Field name="Enc" type="java.lang.String">null</Field>
	<Field name="EncKey" type="java.lang.String">null</Field>
	<Field name="EncKeyVect" type="java.lang.String">null</Field>
	<Field name="FullTxt" type="java.lang.String"><![CDATA[HASH]]></Field>
	<Field name="GlobalId" type="java.lang.String"><![CDATA[f426c825-0e82-39e4-ab04-dba322cf9c44]]></Field>
	<Field name="ITxt" type="com.sunopsis.sql.DbInt"><![CDATA[108]]></Field>
	<Field name="ITxtOrig" type="com.sunopsis.sql.DbInt"><![CDATA[21]]></Field>
	<Field name="Txt" type="java.lang.String"><![CDATA[HASH]]></Field>
</Object>
<Object class="com.sunopsis.dwg.dbobj.SnpMorigTxt">
		<Field name="ITxtOrig" type="com.sunopsis.sql.DbInt"><![CDATA[21]]></Field>
	<Field name="OrigineName" type="java.lang.String"><![CDATA[SnpMorigTxt.IndexType.ClauseTxt]]></Field>
	<Field name="SnpsCol" type="java.lang.String"><![CDATA[I_ITYPE_CLAUSE_TXT]]></Field>
	<Field name="SnpsTable" type="java.lang.String"><![CDATA[SNP_INDEX_TYPE]]></Field>
</Object>
<Object class="com.sunopsis.dwg.dbobj.SnpIndexType">
		<Field name="ExtVersion" type="java.lang.String">null</Field>
	<Field name="FirstDate" type="java.sql.Timestamp"><![CDATA[2024-12-23 06:21:05.0]]></Field>
	<Field name="FirstUser" type="java.lang.String"><![CDATA[SUNOPSIS_INSTALL]]></Field>
	<Field name="GlobalId" type="java.lang.String"><![CDATA[68ed1bfb-5f2a-3888-af46-a792137a652f]]></Field>
	<Field name="IndexTypeCode" type="java.lang.String"><![CDATA[NUPI]]></Field>
	<Field name="IndexTypeName" type="java.lang.String"><![CDATA[Non-Unique Primary]]></Field>
	<Field name="IndChange" type="java.lang.String"><![CDATA[I]]></Field>
	<Field name="IIndexType" type="com.sunopsis.sql.DbInt"><![CDATA[32]]></Field>
	<Field name="IItypeClauseTxt" type="com.sunopsis.sql.DbInt"><![CDATA[110]]></Field>
	<Field name="IItypeDescTxt" type="com.sunopsis.sql.DbInt"><![CDATA[109]]></Field>
	<Field name="ITechno" type="com.sunopsis.sql.DbInt"><![CDATA[70]]></Field>
	<Field name="LastDate" type="java.sql.Timestamp"><![CDATA[2024-12-23 06:21:05.0]]></Field>
	<Field name="LastUser" type="java.lang.String"><![CDATA[SUNOPSIS_INSTALL]]></Field>
</Object>
<Object class="com.sunopsis.dwg.dbobj.SnpMtxt">
		<Field name="Enc" type="java.lang.String">null</Field>
	<Field name="EncKey" type="java.lang.String">null</Field>
	<Field name="EncKeyVect" type="java.lang.String">null</Field>
	<Field name="FullTxt" type="java.lang.String"><![CDATA[Non-unique Primary Index.
A NUPI can only be included in the create table statement and cannot be created with a CREATE INDEX statement.

Do not use this type of index with a KM that has not been written specifically for Teradata.]]></Field>
	<Field name="GlobalId" type="java.lang.String"><![CDATA[a2015c56-a6c6-316c-b2ef-d284f4a0bafe]]></Field>
	<Field name="ITxt" type="com.sunopsis.sql.DbInt"><![CDATA[109]]></Field>
	<Field name="ITxtOrig" type="com.sunopsis.sql.DbInt"><![CDATA[20]]></Field>
	<Field name="Txt" type="java.lang.String"><![CDATA[Non-unique Primary Index.
A NUPI can only be included in the create table statement and cannot be created with a CREATE INDEX statement.

Do not use this type of index with a KM that has not been written specifically for Teradata.]]></Field>
</Object>
<Object class="com.sunopsis.dwg.dbobj.SnpMtxt">
		<Field name="Enc" type="java.lang.String">null</Field>
	<Field name="EncKey" type="java.lang.String">null</Field>
	<Field name="EncKeyVect" type="java.lang.String">null</Field>
	<Field name="FullTxt" type="java.lang.String"><![CDATA[<Not supported in create index clauses>]]></Field>
	<Field name="GlobalId" type="java.lang.String"><![CDATA[48fa8e97-1b9b-3821-896e-8c413e76c33a]]></Field>
	<Field name="ITxt" type="com.sunopsis.sql.DbInt"><![CDATA[110]]></Field>
	<Field name="ITxtOrig" type="com.sunopsis.sql.DbInt"><![CDATA[21]]></Field>
	<Field name="Txt" type="java.lang.String"><![CDATA[<Not supported in create index clauses>]]></Field>
</Object>
<Object class="com.sunopsis.dwg.dbobj.SnpIndexType">
		<Field name="ExtVersion" type="java.lang.String">null</Field>
	<Field name="FirstDate" type="java.sql.Timestamp"><![CDATA[2024-12-23 06:21:05.0]]></Field>
	<Field name="FirstUser" type="java.lang.String"><![CDATA[SUNOPSIS_INSTALL]]></Field>
	<Field name="GlobalId" type="java.lang.String"><![CDATA[69a3ade6-08ea-38d7-b7f9-beb6878ef4fa]]></Field>
	<Field name="IndexTypeCode" type="java.lang.String"><![CDATA[NUSI]]></Field>
	<Field name="IndexTypeName" type="java.lang.String"><![CDATA[Non-Unique Secondary]]></Field>
	<Field name="IndChange" type="java.lang.String"><![CDATA[I]]></Field>
	<Field name="IIndexType" type="com.sunopsis.sql.DbInt"><![CDATA[33]]></Field>
	<Field name="IItypeClauseTxt" type="com.sunopsis.sql.DbInt"><![CDATA[null]]></Field>
	<Field name="IItypeDescTxt" type="com.sunopsis.sql.DbInt"><![CDATA[111]]></Field>
	<Field name="ITechno" type="com.sunopsis.sql.DbInt"><![CDATA[70]]></Field>
	<Field name="LastDate" type="java.sql.Timestamp"><![CDATA[2024-12-23 06:21:05.0]]></Field>
	<Field name="LastUser" type="java.lang.String"><![CDATA[SUNOPSIS_INSTALL]]></Field>
</Object>
<Object class="com.sunopsis.dwg.dbobj.SnpMtxt">
		<Field name="Enc" type="java.lang.String">null</Field>
	<Field name="EncKey" type="java.lang.String">null</Field>
	<Field name="EncKeyVect" type="java.lang.String">null</Field>
	<Field name="FullTxt" type="java.lang.String"><![CDATA[Non-Unique Secondary Index]]></Field>
	<Field name="GlobalId" type="java.lang.String"><![CDATA[255b611d-4620-32b1-a4bd-decada714840]]></Field>
	<Field name="ITxt" type="com.sunopsis.sql.DbInt"><![CDATA[111]]></Field>
	<Field name="ITxtOrig" type="com.sunopsis.sql.DbInt"><![CDATA[20]]></Field>
	<Field name="Txt" type="java.lang.String"><![CDATA[Non-Unique Secondary Index]]></Field>
</Object>
<Object class="com.sunopsis.dwg.dbobj.SnpIndexType">
		<Field name="ExtVersion" type="java.lang.String">null</Field>
	<Field name="FirstDate" type="java.sql.Timestamp"><![CDATA[2024-12-23 06:21:05.0]]></Field>
	<Field name="FirstUser" type="java.lang.String"><![CDATA[SUNOPSIS_INSTALL]]></Field>
	<Field name="GlobalId" type="java.lang.String"><![CDATA[c93276c2-675b-317e-8344-363f6a1bbda7]]></Field>
	<Field name="IndexTypeCode" type="java.lang.String"><![CDATA[UPI]]></Field>
	<Field name="IndexTypeName" type="java.lang.String"><![CDATA[Unique Primary]]></Field>
	<Field name="IndChange" type="java.lang.String"><![CDATA[I]]></Field>
	<Field name="IIndexType" type="com.sunopsis.sql.DbInt"><![CDATA[34]]></Field>
	<Field name="IItypeClauseTxt" type="com.sunopsis.sql.DbInt"><![CDATA[113]]></Field>
	<Field name="IItypeDescTxt" type="com.sunopsis.sql.DbInt"><![CDATA[112]]></Field>
	<Field name="ITechno" type="com.sunopsis.sql.DbInt"><![CDATA[70]]></Field>
	<Field name="LastDate" type="java.sql.Timestamp"><![CDATA[2024-12-23 06:21:05.0]]></Field>
	<Field name="LastUser" type="java.lang.String"><![CDATA[SUNOPSIS_INSTALL]]></Field>
</Object>
<Object class="com.sunopsis.dwg.dbobj.SnpMtxt">
		<Field name="Enc" type="java.lang.String">null</Field>
	<Field name="EncKey" type="java.lang.String">null</Field>
	<Field name="EncKeyVect" type="java.lang.String">null</Field>
	<Field name="FullTxt" type="java.lang.String"><![CDATA[Unique Primary Index.
An UPI can only be included in the create table statement and cannot be created with a CREATE INDEX statement.

Do not use this type of index with a KM that has not been written specifically for Teradata.]]></Field>
	<Field name="GlobalId" type="java.lang.String"><![CDATA[df06d602-4494-3794-96b1-87d5858a0038]]></Field>
	<Field name="ITxt" type="com.sunopsis.sql.DbInt"><![CDATA[112]]></Field>
	<Field name="ITxtOrig" type="com.sunopsis.sql.DbInt"><![CDATA[20]]></Field>
	<Field name="Txt" type="java.lang.String"><![CDATA[Unique Primary Index.
An UPI can only be included in the create table statement and cannot be created with a CREATE INDEX statement.

Do not use this type of index with a KM that has not been written specifically for Teradata.]]></Field>
</Object>
<Object class="com.sunopsis.dwg.dbobj.SnpMtxt">
		<Field name="Enc" type="java.lang.String">null</Field>
	<Field name="EncKey" type="java.lang.String">null</Field>
	<Field name="EncKeyVect" type="java.lang.String">null</Field>
	<Field name="FullTxt" type="java.lang.String"><![CDATA[<Not supported in create index clauses>]]></Field>
	<Field name="GlobalId" type="java.lang.String"><![CDATA[bcb141a4-fef5-3ed3-b977-41f724cd09a0]]></Field>
	<Field name="ITxt" type="com.sunopsis.sql.DbInt"><![CDATA[113]]></Field>
	<Field name="ITxtOrig" type="com.sunopsis.sql.DbInt"><![CDATA[21]]></Field>
	<Field name="Txt" type="java.lang.String"><![CDATA[<Not supported in create index clauses>]]></Field>
</Object>
<Object class="com.sunopsis.dwg.dbobj.SnpIndexType">
		<Field name="ExtVersion" type="java.lang.String">null</Field>
	<Field name="FirstDate" type="java.sql.Timestamp"><![CDATA[2024-12-23 06:21:05.0]]></Field>
	<Field name="FirstUser" type="java.lang.String"><![CDATA[SUNOPSIS_INSTALL]]></Field>
	<Field name="GlobalId" type="java.lang.String"><![CDATA[ddd5bf7f-cb08-3615-8716-4005c471954e]]></Field>
	<Field name="IndexTypeCode" type="java.lang.String"><![CDATA[USI]]></Field>
	<Field name="IndexTypeName" type="java.lang.String"><![CDATA[Unique Secondary]]></Field>
	<Field name="IndChange" type="java.lang.String"><![CDATA[I]]></Field>
	<Field name="IIndexType" type="com.sunopsis.sql.DbInt"><![CDATA[35]]></Field>
	<Field name="IItypeClauseTxt" type="com.sunopsis.sql.DbInt"><![CDATA[115]]></Field>
	<Field name="IItypeDescTxt" type="com.sunopsis.sql.DbInt"><![CDATA[114]]></Field>
	<Field name="ITechno" type="com.sunopsis.sql.DbInt"><![CDATA[70]]></Field>
	<Field name="LastDate" type="java.sql.Timestamp"><![CDATA[2024-12-23 06:21:05.0]]></Field>
	<Field name="LastUser" type="java.lang.String"><![CDATA[SUNOPSIS_INSTALL]]></Field>
</Object>
<Object class="com.sunopsis.dwg.dbobj.SnpMtxt">
		<Field name="Enc" type="java.lang.String">null</Field>
	<Field name="EncKey" type="java.lang.String">null</Field>
	<Field name="EncKeyVect" type="java.lang.String">null</Field>
	<Field name="FullTxt" type="java.lang.String"><![CDATA[Unique Secondary Index]]></Field>
	<Field name="GlobalId" type="java.lang.String"><![CDATA[0a3a26bb-ac9e-3a7a-aa48-29062853fbac]]></Field>
	<Field name="ITxt" type="com.sunopsis.sql.DbInt"><![CDATA[114]]></Field>
	<Field name="ITxtOrig" type="com.sunopsis.sql.DbInt"><![CDATA[20]]></Field>
	<Field name="Txt" type="java.lang.String"><![CDATA[Unique Secondary Index]]></Field>
</Object>
<Object class="com.sunopsis.dwg.dbobj.SnpMtxt">
		<Field name="Enc" type="java.lang.String">null</Field>
	<Field name="EncKey" type="java.lang.String">null</Field>
	<Field name="EncKeyVect" type="java.lang.String">null</Field>
	<Field name="FullTxt" type="java.lang.String"><![CDATA[UNIQUE]]></Field>
	<Field name="GlobalId" type="java.lang.String"><![CDATA[a1ba6b5a-efb0-31bf-853d-bd211e25b56c]]></Field>
	<Field name="ITxt" type="com.sunopsis.sql.DbInt"><![CDATA[115]]></Field>
	<Field name="ITxtOrig" type="com.sunopsis.sql.DbInt"><![CDATA[21]]></Field>
	<Field name="Txt" type="java.lang.String"><![CDATA[UNIQUE]]></Field>
</Object>
<Object class="com.sunopsis.dwg.dbobj.SnpMtxt">
		<Field name="Enc" type="java.lang.String">null</Field>
	<Field name="EncKey" type="java.lang.String">null</Field>
	<Field name="EncKeyVect" type="java.lang.String">null</Field>
	<Field name="FullTxt" type="java.lang.String"><![CDATA[select	distinct  
	CASE 	WHEN trim(AK.IndexName) IS NULL THEN  
			trim(AK.IndexType) ||'_'||trim(AK.TableName)||'_'||trim(AK.IndexNumber)
	ELSE	trim(AK.IndexName)  
	END			(named INDEX_NAME),
	trim(AK.ColumnName) 		(named COLUMN_NAME),
	AK.ColumnPosition 		(named "POSITION")
from	DBC.Indices AK  
where	 
 	AK.IndexType ='S'
and 	trim(AK.TableName) = :TABLE
and	AK.DatabaseName  = :SCHEMA
order by 1,2,3
]]></Field>
	<Field name="GlobalId" type="java.lang.String"><![CDATA[c1d5e83a-687d-3495-ae31-be0a0668c7f9]]></Field>
	<Field name="ITxt" type="com.sunopsis.sql.DbInt"><![CDATA[116]]></Field>
	<Field name="ITxtOrig" type="com.sunopsis.sql.DbInt"><![CDATA[5]]></Field>
	<Field name="Txt" type="java.lang.String"><![CDATA[select	distinct  
	CASE 	WHEN trim(AK.IndexName) IS NULL THEN  
			trim(AK.IndexType) ||'_'||trim(AK.TableName)||'_'||trim(AK.IndexNumber)
	ELSE	trim(AK.IndexName)  
	END			(named INDEX_NAME),
	trim(AK.ColumnName) 		(named COLUMN_NAME),
	AK.ColumnPosition 		(named "POSITION")
from	DBC.Indices AK  
where	 
 	AK.IndexType ='S'
and 	trim(AK.TableName) = :TABLE
and	AK.DatabaseName  = :SCHEMA
order by 1,2,3
]]></Field>
</Object>
<Object class="com.sunopsis.dwg.dbobj.SnpMorigTxt">
		<Field name="ITxtOrig" type="com.sunopsis.sql.DbInt"><![CDATA[5]]></Field>
	<Field name="OrigineName" type="java.lang.String"><![CDATA[SnpMorigTxt.Techno.IndexReverseTxt]]></Field>
	<Field name="SnpsCol" type="java.lang.String"><![CDATA[I_CHECK_TXT]]></Field>
	<Field name="SnpsTable" type="java.lang.String"><![CDATA[SNP_TECHNO]]></Field>
</Object>
<Object class="com.sunopsis.dwg.dbobj.SnpMtxt">
		<Field name="Enc" type="java.lang.String">null</Field>
	<Field name="EncKey" type="java.lang.String">null</Field>
	<Field name="EncKeyVect" type="java.lang.String">null</Field>
	<Field name="FullTxt" type="java.lang.String"><![CDATA[select 
trim(CK.ConstraintName) 	(named CHECK_NAME),   
SUBSTRING( CK.ConstraintText  FROM INDEX(CK.ConstraintText,'(')+2  FOR CHARACTER_LENGTH(CK.ConstraintText)-INDEX(CK.ConstraintText,'(')-3) (named CHECK_TXT),
1 			(named CHECK_STATUS),
'' 			(named CHECK_DESC)
from DBC.Table_LevelConstraints CK
where  	TableName = :TABLE
and 	DatabaseName = :SCHEMA 

]]></Field>
	<Field name="GlobalId" type="java.lang.String"><![CDATA[3d074b33-206c-3e1c-8cb4-695569c1333f]]></Field>
	<Field name="ITxt" type="com.sunopsis.sql.DbInt"><![CDATA[117]]></Field>
	<Field name="ITxtOrig" type="com.sunopsis.sql.DbInt"><![CDATA[4]]></Field>
	<Field name="Txt" type="java.lang.String"><![CDATA[select 
trim(CK.ConstraintName) 	(named CHECK_NAME),   
SUBSTRING( CK.ConstraintText  FROM INDEX(CK.ConstraintText,'(')+2  FOR CHARACTER_LENGTH(CK.ConstraintText)-INDEX(CK.ConstraintText,'(')-3) (named CHECK_TXT),
1 			(named CHECK_STATUS),
'' 			(named CHECK_DESC)
from DBC.Table_LevelConstraints CK
where  	TableName = :TABLE
and 	DatabaseName = :SCHEMA 

]]></Field>
</Object>
<Object class="com.sunopsis.dwg.dbobj.SnpMorigTxt">
		<Field name="ITxtOrig" type="com.sunopsis.sql.DbInt"><![CDATA[4]]></Field>
	<Field name="OrigineName" type="java.lang.String"><![CDATA[SnpMorigTxt.Techno.CheckReverseTxt]]></Field>
	<Field name="SnpsCol" type="java.lang.String"><![CDATA[I_INDEX_TXT]]></Field>
	<Field name="SnpsTable" type="java.lang.String"><![CDATA[SNP_TECHNO]]></Field>
</Object>
<Object class="com.sunopsis.dwg.dbobj.SnpMtxt">
		<Field name="Enc" type="java.lang.String">null</Field>
	<Field name="EncKey" type="java.lang.String">null</Field>
	<Field name="EncKeyVect" type="java.lang.String">null</Field>
	<Field name="FullTxt" type="java.lang.String"><![CDATA[select 
	trim(ptvm.TVMName)	PK_TABLE_NAME, 
	CASE 	WHEN trim(rt.ReferenceIdxName) IS NULL THEN   
			'FK_'||trim(ptvm.TVMName)||'_'||trim(ctvm.TVMName)
		ELSE	trim(rt.ReferenceIdxName)   
	END		FK_NAME ,  
 
	trim(ctvf.FieldName) 	FK_COLUMN_NAME, 
	trim(ptvf.FieldName) 	PK_COLUMN_NAME
from	dbc.ReferencingTbls rt,
	dbc.TVM ctvm,
	dbc.dbase cdb,
	dbc.tvfields ctvf,
	dbc.TVM ptvm,
	dbc.dbase pdb,
	dbc.tvfields ptvf
where	ctvm.TVMId = rt.ReferencingTblId 
and	ctvm.DatabaseId = cdb.DatabaseId 
and	ctvf.TableId = rt.ReferencingTblId 
and	ctvf.FieldId = rt.ForeignKeyFID 
and	ptvm.TVMId = rt.ReferencedTblId 
and	ptvm.DatabaseId = pdb.DatabaseId 
and	ptvf.TableId = rt.ReferencedTblId 
and	ptvf.FieldId = rt.ParentKeyFID 
and	pdb.DatabaseName  = :SCHEMA 
and	ptvm.TVMName = :TABLE

]]></Field>
	<Field name="GlobalId" type="java.lang.String"><![CDATA[70558373-98b9-3d87-9eb6-4ec9803ca073]]></Field>
	<Field name="ITxt" type="com.sunopsis.sql.DbInt"><![CDATA[118]]></Field>
	<Field name="ITxtOrig" type="com.sunopsis.sql.DbInt"><![CDATA[16]]></Field>
	<Field name="Txt" type="java.lang.String"><![CDATA[select 
	trim(ptvm.TVMName)	PK_TABLE_NAME, 
	CASE 	WHEN trim(rt.ReferenceIdxName) IS NULL THEN   
			'FK_'||trim(ptvm.TVMName)||'_'||trim(ctvm.TVMName)
		ELSE	trim(rt.ReferenceIdxName)   
	END		FK_NAME ,  
 
	trim(ctvf.FieldName) 	FK_COLUMN_NAME, 
	trim(ptvf.FieldName) 	PK_COLUMN_NAME
from	dbc.ReferencingTbls rt,
	dbc.TVM ctvm,
	dbc.dbase cdb,
	dbc.tvfields ctvf,
	dbc.TVM ptvm,
	dbc.dbase pdb,
	dbc.tvfields ptvf
where	ctvm.TVMId = rt.ReferencingTblId 
and	ctvm.DatabaseId = cdb.DatabaseId 
and	ctvf.TableId = rt.ReferencingTblId 
and	ctvf.FieldId = rt.ForeignKeyFID 
and	ptvm.TVMId = rt.ReferencedTblId 
and	ptvm.DatabaseId = pdb.DatabaseId 
and	ptvf.TableId = rt.ReferencedTblId 
and	ptvf.FieldId = rt.ParentKeyFID 
and	pdb.DatabaseName  = :SCHEMA 
and	ptvm.TVMName = :TABLE

]]></Field>
</Object>
<Object class="com.sunopsis.dwg.dbobj.SnpMorigTxt">
		<Field name="ITxtOrig" type="com.sunopsis.sql.DbInt"><![CDATA[16]]></Field>
	<Field name="OrigineName" type="java.lang.String"><![CDATA[SnpMorigTxt.Techno.FkReverseTxt]]></Field>
	<Field name="SnpsCol" type="java.lang.String"><![CDATA[I_FK_TXT]]></Field>
	<Field name="SnpsTable" type="java.lang.String"><![CDATA[SNP_TECHNO]]></Field>
</Object>
<Object class="com.sunopsis.dwg.dbobj.SnpMtxt">
		<Field name="Enc" type="java.lang.String">null</Field>
	<Field name="EncKey" type="java.lang.String">null</Field>
	<Field name="EncKeyVect" type="java.lang.String">null</Field>
	<Field name="FullTxt" type="java.lang.String"><![CDATA[select	distinct  
	CASE 	WHEN trim(AK.IndexName) IS NULL THEN  
			trim(AK.IndexType) ||'_'||trim(AK.TableName)||'_'||trim(AK.IndexNumber)
		ELSE	trim(AK.IndexName)  
	END	(named AK_NAME),
	trim(AK.ColumnName)  	(named COLUMN_NAME),
	AK.ColumnPosition 	(named "POSITION")
from	DBC.Indices AK  
where	 
 	AK.IndexType ='U'
and 	AK.UniqueFlag = 'Y'  
and 	trim(AK.TableName) = :TABLE
and	AK.DatabaseName  = :SCHEMA
order by 1,2,3
]]></Field>
	<Field name="GlobalId" type="java.lang.String"><![CDATA[10c9436f-f5c7-396c-8b07-d9de47c42c4d]]></Field>
	<Field name="ITxt" type="com.sunopsis.sql.DbInt"><![CDATA[119]]></Field>
	<Field name="ITxtOrig" type="com.sunopsis.sql.DbInt"><![CDATA[3]]></Field>
	<Field name="Txt" type="java.lang.String"><![CDATA[select	distinct  
	CASE 	WHEN trim(AK.IndexName) IS NULL THEN  
			trim(AK.IndexType) ||'_'||trim(AK.TableName)||'_'||trim(AK.IndexNumber)
		ELSE	trim(AK.IndexName)  
	END	(named AK_NAME),
	trim(AK.ColumnName)  	(named COLUMN_NAME),
	AK.ColumnPosition 	(named "POSITION")
from	DBC.Indices AK  
where	 
 	AK.IndexType ='U'
and 	AK.UniqueFlag = 'Y'  
and 	trim(AK.TableName) = :TABLE
and	AK.DatabaseName  = :SCHEMA
order by 1,2,3
]]></Field>
</Object>
<Object class="com.sunopsis.dwg.dbobj.SnpMorigTxt">
		<Field name="ITxtOrig" type="com.sunopsis.sql.DbInt"><![CDATA[3]]></Field>
	<Field name="OrigineName" type="java.lang.String"><![CDATA[SnpMorigTxt.Techno.AkReverseTxt]]></Field>
	<Field name="SnpsCol" type="java.lang.String"><![CDATA[I_AK_TXT]]></Field>
	<Field name="SnpsTable" type="java.lang.String"><![CDATA[SNP_TECHNO]]></Field>
</Object>
<Object class="com.sunopsis.dwg.dbobj.SnpMtxt">
		<Field name="Enc" type="java.lang.String">null</Field>
	<Field name="EncKey" type="java.lang.String">null</Field>
	<Field name="EncKeyVect" type="java.lang.String">null</Field>
	<Field name="FullTxt" type="java.lang.String"><![CDATA[select	distinct  
	CASE 	WHEN trim(pk.IndexName) IS NULL THEN  
			trim(pk.IndexType) ||'_'||trim(pk.TableName)||'_'||trim(pk.IndexNumber)
		ELSE	trim(pk.IndexName)  
	END		(named PK_NAME),
	trim(pk.ColumnName)  	(named COLUMN_NAME),
	pk.ColumnPosition 	(named "POSITION")
from	DBC.Indices PK  
where	 
 	pk.IndexType ='K'
and 	pk.UniqueFlag = 'Y'  
and 	trim(PK.TableName) = :TABLE
and	PK.DatabaseName  = :SCHEMA
order by 1,2,3
]]></Field>
	<Field name="GlobalId" type="java.lang.String"><![CDATA[283a23d0-3b1d-3f5e-b66d-5af6fdb626bf]]></Field>
	<Field name="ITxt" type="com.sunopsis.sql.DbInt"><![CDATA[120]]></Field>
	<Field name="ITxtOrig" type="com.sunopsis.sql.DbInt"><![CDATA[15]]></Field>
	<Field name="Txt" type="java.lang.String"><![CDATA[select	distinct  
	CASE 	WHEN trim(pk.IndexName) IS NULL THEN  
			trim(pk.IndexType) ||'_'||trim(pk.TableName)||'_'||trim(pk.IndexNumber)
		ELSE	trim(pk.IndexName)  
	END		(named PK_NAME),
	trim(pk.ColumnName)  	(named COLUMN_NAME),
	pk.ColumnPosition 	(named "POSITION")
from	DBC.Indices PK  
where	 
 	pk.IndexType ='K'
and 	pk.UniqueFlag = 'Y'  
and 	trim(PK.TableName) = :TABLE
and	PK.DatabaseName  = :SCHEMA
order by 1,2,3
]]></Field>
</Object>
<Object class="com.sunopsis.dwg.dbobj.SnpMorigTxt">
		<Field name="ITxtOrig" type="com.sunopsis.sql.DbInt"><![CDATA[15]]></Field>
	<Field name="OrigineName" type="java.lang.String"><![CDATA[SnpMorigTxt.Techno.PkReverseTxt]]></Field>
	<Field name="SnpsCol" type="java.lang.String"><![CDATA[I_PK_TXT]]></Field>
	<Field name="SnpsTable" type="java.lang.String"><![CDATA[SNP_TECHNO]]></Field>
</Object>
<Object class="com.sunopsis.dwg.dbobj.SnpGrpAction">
		<Field name="FirstDate" type="java.sql.Timestamp"><![CDATA[2024-12-23 06:21:05.0]]></Field>
	<Field name="FirstUser" type="java.lang.String"><![CDATA[SUNOPSIS_INSTALL]]></Field>
	<Field name="GlobalId" type="java.lang.String"><![CDATA[c519abcb-99ad-335e-af75-3c0e058e1326]]></Field>
	<Field name="GrpCode" type="java.lang.String"><![CDATA[TERADATA_DEFAULT]]></Field>
	<Field name="GrpName" type="java.lang.String"><![CDATA[Teradata Default]]></Field>
	<Field name="IndDefault" type="java.lang.String"><![CDATA[1]]></Field>
	<Field name="IGrpAction" type="com.sunopsis.sql.DbInt"><![CDATA[5]]></Field>
	<Field name="ITechno" type="com.sunopsis.sql.DbInt"><![CDATA[70]]></Field>
	<Field name="ITxtDesc" type="com.sunopsis.sql.DbInt"><![CDATA[null]]></Field>
	<Field name="LastDate" type="java.sql.Timestamp"><![CDATA[2024-12-23 06:21:05.0]]></Field>
	<Field name="LastUser" type="java.lang.String"><![CDATA[SUNOPSIS_INSTALL]]></Field>
</Object>
<Object class="com.sunopsis.dwg.dbobj.SnpAction">
		<Field name="ActionName" type="java.lang.String"><![CDATA[Create Index]]></Field>
	<Field name="ActionType" type="com.sunopsis.sql.DbInt"><![CDATA[5]]></Field>
	<Field name="FirstDate" type="java.sql.Timestamp"><![CDATA[2024-12-23 06:21:05.0]]></Field>
	<Field name="FirstUser" type="java.lang.String"><![CDATA[SUNOPSIS_INSTALL]]></Field>
	<Field name="GlobalId" type="java.lang.String"><![CDATA[fbe09a2c-9459-3aeb-bfa5-496f37d15eeb]]></Field>
	<Field name="IAction" type="com.sunopsis.sql.DbInt"><![CDATA[14]]></Field>
	<Field name="IGrpAction" type="com.sunopsis.sql.DbInt"><![CDATA[5]]></Field>
	<Field name="ITxtDesc" type="com.sunopsis.sql.DbInt"><![CDATA[122]]></Field>
	<Field name="LastDate" type="java.sql.Timestamp"><![CDATA[2024-12-23 06:21:05.0]]></Field>
	<Field name="LastUser" type="java.lang.String"><![CDATA[SUNOPSIS_INSTALL]]></Field>
</Object>
<Object class="com.sunopsis.dwg.dbobj.SnpLineAction">
		<Field name="ConnectId" type="java.lang.String">null</Field>
	<Field name="FirstDate" type="java.sql.Timestamp"><![CDATA[2024-12-23 06:21:05.0]]></Field>
	<Field name="FirstUser" type="java.lang.String"><![CDATA[SUNOPSIS_INSTALL]]></Field>
	<Field name="GlobalId" type="java.lang.String"><![CDATA[7b2f70de-24ee-31bc-934c-2b9ece5a5bd3]]></Field>
	<Field name="IgnoreError" type="java.lang.String"><![CDATA[0]]></Field>
	<Field name="IndCommit" type="java.lang.String"><![CDATA[0]]></Field>
	<Field name="IndLogMethod" type="java.lang.String">null</Field>
	<Field name="IndLogNb" type="java.lang.String"><![CDATA[3]]></Field>
	<Field name="IsolLevel" type="java.lang.String">null</Field>
	<Field name="IAction" type="com.sunopsis.sql.DbInt"><![CDATA[14]]></Field>
	<Field name="ITxtAction" type="com.sunopsis.sql.DbInt"><![CDATA[121]]></Field>
	<Field name="LastDate" type="java.sql.Timestamp"><![CDATA[2024-12-23 06:21:05.0]]></Field>
	<Field name="LastUser" type="java.lang.String"><![CDATA[SUNOPSIS_INSTALL]]></Field>
	<Field name="LineActionName" type="java.lang.String"><![CDATA[Create Index]]></Field>
	<Field name="OrdAction" type="com.sunopsis.sql.DbInt"><![CDATA[0]]></Field>
</Object>
<Object class="com.sunopsis.dwg.dbobj.SnpMtxt">
		<Field name="Enc" type="java.lang.String">null</Field>
	<Field name="EncKey" type="java.lang.String">null</Field>
	<Field name="EncKeyVect" type="java.lang.String">null</Field>
	<Field name="FullTxt" type="java.lang.String"><![CDATA[create index <%=odiRef.getIndex("KEY_NAME")%> <%=odiRef.getIndexColList("(", "[COL_NAME]", ", ", ")")%>
on <%=odiRef.getTable("L", "TARG_NAME", "A")%>]]></Field>
	<Field name="GlobalId" type="java.lang.String"><![CDATA[c9efe507-343f-3cdd-9feb-52548a5baad8]]></Field>
	<Field name="ITxt" type="com.sunopsis.sql.DbInt"><![CDATA[121]]></Field>
	<Field name="ITxtOrig" type="com.sunopsis.sql.DbInt"><![CDATA[2]]></Field>
	<Field name="Txt" type="java.lang.String"><![CDATA[create index <%=odiRef.getIndex("KEY_NAME")%> <%=odiRef.getIndexColList("(", "[COL_NAME]", ", ", ")")%>
on <%=odiRef.getTable("L", "TARG_NAME", "A")%>]]></Field>
</Object>
<Object class="com.sunopsis.dwg.dbobj.SnpMorigTxt">
		<Field name="ITxtOrig" type="com.sunopsis.sql.DbInt"><![CDATA[2]]></Field>
	<Field name="OrigineName" type="java.lang.String"><![CDATA[MOrigTxt.Action.ActionLine]]></Field>
	<Field name="SnpsCol" type="java.lang.String"><![CDATA[I_TXT_ACTION]]></Field>
	<Field name="SnpsTable" type="java.lang.String"><![CDATA[SNP_LINE_ACTION]]></Field>
</Object>
<Object class="com.sunopsis.dwg.dbobj.SnpMtxt">
		<Field name="Enc" type="java.lang.String">null</Field>
	<Field name="EncKey" type="java.lang.String">null</Field>
	<Field name="EncKeyVect" type="java.lang.String">null</Field>
	<Field name="FullTxt" type="java.lang.String"><![CDATA[Author: Oracle
Version: 10.1.3.5.0

Description :
Creates an index on a table

Restrictions:

]]></Field>
	<Field name="GlobalId" type="java.lang.String"><![CDATA[da1bdd96-1eec-31dc-aace-44acbdbf6668]]></Field>
	<Field name="ITxt" type="com.sunopsis.sql.DbInt"><![CDATA[122]]></Field>
	<Field name="ITxtOrig" type="com.sunopsis.sql.DbInt"><![CDATA[1]]></Field>
	<Field name="Txt" type="java.lang.String"><![CDATA[Author: Oracle
Version: 10.1.3.5.0

Description :
Creates an index on a table

Restrictions:

]]></Field>
</Object>
<Object class="com.sunopsis.dwg.dbobj.SnpMorigTxt">
		<Field name="ITxtOrig" type="com.sunopsis.sql.DbInt"><![CDATA[1]]></Field>
	<Field name="OrigineName" type="java.lang.String"><![CDATA[MOrigTxt.Action.ActionDesc]]></Field>
	<Field name="SnpsCol" type="java.lang.String"><![CDATA[I_TXT_DESC]]></Field>
	<Field name="SnpsTable" type="java.lang.String"><![CDATA[SNP_ACTION]]></Field>
</Object>
<Object class="com.sunopsis.dwg.dbobj.SnpAction">
		<Field name="ActionName" type="java.lang.String"><![CDATA[Drop index]]></Field>
	<Field name="ActionType" type="com.sunopsis.sql.DbInt"><![CDATA[15]]></Field>
	<Field name="FirstDate" type="java.sql.Timestamp"><![CDATA[2024-12-23 06:21:05.0]]></Field>
	<Field name="FirstUser" type="java.lang.String"><![CDATA[SUNOPSIS_INSTALL]]></Field>
	<Field name="GlobalId" type="java.lang.String"><![CDATA[b33c2e88-ae5f-380e-bdce-b31dfdc129c5]]></Field>
	<Field name="IAction" type="com.sunopsis.sql.DbInt"><![CDATA[15]]></Field>
	<Field name="IGrpAction" type="com.sunopsis.sql.DbInt"><![CDATA[5]]></Field>
	<Field name="ITxtDesc" type="com.sunopsis.sql.DbInt"><![CDATA[null]]></Field>
	<Field name="LastDate" type="java.sql.Timestamp"><![CDATA[2024-12-23 06:21:05.0]]></Field>
	<Field name="LastUser" type="java.lang.String"><![CDATA[SUNOPSIS_INSTALL]]></Field>
</Object>
<Object class="com.sunopsis.dwg.dbobj.SnpLineAction">
		<Field name="ConnectId" type="java.lang.String">null</Field>
	<Field name="FirstDate" type="java.sql.Timestamp"><![CDATA[2024-12-23 06:21:05.0]]></Field>
	<Field name="FirstUser" type="java.lang.String"><![CDATA[SUNOPSIS_INSTALL]]></Field>
	<Field name="GlobalId" type="java.lang.String"><![CDATA[6a9c4361-3b08-3153-9b3f-efd7cf568245]]></Field>
	<Field name="IgnoreError" type="java.lang.String"><![CDATA[0]]></Field>
	<Field name="IndCommit" type="java.lang.String"><![CDATA[0]]></Field>
	<Field name="IndLogMethod" type="java.lang.String">null</Field>
	<Field name="IndLogNb" type="java.lang.String"><![CDATA[3]]></Field>
	<Field name="IsolLevel" type="java.lang.String">null</Field>
	<Field name="IAction" type="com.sunopsis.sql.DbInt"><![CDATA[15]]></Field>
	<Field name="ITxtAction" type="com.sunopsis.sql.DbInt"><![CDATA[123]]></Field>
	<Field name="LastDate" type="java.sql.Timestamp"><![CDATA[2024-12-23 06:21:05.0]]></Field>
	<Field name="LastUser" type="java.lang.String"><![CDATA[SUNOPSIS_INSTALL]]></Field>
	<Field name="LineActionName" type="java.lang.String"><![CDATA[Drop index]]></Field>
	<Field name="OrdAction" type="com.sunopsis.sql.DbInt"><![CDATA[0]]></Field>
</Object>
<Object class="com.sunopsis.dwg.dbobj.SnpMtxt">
		<Field name="Enc" type="java.lang.String">null</Field>
	<Field name="EncKey" type="java.lang.String">null</Field>
	<Field name="EncKeyVect" type="java.lang.String">null</Field>
	<Field name="FullTxt" type="java.lang.String"><![CDATA[drop index <%=odiRef.getIndex("KEY_NAME")%> on <%=odiRef.getTable("L", "TARG_NAME", "A")%>]]></Field>
	<Field name="GlobalId" type="java.lang.String"><![CDATA[4b9a6a7e-f124-36d0-ab5c-617b1c4bc679]]></Field>
	<Field name="ITxt" type="com.sunopsis.sql.DbInt"><![CDATA[123]]></Field>
	<Field name="ITxtOrig" type="com.sunopsis.sql.DbInt"><![CDATA[2]]></Field>
	<Field name="Txt" type="java.lang.String"><![CDATA[drop index <%=odiRef.getIndex("KEY_NAME")%> on <%=odiRef.getTable("L", "TARG_NAME", "A")%>]]></Field>
</Object>
<Object class="com.sunopsis.dwg.dbobj.SnpAction">
		<Field name="ActionName" type="java.lang.String"><![CDATA[Modify Column Attribute]]></Field>
	<Field name="ActionType" type="com.sunopsis.sql.DbInt"><![CDATA[8]]></Field>
	<Field name="FirstDate" type="java.sql.Timestamp"><![CDATA[2024-12-23 06:21:05.0]]></Field>
	<Field name="FirstUser" type="java.lang.String"><![CDATA[SUNOPSIS_INSTALL]]></Field>
	<Field name="GlobalId" type="java.lang.String"><![CDATA[70e4b9a4-ee09-3e75-adb6-33dd04541a82]]></Field>
	<Field name="IAction" type="com.sunopsis.sql.DbInt"><![CDATA[16]]></Field>
	<Field name="IGrpAction" type="com.sunopsis.sql.DbInt"><![CDATA[5]]></Field>
	<Field name="ITxtDesc" type="com.sunopsis.sql.DbInt"><![CDATA[125]]></Field>
	<Field name="LastDate" type="java.sql.Timestamp"><![CDATA[2024-12-23 06:21:05.0]]></Field>
	<Field name="LastUser" type="java.lang.String"><![CDATA[SUNOPSIS_INSTALL]]></Field>
</Object>
<Object class="com.sunopsis.dwg.dbobj.SnpLineAction">
		<Field name="ConnectId" type="java.lang.String">null</Field>
	<Field name="FirstDate" type="java.sql.Timestamp"><![CDATA[2024-12-23 06:21:05.0]]></Field>
	<Field name="FirstUser" type="java.lang.String"><![CDATA[SUNOPSIS_INSTALL]]></Field>
	<Field name="GlobalId" type="java.lang.String"><![CDATA[80051ef7-2e36-315a-b192-b74d0341b18e]]></Field>
	<Field name="IgnoreError" type="java.lang.String"><![CDATA[0]]></Field>
	<Field name="IndCommit" type="java.lang.String"><![CDATA[0]]></Field>
	<Field name="IndLogMethod" type="java.lang.String">null</Field>
	<Field name="IndLogNb" type="java.lang.String"><![CDATA[3]]></Field>
	<Field name="IsolLevel" type="java.lang.String">null</Field>
	<Field name="IAction" type="com.sunopsis.sql.DbInt"><![CDATA[16]]></Field>
	<Field name="ITxtAction" type="com.sunopsis.sql.DbInt"><![CDATA[124]]></Field>
	<Field name="LastDate" type="java.sql.Timestamp"><![CDATA[2024-12-23 06:21:05.0]]></Field>
	<Field name="LastUser" type="java.lang.String"><![CDATA[SUNOPSIS_INSTALL]]></Field>
	<Field name="LineActionName" type="java.lang.String"><![CDATA[Modify Column Attribute]]></Field>
	<Field name="OrdAction" type="com.sunopsis.sql.DbInt"><![CDATA[0]]></Field>
</Object>
<Object class="com.sunopsis.dwg.dbobj.SnpMtxt">
		<Field name="Enc" type="java.lang.String">null</Field>
	<Field name="EncKey" type="java.lang.String">null</Field>
	<Field name="EncKeyVect" type="java.lang.String">null</Field>
	<Field name="FullTxt" type="java.lang.String"><![CDATA[alter table <%= odiRef.getTable("L", "TARG_NAME", "A") %>   add <%= odiRef.getColumn("[COL_NAME] [DEST_CRE_DT] [DEFAULT_CLAUSE]","NEW") %>
]]></Field>
	<Field name="GlobalId" type="java.lang.String"><![CDATA[0a442086-5b98-3b43-84ce-edf6095d6240]]></Field>
	<Field name="ITxt" type="com.sunopsis.sql.DbInt"><![CDATA[124]]></Field>
	<Field name="ITxtOrig" type="com.sunopsis.sql.DbInt"><![CDATA[2]]></Field>
	<Field name="Txt" type="java.lang.String"><![CDATA[alter table <%= odiRef.getTable("L", "TARG_NAME", "A") %>   add <%= odiRef.getColumn("[COL_NAME] [DEST_CRE_DT] [DEFAULT_CLAUSE]","NEW") %>
]]></Field>
</Object>
<Object class="com.sunopsis.dwg.dbobj.SnpMtxt">
		<Field name="Enc" type="java.lang.String">null</Field>
	<Field name="EncKey" type="java.lang.String">null</Field>
	<Field name="EncKeyVect" type="java.lang.String">null</Field>
	<Field name="FullTxt" type="java.lang.String"><![CDATA[COMPONENT NAME: Modify Column Attribute
COMPONENT VERSION: 11.1.1.1.0
AUTHOR: Oracle
COMPATIBILITY: 11.1.1 and above

DESCRIPTION

	Modify a column attribute

LIMITATIONS
	Teradata allows only extension of a column, no reduction.
]]></Field>
	<Field name="GlobalId" type="java.lang.String"><![CDATA[9e767c03-0a60-3b37-a96e-c451536fb664]]></Field>
	<Field name="ITxt" type="com.sunopsis.sql.DbInt"><![CDATA[125]]></Field>
	<Field name="ITxtOrig" type="com.sunopsis.sql.DbInt"><![CDATA[1]]></Field>
	<Field name="Txt" type="java.lang.String"><![CDATA[COMPONENT NAME: Modify Column Attribute
COMPONENT VERSION: 11.1.1.1.0
AUTHOR: Oracle
COMPATIBILITY: 11.1.1 and above

DESCRIPTION

	Modify a column attribute

LIMITATIONS
	Teradata allows only extension of a column, no reduction.
]]></Field>
</Object>
<Object class="com.sunopsis.dwg.dbobj.SnpFKXRef">
		<Field name="RefKey" type="java.lang.String"><![CDATA[SNP_MTXT.120]]></Field>
	<Field name="RefObjGlobalId" type="java.lang.String"><![CDATA[283a23d0-3b1d-3f5e-b66d-5af6fdb626bf]]></Field>
</Object>
<Object class="com.sunopsis.dwg.dbobj.SnpFKXRef">
		<Field name="RefKey" type="java.lang.String"><![CDATA[SNP_MTXT.119]]></Field>
	<Field name="RefObjGlobalId" type="java.lang.String"><![CDATA[10c9436f-f5c7-396c-8b07-d9de47c42c4d]]></Field>
</Object>
<Object class="com.sunopsis.dwg.dbobj.SnpFKXRef">
		<Field name="RefKey" type="java.lang.String"><![CDATA[SNP_MTXT.118]]></Field>
	<Field name="RefObjGlobalId" type="java.lang.String"><![CDATA[70558373-98b9-3d87-9eb6-4ec9803ca073]]></Field>
</Object>
<Object class="com.sunopsis.dwg.dbobj.SnpFKXRef">
		<Field name="RefKey" type="java.lang.String"><![CDATA[SNP_MTXT.116]]></Field>
	<Field name="RefObjGlobalId" type="java.lang.String"><![CDATA[c1d5e83a-687d-3495-ae31-be0a0668c7f9]]></Field>
</Object>
<Object class="com.sunopsis.dwg.dbobj.SnpFKXRef">
		<Field name="RefKey" type="java.lang.String"><![CDATA[SNP_MTXT.117]]></Field>
	<Field name="RefObjGlobalId" type="java.lang.String"><![CDATA[3d074b33-206c-3e1c-8cb4-695569c1333f]]></Field>
</Object>
<Object class="com.sunopsis.dwg.dbobj.SnpFKXRef">
		<Field name="RefKey" type="java.lang.String"><![CDATA[SNP_TECHNO.70]]></Field>
	<Field name="RefObjGlobalId" type="java.lang.String"><![CDATA[e93fa3dd-6d95-34ec-9f0c-50970a617260]]></Field>
</Object>
<Object class="com.sunopsis.dwg.dbobj.SnpFKXRef">
		<Field name="RefKey" type="java.lang.String"><![CDATA[SNP_MTXT.108]]></Field>
	<Field name="RefObjGlobalId" type="java.lang.String"><![CDATA[f426c825-0e82-39e4-ab04-dba322cf9c44]]></Field>
</Object>
<Object class="com.sunopsis.dwg.dbobj.SnpFKXRef">
		<Field name="RefKey" type="java.lang.String"><![CDATA[SNP_MTXT.107]]></Field>
	<Field name="RefObjGlobalId" type="java.lang.String"><![CDATA[77b9b263-4b3b-3d9b-a85d-bce3b0a6d706]]></Field>
</Object>
<Object class="com.sunopsis.dwg.dbobj.SnpFKXRef">
		<Field name="RefKey" type="java.lang.String"><![CDATA[SNP_MTXT.110]]></Field>
	<Field name="RefObjGlobalId" type="java.lang.String"><![CDATA[48fa8e97-1b9b-3821-896e-8c413e76c33a]]></Field>
</Object>
<Object class="com.sunopsis.dwg.dbobj.SnpFKXRef">
		<Field name="RefKey" type="java.lang.String"><![CDATA[SNP_MTXT.109]]></Field>
	<Field name="RefObjGlobalId" type="java.lang.String"><![CDATA[a2015c56-a6c6-316c-b2ef-d284f4a0bafe]]></Field>
</Object>
<Object class="com.sunopsis.dwg.dbobj.SnpFKXRef">
		<Field name="RefKey" type="java.lang.String"><![CDATA[SNP_MTXT.111]]></Field>
	<Field name="RefObjGlobalId" type="java.lang.String"><![CDATA[255b611d-4620-32b1-a4bd-decada714840]]></Field>
</Object>
<Object class="com.sunopsis.dwg.dbobj.SnpFKXRef">
		<Field name="RefKey" type="java.lang.String"><![CDATA[SNP_MTXT.113]]></Field>
	<Field name="RefObjGlobalId" type="java.lang.String"><![CDATA[bcb141a4-fef5-3ed3-b977-41f724cd09a0]]></Field>
</Object>
<Object class="com.sunopsis.dwg.dbobj.SnpFKXRef">
		<Field name="RefKey" type="java.lang.String"><![CDATA[SNP_MTXT.112]]></Field>
	<Field name="RefObjGlobalId" type="java.lang.String"><![CDATA[df06d602-4494-3794-96b1-87d5858a0038]]></Field>
</Object>
<Object class="com.sunopsis.dwg.dbobj.SnpFKXRef">
		<Field name="RefKey" type="java.lang.String"><![CDATA[SNP_MTXT.115]]></Field>
	<Field name="RefObjGlobalId" type="java.lang.String"><![CDATA[a1ba6b5a-efb0-31bf-853d-bd211e25b56c]]></Field>
</Object>
<Object class="com.sunopsis.dwg.dbobj.SnpFKXRef">
		<Field name="RefKey" type="java.lang.String"><![CDATA[SNP_MTXT.114]]></Field>
	<Field name="RefObjGlobalId" type="java.lang.String"><![CDATA[0a3a26bb-ac9e-3a7a-aa48-29062853fbac]]></Field>
</Object>
<Object class="com.sunopsis.dwg.dbobj.SnpFKXRef">
		<Field name="RefKey" type="java.lang.String"><![CDATA[SNP_GRPACTION.5]]></Field>
	<Field name="RefObjGlobalId" type="java.lang.String"><![CDATA[c519abcb-99ad-335e-af75-3c0e058e1326]]></Field>
</Object>
<Object class="com.sunopsis.dwg.dbobj.SnpFKXRef">
		<Field name="RefKey" type="java.lang.String"><![CDATA[SNP_MTXT.122]]></Field>
	<Field name="RefObjGlobalId" type="java.lang.String"><![CDATA[da1bdd96-1eec-31dc-aace-44acbdbf6668]]></Field>
</Object>
<Object class="com.sunopsis.dwg.dbobj.SnpFKXRef">
		<Field name="RefKey" type="java.lang.String"><![CDATA[SNP_ACTION.14]]></Field>
	<Field name="RefObjGlobalId" type="java.lang.String"><![CDATA[fbe09a2c-9459-3aeb-bfa5-496f37d15eeb]]></Field>
</Object>
<Object class="com.sunopsis.dwg.dbobj.SnpFKXRef">
		<Field name="RefKey" type="java.lang.String"><![CDATA[SNP_MTXT.121]]></Field>
	<Field name="RefObjGlobalId" type="java.lang.String"><![CDATA[c9efe507-343f-3cdd-9feb-52548a5baad8]]></Field>
</Object>
<Object class="com.sunopsis.dwg.dbobj.SnpFKXRef">
		<Field name="RefKey" type="java.lang.String"><![CDATA[SNP_ACTION.15]]></Field>
	<Field name="RefObjGlobalId" type="java.lang.String"><![CDATA[b33c2e88-ae5f-380e-bdce-b31dfdc129c5]]></Field>
</Object>
<Object class="com.sunopsis.dwg.dbobj.SnpFKXRef">
		<Field name="RefKey" type="java.lang.String"><![CDATA[SNP_MTXT.123]]></Field>
	<Field name="RefObjGlobalId" type="java.lang.String"><![CDATA[4b9a6a7e-f124-36d0-ab5c-617b1c4bc679]]></Field>
</Object>
<Object class="com.sunopsis.dwg.dbobj.SnpFKXRef">
		<Field name="RefKey" type="java.lang.String"><![CDATA[SNP_MTXT.125]]></Field>
	<Field name="RefObjGlobalId" type="java.lang.String"><![CDATA[9e767c03-0a60-3b37-a96e-c451536fb664]]></Field>
</Object>
<Object class="com.sunopsis.dwg.dbobj.SnpFKXRef">
		<Field name="RefKey" type="java.lang.String"><![CDATA[SNP_ACTION.16]]></Field>
	<Field name="RefObjGlobalId" type="java.lang.String"><![CDATA[70e4b9a4-ee09-3e75-adb6-33dd04541a82]]></Field>
</Object>
<Object class="com.sunopsis.dwg.dbobj.SnpFKXRef">
		<Field name="RefKey" type="java.lang.String"><![CDATA[SNP_MTXT.124]]></Field>
	<Field name="RefObjGlobalId" type="java.lang.String"><![CDATA[0a442086-5b98-3b43-84ce-edf6095d6240]]></Field>
</Object>
<Object class="com.sunopsis.dwg.dbobj.SnpMImportRep">
		<Field name="GlobalId" type="java.lang.String"><![CDATA[2514270f-6e94-47f4-b5cf-96c2689174f6]]></Field>
	<Field name="RepGuid" type="java.lang.String"><![CDATA[359f8e51-151f-3f44-a2c1-a359ef69df90]]></Field>
	<Field name="RepShortId" type="com.sunopsis.sql.DbInt"><![CDATA[0]]></Field>
	<Field name="RepTimestamp" type="java.lang.String"><![CDATA[1734952807201]]></Field>
</Object>
<Object class="com.sunopsis.dwg.DwgExportSummary">
		<Field name="ExpTxtNb" type="com.sunopsis.sql.DbInt"><![CDATA[0]]></Field>
	<Field name="InstObjNb" type="com.sunopsis.sql.DbInt"><![CDATA[0]]></Field>
	<Field name="JoinColNb" type="com.sunopsis.sql.DbInt"><![CDATA[0]]></Field>
	<Field name="JoinNb" type="com.sunopsis.sql.DbInt"><![CDATA[0]]></Field>
	<Field name="KeyColNb" type="com.sunopsis.sql.DbInt"><![CDATA[0]]></Field>
	<Field name="KeyNb" type="com.sunopsis.sql.DbInt"><![CDATA[0]]></Field>
	<Field name="LinkDiagNb" type="com.sunopsis.sql.DbInt"><![CDATA[0]]></Field>
	<Field name="MorigTxtNb" type="com.sunopsis.sql.DbInt"><![CDATA[19]]></Field>
	<Field name="MtxtNb" type="com.sunopsis.sql.DbInt"><![CDATA[19]]></Field>
	<Field name="OrigTxtNb" type="com.sunopsis.sql.DbInt"><![CDATA[0]]></Field>
	<Field name="OtherObjectsNb" type="com.sunopsis.sql.DbInt"><![CDATA[13]]></Field>
	<Field name="PlanAgentNb" type="com.sunopsis.sql.DbInt"><![CDATA[0]]></Field>
	<Field name="StepNb" type="com.sunopsis.sql.DbInt"><![CDATA[0]]></Field>
	<Field name="TxtNb" type="com.sunopsis.sql.DbInt"><![CDATA[0]]></Field>
	<Field name="UeOrigNb" type="com.sunopsis.sql.DbInt"><![CDATA[0]]></Field>
	<Field name="UeUsedNb" type="com.sunopsis.sql.DbInt"><![CDATA[0]]></Field>
	<Field name="VarPlanAgentNb" type="com.sunopsis.sql.DbInt"><![CDATA[0]]></Field>
	<Field name="ScenTxtNb" type="com.sunopsis.sql.DbInt"><![CDATA[0]]></Field>
	<Field name="OdiVersion" type="java.lang.String"><![CDATA[12.1.3 - 17/06/2014]]></Field>
	<Field name="OriginRepositoryID" type="com.sunopsis.sql.DbInt"><![CDATA[0]]></Field>
	<Field name="RepositoryVersion" type="java.lang.String"><![CDATA[05.01.02.02]]></Field>
</Object>
</SunopsisExport>
