<?xml version="1.0" encoding="ISO-8859-1"?>
<SunopsisExport>
<Admin RepositoryVersion="05.01.02.02" IsLegacyIdCompatible="false" />
<Encryption algorithm="AES" keyLength="128" exportKeyHash="iKaYgoFSIb+vx+Db4/tqOwEuK4LeXeKJzafj4ayk9kI=" keyVect="Fnuh73CzFn7Unml8i61h+w==" exportKeySalt="fcdae944-25cd-432c-bd00-b82b90fb8034" containsCipherText="false"/>
<Object class="com.sunopsis.dwg.dbobj.SnpTechno">
		<Field name="CatalogTerm" type="java.lang.String">null</Field>
	<Field name="ColAliasWord" type="java.lang.String">null</Field>
	<Field name="DateFct" type="java.lang.String"><![CDATA[CURRENT]]></Field>
	<Field name="DdlDateMask" type="java.lang.String"><![CDATA[DATE]]></Field>
	<Field name="DdlLongrawMask" type="java.lang.String"><![CDATA[BYTE]]></Field>
	<Field name="DdlNull" type="java.lang.String">null</Field>
	<Field name="DdlNumericMask" type="java.lang.String"><![CDATA[NUMERIC(%L,%P)]]></Field>
	<Field name="DdlVarcharMask" type="java.lang.String"><![CDATA[VARCHAR(%L)]]></Field>
	<Field name="DefColPrfTab" type="java.lang.String"><![CDATA[C_]]></Field>
	<Field name="DefErrPrfTab" type="java.lang.String"><![CDATA[E_]]></Field>
	<Field name="DefIdxPrfTab" type="java.lang.String"><![CDATA[IX_]]></Field>
	<Field name="DefIntPrfTab" type="java.lang.String"><![CDATA[I_]]></Field>
	<Field name="DefJrnPrfTab" type="java.lang.String"><![CDATA[J]]></Field>
	<Field name="DefJrnPrfTrg" type="java.lang.String"><![CDATA[T]]></Field>
	<Field name="DefJrnPrfVie" type="java.lang.String"><![CDATA[JV]]></Field>
	<Field name="DefUnqCharSpec" type="java.lang.String"><![CDATA[BASE64]]></Field>
	<Field name="DefValueWord" type="java.lang.String"><![CDATA[DEFAULT]]></Field>
	<Field name="DserverTerm" type="java.lang.String"><![CDATA[DSERVER_DATABASE]]></Field>
	<Field name="ExecPlanRequest" type="java.lang.String">null</Field>
	<Field name="ExeChanel" type="java.lang.String"><![CDATA[J]]></Field>
	<Field name="ExpGroupBy" type="java.lang.String"><![CDATA[1]]></Field>
	<Field name="ExpHaving" type="java.lang.String"><![CDATA[1]]></Field>
	<Field name="ExpOrderBy" type="java.lang.String"><![CDATA[1]]></Field>
	<Field name="ExtVersion" type="java.lang.String">null</Field>
	<Field name="FirstDate" type="java.sql.Timestamp"><![CDATA[2024-12-23 06:21:16.0]]></Field>
	<Field name="FirstUser" type="java.lang.String"><![CDATA[SUNOPSIS_INSTALL]]></Field>
	<Field name="GetDateRequest" type="java.lang.String"><![CDATA[SELECT DISTINCT CURRENT TIMESTAMP FROM INFORMIX.SYSTABLES]]></Field>
	<Field name="GetSeqCurrRequest" type="java.lang.String">null</Field>
	<Field name="GetSeqRequest" type="java.lang.String">null</Field>
	<Field name="GlobalId" type="java.lang.String"><![CDATA[5bb786db-c370-3595-a6f9-70dbb2acc7a3]]></Field>
	<Field name="IndCatalog" type="java.lang.String"><![CDATA[0]]></Field>
	<Field name="IndChange" type="java.lang.String"><![CDATA[I]]></Field>
	<Field name="IndDserver" type="java.lang.String"><![CDATA[1]]></Field>
	<Field name="IndFileParam" type="java.lang.String"><![CDATA[0]]></Field>
	<Field name="IndLogical" type="java.lang.String"><![CDATA[1]]></Field>
	<Field name="IndPartition" type="java.lang.String"><![CDATA[N]]></Field>
	<Field name="IndPhysical" type="java.lang.String"><![CDATA[1]]></Field>
	<Field name="IndSchema" type="java.lang.String"><![CDATA[1]]></Field>
	<Field name="IndSequence" type="java.lang.String"><![CDATA[0]]></Field>
	<Field name="IndSuppDrvdTbl" type="java.lang.String"><![CDATA[0]]></Field>
	<Field name="IndSuppSelLk" type="java.lang.String"><![CDATA[0]]></Field>
	<Field name="IndSuppSetOperator" type="java.lang.String"><![CDATA[1]]></Field>
	<Field name="IntVersion" type="com.sunopsis.sql.DbInt"><![CDATA[1]]></Field>
	<Field name="IAkTxt" type="com.sunopsis.sql.DbInt"><![CDATA[232]]></Field>
	<Field name="ICheckTxt" type="com.sunopsis.sql.DbInt"><![CDATA[230]]></Field>
	<Field name="IFkTxt" type="com.sunopsis.sql.DbInt"><![CDATA[231]]></Field>
	<Field name="IIndexTxt" type="com.sunopsis.sql.DbInt"><![CDATA[229]]></Field>
	<Field name="IPkTxt" type="com.sunopsis.sql.DbInt"><![CDATA[233]]></Field>
	<Field name="ISeqTxt" type="com.sunopsis.sql.DbInt"><![CDATA[null]]></Field>
	<Field name="ITechno" type="com.sunopsis.sql.DbInt"><![CDATA[110]]></Field>
	<Field name="JoinBrace" type="java.lang.String"><![CDATA[0]]></Field>
	<Field name="JoinCap" type="java.lang.String"><![CDATA[2]]></Field>
	<Field name="JoinClauseOn" type="java.lang.String"><![CDATA[F]]></Field>
	<Field name="JoinCross" type="java.lang.String">null</Field>
	<Field name="JoinFull" type="java.lang.String">null</Field>
	<Field name="JoinIn" type="java.lang.String">null</Field>
	<Field name="JoinLeftOut" type="java.lang.String"><![CDATA[left join]]></Field>
	<Field name="JoinNatural" type="java.lang.String">null</Field>
	<Field name="JoinOuter" type="java.lang.String">null</Field>
	<Field name="JoinOuterBa" type="java.lang.String">null</Field>
	<Field name="JoinOuterLoc" type="java.lang.String">null</Field>
	<Field name="JoinOuterSide" type="java.lang.String">null</Field>
	<Field name="JoinRightOut" type="java.lang.String">null</Field>
	<Field name="LastDate" type="java.sql.Timestamp"><![CDATA[2024-12-23 06:21:16.0]]></Field>
	<Field name="LastUser" type="java.lang.String"><![CDATA[SUNOPSIS_INSTALL]]></Field>
	<Field name="LocObjPattern" type="java.lang.String"><![CDATA[%SCHEMA.%OBJECT]]></Field>
	<Field name="LocSeqCurrPattern" type="java.lang.String">null</Field>
	<Field name="LocSeqPattern" type="java.lang.String">null</Field>
	<Field name="MaxColNameLen" type="com.sunopsis.sql.DbInt"><![CDATA[128]]></Field>
	<Field name="MaxTabNameLen" type="com.sunopsis.sql.DbInt"><![CDATA[128]]></Field>
	<Field name="PartPattern" type="java.lang.String">null</Field>
	<Field name="RemObjPattern" type="java.lang.String"><![CDATA[%DSERVER\:%SCHEMA.%OBJECT ]]></Field>
	<Field name="RemSeqCurrPattern" type="java.lang.String">null</Field>
	<Field name="RemSeqPattern" type="java.lang.String">null</Field>
	<Field name="SchemaTerm" type="java.lang.String"><![CDATA[SCHEMA_OWNER]]></Field>
	<Field name="SetOperatorLst" type="java.lang.String"><![CDATA[UNION,UNION ALL]]></Field>
	<Field name="SqlCap" type="java.lang.String"><![CDATA[1]]></Field>
	<Field name="SubPartPattern" type="java.lang.String">null</Field>
	<Field name="TabAliasWord" type="java.lang.String">null</Field>
	<Field name="TechnoName" type="java.lang.String"><![CDATA[Informix]]></Field>
	<Field name="TechIntName" type="java.lang.String"><![CDATA[INFORMIX]]></Field>
	<Field name="WhereCap" type="java.lang.String"><![CDATA[1]]></Field>
</Object>
<Object class="com.sunopsis.dwg.dbobj.SnpIndexType">
		<Field name="ExtVersion" type="java.lang.String">null</Field>
	<Field name="FirstDate" type="java.sql.Timestamp"><![CDATA[2024-12-23 06:21:16.0]]></Field>
	<Field name="FirstUser" type="java.lang.String"><![CDATA[SUNOPSIS_INSTALL]]></Field>
	<Field name="GlobalId" type="java.lang.String"><![CDATA[3fa80eeb-d3c1-355c-b4a4-203cb069360c]]></Field>
	<Field name="IndexTypeCode" type="java.lang.String"><![CDATA[NON_UNIQUE]]></Field>
	<Field name="IndexTypeName" type="java.lang.String"><![CDATA[Non-Unique]]></Field>
	<Field name="IndChange" type="java.lang.String"><![CDATA[I]]></Field>
	<Field name="IIndexType" type="com.sunopsis.sql.DbInt"><![CDATA[64]]></Field>
	<Field name="IItypeClauseTxt" type="com.sunopsis.sql.DbInt"><![CDATA[null]]></Field>
	<Field name="IItypeDescTxt" type="com.sunopsis.sql.DbInt"><![CDATA[226]]></Field>
	<Field name="ITechno" type="com.sunopsis.sql.DbInt"><![CDATA[110]]></Field>
	<Field name="LastDate" type="java.sql.Timestamp"><![CDATA[2024-12-23 06:21:16.0]]></Field>
	<Field name="LastUser" type="java.lang.String"><![CDATA[SUNOPSIS_INSTALL]]></Field>
</Object>
<Object class="com.sunopsis.dwg.dbobj.SnpMtxt">
		<Field name="Enc" type="java.lang.String">null</Field>
	<Field name="EncKey" type="java.lang.String">null</Field>
	<Field name="EncKeyVect" type="java.lang.String">null</Field>
	<Field name="FullTxt" type="java.lang.String"><![CDATA[Non-Unique Index]]></Field>
	<Field name="GlobalId" type="java.lang.String"><![CDATA[d91894de-eb4b-348d-8642-9b9670025e05]]></Field>
	<Field name="ITxt" type="com.sunopsis.sql.DbInt"><![CDATA[226]]></Field>
	<Field name="ITxtOrig" type="com.sunopsis.sql.DbInt"><![CDATA[20]]></Field>
	<Field name="Txt" type="java.lang.String"><![CDATA[Non-Unique Index]]></Field>
</Object>
<Object class="com.sunopsis.dwg.dbobj.SnpMorigTxt">
		<Field name="ITxtOrig" type="com.sunopsis.sql.DbInt"><![CDATA[20]]></Field>
	<Field name="OrigineName" type="java.lang.String"><![CDATA[SnpMorigTxt.IndexType.Description]]></Field>
	<Field name="SnpsCol" type="java.lang.String"><![CDATA[I_ITYPE_DESC_TXT]]></Field>
	<Field name="SnpsTable" type="java.lang.String"><![CDATA[SNP_INDEX_TYPE]]></Field>
</Object>
<Object class="com.sunopsis.dwg.dbobj.SnpIndexType">
		<Field name="ExtVersion" type="java.lang.String">null</Field>
	<Field name="FirstDate" type="java.sql.Timestamp"><![CDATA[2024-12-23 06:21:16.0]]></Field>
	<Field name="FirstUser" type="java.lang.String"><![CDATA[SUNOPSIS_INSTALL]]></Field>
	<Field name="GlobalId" type="java.lang.String"><![CDATA[d4d0dcce-dda0-3c32-9fd7-d1558310cd30]]></Field>
	<Field name="IndexTypeCode" type="java.lang.String"><![CDATA[UNIQUE]]></Field>
	<Field name="IndexTypeName" type="java.lang.String"><![CDATA[Unique]]></Field>
	<Field name="IndChange" type="java.lang.String"><![CDATA[I]]></Field>
	<Field name="IIndexType" type="com.sunopsis.sql.DbInt"><![CDATA[65]]></Field>
	<Field name="IItypeClauseTxt" type="com.sunopsis.sql.DbInt"><![CDATA[228]]></Field>
	<Field name="IItypeDescTxt" type="com.sunopsis.sql.DbInt"><![CDATA[227]]></Field>
	<Field name="ITechno" type="com.sunopsis.sql.DbInt"><![CDATA[110]]></Field>
	<Field name="LastDate" type="java.sql.Timestamp"><![CDATA[2024-12-23 06:21:16.0]]></Field>
	<Field name="LastUser" type="java.lang.String"><![CDATA[SUNOPSIS_INSTALL]]></Field>
</Object>
<Object class="com.sunopsis.dwg.dbobj.SnpMtxt">
		<Field name="Enc" type="java.lang.String">null</Field>
	<Field name="EncKey" type="java.lang.String">null</Field>
	<Field name="EncKeyVect" type="java.lang.String">null</Field>
	<Field name="FullTxt" type="java.lang.String"><![CDATA[Unique Index]]></Field>
	<Field name="GlobalId" type="java.lang.String"><![CDATA[ea8a8608-2a0a-3db6-bbb0-4d4a50d06ec3]]></Field>
	<Field name="ITxt" type="com.sunopsis.sql.DbInt"><![CDATA[227]]></Field>
	<Field name="ITxtOrig" type="com.sunopsis.sql.DbInt"><![CDATA[20]]></Field>
	<Field name="Txt" type="java.lang.String"><![CDATA[Unique Index]]></Field>
</Object>
<Object class="com.sunopsis.dwg.dbobj.SnpMtxt">
		<Field name="Enc" type="java.lang.String">null</Field>
	<Field name="EncKey" type="java.lang.String">null</Field>
	<Field name="EncKeyVect" type="java.lang.String">null</Field>
	<Field name="FullTxt" type="java.lang.String"><![CDATA[UNIQUE]]></Field>
	<Field name="GlobalId" type="java.lang.String"><![CDATA[59043c3a-1316-3fbd-834a-aae5da17904f]]></Field>
	<Field name="ITxt" type="com.sunopsis.sql.DbInt"><![CDATA[228]]></Field>
	<Field name="ITxtOrig" type="com.sunopsis.sql.DbInt"><![CDATA[21]]></Field>
	<Field name="Txt" type="java.lang.String"><![CDATA[UNIQUE]]></Field>
</Object>
<Object class="com.sunopsis.dwg.dbobj.SnpMorigTxt">
		<Field name="ITxtOrig" type="com.sunopsis.sql.DbInt"><![CDATA[21]]></Field>
	<Field name="OrigineName" type="java.lang.String"><![CDATA[SnpMorigTxt.IndexType.ClauseTxt]]></Field>
	<Field name="SnpsCol" type="java.lang.String"><![CDATA[I_ITYPE_CLAUSE_TXT]]></Field>
	<Field name="SnpsTable" type="java.lang.String"><![CDATA[SNP_INDEX_TYPE]]></Field>
</Object>
<Object class="com.sunopsis.dwg.dbobj.SnpMtxt">
		<Field name="Enc" type="java.lang.String">null</Field>
	<Field name="EncKey" type="java.lang.String">null</Field>
	<Field name="EncKeyVect" type="java.lang.String">null</Field>
	<Field name="FullTxt" type="java.lang.String"><![CDATA[select	
	trim(idx.idxname)	INDEX_NAME,
	trim(col.colname)	COLUMN_NAME
from 	informix.sysindexes idx,
	informix.systables tab,
	informix.syscolumns col
where	idx.tabid	=tab.tabid
and	idx.idxtype 	= ('D')
and	((col.colno=idx.part1 and col.tabid=idx.tabid)
	or (col.colno=idx.part2 and col.tabid=idx.tabid)
	or (col.colno=idx.part3 and col.tabid=idx.tabid)
	or (col.colno=idx.part4 and col.tabid=idx.tabid)
	or (col.colno=idx.part5 and col.tabid=idx.tabid)
	or (col.colno=idx.part6 and col.tabid=idx.tabid)
	or (col.colno=idx.part7 and col.tabid=idx.tabid)
	or (col.colno=idx.part8 and col.tabid=idx.tabid)
	)
and	tab.tabname = :TABLE
and TAB.OWNER = :SCHEMA
]]></Field>
	<Field name="GlobalId" type="java.lang.String"><![CDATA[203cf2f5-b592-3336-b139-cd06cc58fbc2]]></Field>
	<Field name="ITxt" type="com.sunopsis.sql.DbInt"><![CDATA[229]]></Field>
	<Field name="ITxtOrig" type="com.sunopsis.sql.DbInt"><![CDATA[5]]></Field>
	<Field name="Txt" type="java.lang.String"><![CDATA[select	
	trim(idx.idxname)	INDEX_NAME,
	trim(col.colname)	COLUMN_NAME
from 	informix.sysindexes idx,
	informix.systables tab,
	informix.syscolumns col
where	idx.tabid	=tab.tabid
and	idx.idxtype 	= ('D')
and	((col.colno=idx.part1 and col.tabid=idx.tabid)
	or (col.colno=idx.part2 and col.tabid=idx.tabid)
	or (col.colno=idx.part3 and col.tabid=idx.tabid)
	or (col.colno=idx.part4 and col.tabid=idx.tabid)
	or (col.colno=idx.part5 and col.tabid=idx.tabid)
	or (col.colno=idx.part6 and col.tabid=idx.tabid)
	or (col.colno=idx.part7 and col.tabid=idx.tabid)
	or (col.colno=idx.part8 and col.tabid=idx.tabid)
	)
and	tab.tabname = :TABLE
and TAB.OWNER = :SCHEMA
]]></Field>
</Object>
<Object class="com.sunopsis.dwg.dbobj.SnpMorigTxt">
		<Field name="ITxtOrig" type="com.sunopsis.sql.DbInt"><![CDATA[5]]></Field>
	<Field name="OrigineName" type="java.lang.String"><![CDATA[SnpMorigTxt.Techno.IndexReverseTxt]]></Field>
	<Field name="SnpsCol" type="java.lang.String"><![CDATA[I_CHECK_TXT]]></Field>
	<Field name="SnpsTable" type="java.lang.String"><![CDATA[SNP_TECHNO]]></Field>
</Object>
<Object class="com.sunopsis.dwg.dbobj.SnpMtxt">
		<Field name="Enc" type="java.lang.String">null</Field>
	<Field name="EncKey" type="java.lang.String">null</Field>
	<Field name="EncKeyVect" type="java.lang.String">null</Field>
	<Field name="FullTxt" type="java.lang.String"><![CDATA[SELECT	n.CONSTRNAME CHECK_NAME,
	k.CHECKTEXT CHECK_TXT,
	1 CHECK_STATUS,
	'' CHECK_DESC
FROM	INFORMIX.SYSCOLDEPEND d, 
	INFORMIX.SYSCOLUMNS c, 
	INFORMIX.SYSCONSTRAINTS n, 
	INFORMIX.SYSCHECKS k ,
	INFORMIX.SYSTABLES TAB
WHERE	d.TABID=c.TABID
AND	d.COLNO=c.COLNO
AND	d.CONSTRID=n.CONSTRID
AND	d.CONSTRID=k.CONSTRID
AND	n.CONSTRTYPE = 'C'
AND	k.TYPE = 'T'
AND	d.TABID =TAB.TABID
AND	TAB.TABNAME = :TABLE
AND	TAB.OWNER  = :SCHEMA ]]></Field>
	<Field name="GlobalId" type="java.lang.String"><![CDATA[e08d39ac-3bd4-3505-9033-39907dc9a7f4]]></Field>
	<Field name="ITxt" type="com.sunopsis.sql.DbInt"><![CDATA[230]]></Field>
	<Field name="ITxtOrig" type="com.sunopsis.sql.DbInt"><![CDATA[4]]></Field>
	<Field name="Txt" type="java.lang.String"><![CDATA[SELECT	n.CONSTRNAME CHECK_NAME,
	k.CHECKTEXT CHECK_TXT,
	1 CHECK_STATUS,
	'' CHECK_DESC
FROM	INFORMIX.SYSCOLDEPEND d, 
	INFORMIX.SYSCOLUMNS c, 
	INFORMIX.SYSCONSTRAINTS n, 
	INFORMIX.SYSCHECKS k ,
	INFORMIX.SYSTABLES TAB
WHERE	d.TABID=c.TABID
AND	d.COLNO=c.COLNO
AND	d.CONSTRID=n.CONSTRID
AND	d.CONSTRID=k.CONSTRID
AND	n.CONSTRTYPE = 'C'
AND	k.TYPE = 'T'
AND	d.TABID =TAB.TABID
AND	TAB.TABNAME = :TABLE
AND	TAB.OWNER  = :SCHEMA ]]></Field>
</Object>
<Object class="com.sunopsis.dwg.dbobj.SnpMorigTxt">
		<Field name="ITxtOrig" type="com.sunopsis.sql.DbInt"><![CDATA[4]]></Field>
	<Field name="OrigineName" type="java.lang.String"><![CDATA[SnpMorigTxt.Techno.CheckReverseTxt]]></Field>
	<Field name="SnpsCol" type="java.lang.String"><![CDATA[I_INDEX_TXT]]></Field>
	<Field name="SnpsTable" type="java.lang.String"><![CDATA[SNP_TECHNO]]></Field>
</Object>
<Object class="com.sunopsis.dwg.dbobj.SnpMtxt">
		<Field name="Enc" type="java.lang.String">null</Field>
	<Field name="EncKey" type="java.lang.String">null</Field>
	<Field name="EncKeyVect" type="java.lang.String">null</Field>
	<Field name="FullTxt" type="java.lang.String"><![CDATA[
select	
	pktab.tabname PK_TABLE_NAME,
	trim(cons.constrname)	FK_NAME,
	trim(col.colname)	FK_COLUMN_NAME,
	trim(pkcol.colname) PK_COLUMN_NAME
from 	informix.sysindexes idx,
	informix.systables tab,
	informix.syscolumns col,
	informix.sysconstraints cons,
	informix.sysreferences ref,
	informix.systables pktab,
	informix.sysconstraints pkcons,
	informix.sysindexes pkidx,
	informix.syscolumns pkcol
where	idx.tabid	=tab.tabid
and	((col.colno=idx.part1 and col.tabid=idx.tabid    and pkcol.colno=pkidx.part1 and pkcol.tabid=pkidx.tabid )
	or (col.colno=idx.part2 and col.tabid=idx.tabid and pkcol.colno=pkidx.part2 and pkcol.tabid=pkidx.tabid )
	or (col.colno=idx.part3 and col.tabid=idx.tabid and pkcol.colno=pkidx.part3 and pkcol.tabid=pkidx.tabid )
	or (col.colno=idx.part4 and col.tabid=idx.tabid and pkcol.colno=pkidx.part4 and pkcol.tabid=pkidx.tabid )
	or (col.colno=idx.part5 and col.tabid=idx.tabid and pkcol.colno=pkidx.part5 and pkcol.tabid=pkidx.tabid )
	or (col.colno=idx.part6 and col.tabid=idx.tabid and pkcol.colno=pkidx.part6 and pkcol.tabid=pkidx.tabid )
	or (col.colno=idx.part7 and col.tabid=idx.tabid and pkcol.colno=pkidx.part7 and pkcol.tabid=pkidx.tabid )
	or (col.colno=idx.part8 and col.tabid=idx.tabid and pkcol.colno=pkidx.part8 and pkcol.tabid=pkidx.tabid )
	)
and cons.idxname = idx.idxname
and cons.constrtype = 'R'
and ref.constrid = cons.constrid
and ref.ptabid = pktab.tabid
and ref.primary = pkcons.constrid
and pkcons.idxname = pkidx.idxname
and	tab.tabname = :TABLE
and TAB.OWNER = :SCHEMA
]]></Field>
	<Field name="GlobalId" type="java.lang.String"><![CDATA[72e15fba-5f78-31eb-8c51-6c810a6be4f4]]></Field>
	<Field name="ITxt" type="com.sunopsis.sql.DbInt"><![CDATA[231]]></Field>
	<Field name="ITxtOrig" type="com.sunopsis.sql.DbInt"><![CDATA[16]]></Field>
	<Field name="Txt" type="java.lang.String"><![CDATA[
select	
	pktab.tabname PK_TABLE_NAME,
	trim(cons.constrname)	FK_NAME,
	trim(col.colname)	FK_COLUMN_NAME,
	trim(pkcol.colname) PK_COLUMN_NAME
from 	informix.sysindexes idx,
	informix.systables tab,
	informix.syscolumns col,
	informix.sysconstraints cons,
	informix.sysreferences ref,
	informix.systables pktab,
	informix.sysconstraints pkcons,
	informix.sysindexes pkidx,
	informix.syscolumns pkcol
where	idx.tabid	=tab.tabid
and	((col.colno=idx.part1 and col.tabid=idx.tabid    and pkcol.colno=pkidx.part1 and pkcol.tabid=pkidx.tabid )
	or (col.colno=idx.part2 and col.tabid=idx.tabid and pkcol.colno=pkidx.part2 and pkcol.tabid=pkidx.tabid )
	or (col.colno=idx.part3 and col.tabid=idx.tabid and pkcol.colno=pkidx.part3 and pkcol.tabid=pkidx.tabid )
	or (col.colno=idx.part4 and col.tabid=idx.tabid and pkcol.colno=pkidx.part4 and pkcol.tabid=pkidx.tabid )
	or (col.colno=idx.part5 and col.tabid=idx.tabid and pkcol.colno=pkidx.part5 and pkcol.tabid=pkidx.tabid )
	or (col.colno=idx.part6 and col.tabid=idx.tabid and pkcol.colno=pkidx.part6 and pkcol.tabid=pkidx.tabid )
	or (col.colno=idx.part7 and col.tabid=idx.tabid and pkcol.colno=pkidx.part7 and pkcol.tabid=pkidx.tabid )
	or (col.colno=idx.part8 and col.tabid=idx.tabid and pkcol.colno=pkidx.part8 and pkcol.tabid=pkidx.tabid )
	)
and cons.idxname = idx.idxname
and cons.constrtype = 'R'
and ref.constrid = cons.constrid
and ref.ptabid = pktab.tabid
and ref.primary = pkcons.constrid
and pkcons.idxname = pkidx.idxname
and	tab.tabname = :TABLE
and TAB.OWNER = :SCHEMA
]]></Field>
</Object>
<Object class="com.sunopsis.dwg.dbobj.SnpMorigTxt">
		<Field name="ITxtOrig" type="com.sunopsis.sql.DbInt"><![CDATA[16]]></Field>
	<Field name="OrigineName" type="java.lang.String"><![CDATA[SnpMorigTxt.Techno.FkReverseTxt]]></Field>
	<Field name="SnpsCol" type="java.lang.String"><![CDATA[I_FK_TXT]]></Field>
	<Field name="SnpsTable" type="java.lang.String"><![CDATA[SNP_TECHNO]]></Field>
</Object>
<Object class="com.sunopsis.dwg.dbobj.SnpMtxt">
		<Field name="Enc" type="java.lang.String">null</Field>
	<Field name="EncKey" type="java.lang.String">null</Field>
	<Field name="EncKeyVect" type="java.lang.String">null</Field>
	<Field name="FullTxt" type="java.lang.String"><![CDATA[select	
	trim(cons.constrname)	AK_NAME,
	trim(col.colname)	COLUMN_NAME
from 	informix.sysindexes idx,
	informix.systables tab,
	informix.syscolumns col,
	informix.sysconstraints cons
where	idx.tabid	=tab.tabid
and	((col.colno=idx.part1 and col.tabid=idx.tabid)
	or (col.colno=idx.part2 and col.tabid=idx.tabid)
	or (col.colno=idx.part3 and col.tabid=idx.tabid)
	or (col.colno=idx.part4 and col.tabid=idx.tabid)
	or (col.colno=idx.part5 and col.tabid=idx.tabid)
	or (col.colno=idx.part6 and col.tabid=idx.tabid)
	or (col.colno=idx.part7 and col.tabid=idx.tabid)
	or (col.colno=idx.part8 and col.tabid=idx.tabid)
	)
and	tab.tabname = :TABLE
and TAB.OWNER = :SCHEMA
and constrtype = 'U'
and cons.idxname = idx.idxname
]]></Field>
	<Field name="GlobalId" type="java.lang.String"><![CDATA[3d8e2c12-4ceb-39f3-8555-3192855eeb0b]]></Field>
	<Field name="ITxt" type="com.sunopsis.sql.DbInt"><![CDATA[232]]></Field>
	<Field name="ITxtOrig" type="com.sunopsis.sql.DbInt"><![CDATA[3]]></Field>
	<Field name="Txt" type="java.lang.String"><![CDATA[select	
	trim(cons.constrname)	AK_NAME,
	trim(col.colname)	COLUMN_NAME
from 	informix.sysindexes idx,
	informix.systables tab,
	informix.syscolumns col,
	informix.sysconstraints cons
where	idx.tabid	=tab.tabid
and	((col.colno=idx.part1 and col.tabid=idx.tabid)
	or (col.colno=idx.part2 and col.tabid=idx.tabid)
	or (col.colno=idx.part3 and col.tabid=idx.tabid)
	or (col.colno=idx.part4 and col.tabid=idx.tabid)
	or (col.colno=idx.part5 and col.tabid=idx.tabid)
	or (col.colno=idx.part6 and col.tabid=idx.tabid)
	or (col.colno=idx.part7 and col.tabid=idx.tabid)
	or (col.colno=idx.part8 and col.tabid=idx.tabid)
	)
and	tab.tabname = :TABLE
and TAB.OWNER = :SCHEMA
and constrtype = 'U'
and cons.idxname = idx.idxname
]]></Field>
</Object>
<Object class="com.sunopsis.dwg.dbobj.SnpMorigTxt">
		<Field name="ITxtOrig" type="com.sunopsis.sql.DbInt"><![CDATA[3]]></Field>
	<Field name="OrigineName" type="java.lang.String"><![CDATA[SnpMorigTxt.Techno.AkReverseTxt]]></Field>
	<Field name="SnpsCol" type="java.lang.String"><![CDATA[I_AK_TXT]]></Field>
	<Field name="SnpsTable" type="java.lang.String"><![CDATA[SNP_TECHNO]]></Field>
</Object>
<Object class="com.sunopsis.dwg.dbobj.SnpMtxt">
		<Field name="Enc" type="java.lang.String">null</Field>
	<Field name="EncKey" type="java.lang.String">null</Field>
	<Field name="EncKeyVect" type="java.lang.String">null</Field>
	<Field name="FullTxt" type="java.lang.String"><![CDATA[select	
	trim(cons.constrname)	PK_NAME,
	trim(col.colname)	COLUMN_NAME
from 	informix.sysindexes idx,
	informix.systables tab,
	informix.syscolumns col,
	informix.sysconstraints cons
where	idx.tabid	=tab.tabid
and	((col.colno=idx.part1 and col.tabid=idx.tabid)
	or (col.colno=idx.part2 and col.tabid=idx.tabid)
	or (col.colno=idx.part3 and col.tabid=idx.tabid)
	or (col.colno=idx.part4 and col.tabid=idx.tabid)
	or (col.colno=idx.part5 and col.tabid=idx.tabid)
	or (col.colno=idx.part6 and col.tabid=idx.tabid)
	or (col.colno=idx.part7 and col.tabid=idx.tabid)
	or (col.colno=idx.part8 and col.tabid=idx.tabid)
	)
and	tab.tabname = :TABLE
and TAB.OWNER = :SCHEMA
and constrtype = 'P'
and cons.idxname = idx.idxname]]></Field>
	<Field name="GlobalId" type="java.lang.String"><![CDATA[5eb577aa-bdc9-3734-8f9e-8a3c6b3776e2]]></Field>
	<Field name="ITxt" type="com.sunopsis.sql.DbInt"><![CDATA[233]]></Field>
	<Field name="ITxtOrig" type="com.sunopsis.sql.DbInt"><![CDATA[15]]></Field>
	<Field name="Txt" type="java.lang.String"><![CDATA[select	
	trim(cons.constrname)	PK_NAME,
	trim(col.colname)	COLUMN_NAME
from 	informix.sysindexes idx,
	informix.systables tab,
	informix.syscolumns col,
	informix.sysconstraints cons
where	idx.tabid	=tab.tabid
and	((col.colno=idx.part1 and col.tabid=idx.tabid)
	or (col.colno=idx.part2 and col.tabid=idx.tabid)
	or (col.colno=idx.part3 and col.tabid=idx.tabid)
	or (col.colno=idx.part4 and col.tabid=idx.tabid)
	or (col.colno=idx.part5 and col.tabid=idx.tabid)
	or (col.colno=idx.part6 and col.tabid=idx.tabid)
	or (col.colno=idx.part7 and col.tabid=idx.tabid)
	or (col.colno=idx.part8 and col.tabid=idx.tabid)
	)
and	tab.tabname = :TABLE
and TAB.OWNER = :SCHEMA
and constrtype = 'P'
and cons.idxname = idx.idxname]]></Field>
</Object>
<Object class="com.sunopsis.dwg.dbobj.SnpMorigTxt">
		<Field name="ITxtOrig" type="com.sunopsis.sql.DbInt"><![CDATA[15]]></Field>
	<Field name="OrigineName" type="java.lang.String"><![CDATA[SnpMorigTxt.Techno.PkReverseTxt]]></Field>
	<Field name="SnpsCol" type="java.lang.String"><![CDATA[I_PK_TXT]]></Field>
	<Field name="SnpsTable" type="java.lang.String"><![CDATA[SNP_TECHNO]]></Field>
</Object>
<Object class="com.sunopsis.dwg.dbobj.SnpGrpAction">
		<Field name="FirstDate" type="java.sql.Timestamp"><![CDATA[2024-12-23 06:21:16.0]]></Field>
	<Field name="FirstUser" type="java.lang.String"><![CDATA[SUNOPSIS_INSTALL]]></Field>
	<Field name="GlobalId" type="java.lang.String"><![CDATA[eb62c234-c5f5-3b09-b4ab-19655a55c0e5]]></Field>
	<Field name="GrpCode" type="java.lang.String"><![CDATA[INFORMIX_DEFAULT]]></Field>
	<Field name="GrpName" type="java.lang.String"><![CDATA[Informix Default]]></Field>
	<Field name="IndDefault" type="java.lang.String"><![CDATA[1]]></Field>
	<Field name="IGrpAction" type="com.sunopsis.sql.DbInt"><![CDATA[10]]></Field>
	<Field name="ITechno" type="com.sunopsis.sql.DbInt"><![CDATA[110]]></Field>
	<Field name="ITxtDesc" type="com.sunopsis.sql.DbInt"><![CDATA[null]]></Field>
	<Field name="LastDate" type="java.sql.Timestamp"><![CDATA[2024-12-23 06:21:16.0]]></Field>
	<Field name="LastUser" type="java.lang.String"><![CDATA[SUNOPSIS_INSTALL]]></Field>
</Object>
<Object class="com.sunopsis.dwg.dbobj.SnpAction">
		<Field name="ActionName" type="java.lang.String"><![CDATA[Add Alternate Key]]></Field>
	<Field name="ActionType" type="com.sunopsis.sql.DbInt"><![CDATA[3]]></Field>
	<Field name="FirstDate" type="java.sql.Timestamp"><![CDATA[2024-12-23 06:21:16.0]]></Field>
	<Field name="FirstUser" type="java.lang.String"><![CDATA[SUNOPSIS_INSTALL]]></Field>
	<Field name="GlobalId" type="java.lang.String"><![CDATA[7fafaec5-71ec-3204-a06e-261a0a071eac]]></Field>
	<Field name="IAction" type="com.sunopsis.sql.DbInt"><![CDATA[36]]></Field>
	<Field name="IGrpAction" type="com.sunopsis.sql.DbInt"><![CDATA[10]]></Field>
	<Field name="ITxtDesc" type="com.sunopsis.sql.DbInt"><![CDATA[235]]></Field>
	<Field name="LastDate" type="java.sql.Timestamp"><![CDATA[2024-12-23 06:21:16.0]]></Field>
	<Field name="LastUser" type="java.lang.String"><![CDATA[SUNOPSIS_INSTALL]]></Field>
</Object>
<Object class="com.sunopsis.dwg.dbobj.SnpLineAction">
		<Field name="ConnectId" type="java.lang.String">null</Field>
	<Field name="FirstDate" type="java.sql.Timestamp"><![CDATA[2024-12-23 06:21:16.0]]></Field>
	<Field name="FirstUser" type="java.lang.String"><![CDATA[SUNOPSIS_INSTALL]]></Field>
	<Field name="GlobalId" type="java.lang.String"><![CDATA[c2f46afa-629e-35b3-abf3-71f6a8ab76a9]]></Field>
	<Field name="IgnoreError" type="java.lang.String"><![CDATA[0]]></Field>
	<Field name="IndCommit" type="java.lang.String"><![CDATA[0]]></Field>
	<Field name="IndLogMethod" type="java.lang.String">null</Field>
	<Field name="IndLogNb" type="java.lang.String"><![CDATA[3]]></Field>
	<Field name="IsolLevel" type="java.lang.String">null</Field>
	<Field name="IAction" type="com.sunopsis.sql.DbInt"><![CDATA[36]]></Field>
	<Field name="ITxtAction" type="com.sunopsis.sql.DbInt"><![CDATA[234]]></Field>
	<Field name="LastDate" type="java.sql.Timestamp"><![CDATA[2024-12-23 06:21:16.0]]></Field>
	<Field name="LastUser" type="java.lang.String"><![CDATA[SUNOPSIS_INSTALL]]></Field>
	<Field name="LineActionName" type="java.lang.String"><![CDATA[Add Alternate Key]]></Field>
	<Field name="OrdAction" type="com.sunopsis.sql.DbInt"><![CDATA[0]]></Field>
</Object>
<Object class="com.sunopsis.dwg.dbobj.SnpMtxt">
		<Field name="Enc" type="java.lang.String">null</Field>
	<Field name="EncKey" type="java.lang.String">null</Field>
	<Field name="EncKeyVect" type="java.lang.String">null</Field>
	<Field name="FullTxt" type="java.lang.String"><![CDATA[alter table <%=odiRef.getTable("L", "TARG_NAME", "A")%> add constraint unique <%=odiRef.getAKColList("(", "[COL_NAME]", ", " , ")")%> constraint <%=odiRef.getObjectShortName( "L" , odiRef.getAK("KEY_NAME") , "D" )%>]]></Field>
	<Field name="GlobalId" type="java.lang.String"><![CDATA[c77763e9-4594-321d-9746-4358eb287e44]]></Field>
	<Field name="ITxt" type="com.sunopsis.sql.DbInt"><![CDATA[234]]></Field>
	<Field name="ITxtOrig" type="com.sunopsis.sql.DbInt"><![CDATA[2]]></Field>
	<Field name="Txt" type="java.lang.String"><![CDATA[alter table <%=odiRef.getTable("L", "TARG_NAME", "A")%> add constraint unique <%=odiRef.getAKColList("(", "[COL_NAME]", ", " , ")")%> constraint <%=odiRef.getObjectShortName( "L" , odiRef.getAK("KEY_NAME") , "D" )%>]]></Field>
</Object>
<Object class="com.sunopsis.dwg.dbobj.SnpMorigTxt">
		<Field name="ITxtOrig" type="com.sunopsis.sql.DbInt"><![CDATA[2]]></Field>
	<Field name="OrigineName" type="java.lang.String"><![CDATA[MOrigTxt.Action.ActionLine]]></Field>
	<Field name="SnpsCol" type="java.lang.String"><![CDATA[I_TXT_ACTION]]></Field>
	<Field name="SnpsTable" type="java.lang.String"><![CDATA[SNP_LINE_ACTION]]></Field>
</Object>
<Object class="com.sunopsis.dwg.dbobj.SnpMtxt">
		<Field name="Enc" type="java.lang.String">null</Field>
	<Field name="EncKey" type="java.lang.String">null</Field>
	<Field name="EncKeyVect" type="java.lang.String">null</Field>
	<Field name="FullTxt" type="java.lang.String"><![CDATA[Description :
Adds a alternate Key to a table

Restrictions:
]]></Field>
	<Field name="GlobalId" type="java.lang.String"><![CDATA[9e14255e-44b1-38a2-80b5-b4d3a29270a8]]></Field>
	<Field name="ITxt" type="com.sunopsis.sql.DbInt"><![CDATA[235]]></Field>
	<Field name="ITxtOrig" type="com.sunopsis.sql.DbInt"><![CDATA[1]]></Field>
	<Field name="Txt" type="java.lang.String"><![CDATA[Description :
Adds a alternate Key to a table

Restrictions:
]]></Field>
</Object>
<Object class="com.sunopsis.dwg.dbobj.SnpMorigTxt">
		<Field name="ITxtOrig" type="com.sunopsis.sql.DbInt"><![CDATA[1]]></Field>
	<Field name="OrigineName" type="java.lang.String"><![CDATA[MOrigTxt.Action.ActionDesc]]></Field>
	<Field name="SnpsCol" type="java.lang.String"><![CDATA[I_TXT_DESC]]></Field>
	<Field name="SnpsTable" type="java.lang.String"><![CDATA[SNP_ACTION]]></Field>
</Object>
<Object class="com.sunopsis.dwg.dbobj.SnpAction">
		<Field name="ActionName" type="java.lang.String"><![CDATA[Add Check Constraint]]></Field>
	<Field name="ActionType" type="com.sunopsis.sql.DbInt"><![CDATA[7]]></Field>
	<Field name="FirstDate" type="java.sql.Timestamp"><![CDATA[2024-12-23 06:21:16.0]]></Field>
	<Field name="FirstUser" type="java.lang.String"><![CDATA[SUNOPSIS_INSTALL]]></Field>
	<Field name="GlobalId" type="java.lang.String"><![CDATA[d05eddcf-173b-3c7f-b94d-112aaa7e81b4]]></Field>
	<Field name="IAction" type="com.sunopsis.sql.DbInt"><![CDATA[37]]></Field>
	<Field name="IGrpAction" type="com.sunopsis.sql.DbInt"><![CDATA[10]]></Field>
	<Field name="ITxtDesc" type="com.sunopsis.sql.DbInt"><![CDATA[237]]></Field>
	<Field name="LastDate" type="java.sql.Timestamp"><![CDATA[2024-12-23 06:21:16.0]]></Field>
	<Field name="LastUser" type="java.lang.String"><![CDATA[SUNOPSIS_INSTALL]]></Field>
</Object>
<Object class="com.sunopsis.dwg.dbobj.SnpLineAction">
		<Field name="ConnectId" type="java.lang.String">null</Field>
	<Field name="FirstDate" type="java.sql.Timestamp"><![CDATA[2024-12-23 06:21:16.0]]></Field>
	<Field name="FirstUser" type="java.lang.String"><![CDATA[SUNOPSIS_INSTALL]]></Field>
	<Field name="GlobalId" type="java.lang.String"><![CDATA[df143626-43a4-3375-a646-69573cac78da]]></Field>
	<Field name="IgnoreError" type="java.lang.String"><![CDATA[0]]></Field>
	<Field name="IndCommit" type="java.lang.String"><![CDATA[0]]></Field>
	<Field name="IndLogMethod" type="java.lang.String">null</Field>
	<Field name="IndLogNb" type="java.lang.String"><![CDATA[3]]></Field>
	<Field name="IsolLevel" type="java.lang.String">null</Field>
	<Field name="IAction" type="com.sunopsis.sql.DbInt"><![CDATA[37]]></Field>
	<Field name="ITxtAction" type="com.sunopsis.sql.DbInt"><![CDATA[236]]></Field>
	<Field name="LastDate" type="java.sql.Timestamp"><![CDATA[2024-12-23 06:21:16.0]]></Field>
	<Field name="LastUser" type="java.lang.String"><![CDATA[SUNOPSIS_INSTALL]]></Field>
	<Field name="LineActionName" type="java.lang.String"><![CDATA[Add Check Constraint]]></Field>
	<Field name="OrdAction" type="com.sunopsis.sql.DbInt"><![CDATA[20]]></Field>
</Object>
<Object class="com.sunopsis.dwg.dbobj.SnpMtxt">
		<Field name="Enc" type="java.lang.String">null</Field>
	<Field name="EncKey" type="java.lang.String">null</Field>
	<Field name="EncKeyVect" type="java.lang.String">null</Field>
	<Field name="FullTxt" type="java.lang.String"><![CDATA[alter table <%=odiRef.getTable("L", "TARG_NAME", "A")%> add constraint  check  (<%=odiRef.getCK("COND_SQL_DDL")%>) CONSTRAINT  <%=odiRef.getObjectShortName( "L" ,odiRef.getCK("COND_NAME"),"D")%>
]]></Field>
	<Field name="GlobalId" type="java.lang.String"><![CDATA[baa341f5-d94e-3a57-8108-d9dcd3a62c67]]></Field>
	<Field name="ITxt" type="com.sunopsis.sql.DbInt"><![CDATA[236]]></Field>
	<Field name="ITxtOrig" type="com.sunopsis.sql.DbInt"><![CDATA[2]]></Field>
	<Field name="Txt" type="java.lang.String"><![CDATA[alter table <%=odiRef.getTable("L", "TARG_NAME", "A")%> add constraint  check  (<%=odiRef.getCK("COND_SQL_DDL")%>) CONSTRAINT  <%=odiRef.getObjectShortName( "L" ,odiRef.getCK("COND_NAME"),"D")%>
]]></Field>
</Object>
<Object class="com.sunopsis.dwg.dbobj.SnpMtxt">
		<Field name="Enc" type="java.lang.String">null</Field>
	<Field name="EncKey" type="java.lang.String">null</Field>
	<Field name="EncKeyVect" type="java.lang.String">null</Field>
	<Field name="FullTxt" type="java.lang.String"><![CDATA[Description :
Adds a check constraint to a table

Restrictions:
]]></Field>
	<Field name="GlobalId" type="java.lang.String"><![CDATA[c902d3dc-dd74-3b1a-8180-1935548ed78d]]></Field>
	<Field name="ITxt" type="com.sunopsis.sql.DbInt"><![CDATA[237]]></Field>
	<Field name="ITxtOrig" type="com.sunopsis.sql.DbInt"><![CDATA[1]]></Field>
	<Field name="Txt" type="java.lang.String"><![CDATA[Description :
Adds a check constraint to a table

Restrictions:
]]></Field>
</Object>
<Object class="com.sunopsis.dwg.dbobj.SnpAction">
		<Field name="ActionName" type="java.lang.String"><![CDATA[Add Foreign Key]]></Field>
	<Field name="ActionType" type="com.sunopsis.sql.DbInt"><![CDATA[6]]></Field>
	<Field name="FirstDate" type="java.sql.Timestamp"><![CDATA[2024-12-23 06:21:16.0]]></Field>
	<Field name="FirstUser" type="java.lang.String"><![CDATA[SUNOPSIS_INSTALL]]></Field>
	<Field name="GlobalId" type="java.lang.String"><![CDATA[3dbf4a86-24e0-3174-8890-3e5be9d958af]]></Field>
	<Field name="IAction" type="com.sunopsis.sql.DbInt"><![CDATA[38]]></Field>
	<Field name="IGrpAction" type="com.sunopsis.sql.DbInt"><![CDATA[10]]></Field>
	<Field name="ITxtDesc" type="com.sunopsis.sql.DbInt"><![CDATA[239]]></Field>
	<Field name="LastDate" type="java.sql.Timestamp"><![CDATA[2024-12-23 06:21:16.0]]></Field>
	<Field name="LastUser" type="java.lang.String"><![CDATA[SUNOPSIS_INSTALL]]></Field>
</Object>
<Object class="com.sunopsis.dwg.dbobj.SnpLineAction">
		<Field name="ConnectId" type="java.lang.String">null</Field>
	<Field name="FirstDate" type="java.sql.Timestamp"><![CDATA[2024-12-23 06:21:16.0]]></Field>
	<Field name="FirstUser" type="java.lang.String"><![CDATA[SUNOPSIS_INSTALL]]></Field>
	<Field name="GlobalId" type="java.lang.String"><![CDATA[6dd0a897-f556-384e-9bf5-33f6733aa5be]]></Field>
	<Field name="IgnoreError" type="java.lang.String"><![CDATA[0]]></Field>
	<Field name="IndCommit" type="java.lang.String"><![CDATA[0]]></Field>
	<Field name="IndLogMethod" type="java.lang.String">null</Field>
	<Field name="IndLogNb" type="java.lang.String"><![CDATA[3]]></Field>
	<Field name="IsolLevel" type="java.lang.String">null</Field>
	<Field name="IAction" type="com.sunopsis.sql.DbInt"><![CDATA[38]]></Field>
	<Field name="ITxtAction" type="com.sunopsis.sql.DbInt"><![CDATA[238]]></Field>
	<Field name="LastDate" type="java.sql.Timestamp"><![CDATA[2024-12-23 06:21:16.0]]></Field>
	<Field name="LastUser" type="java.lang.String"><![CDATA[SUNOPSIS_INSTALL]]></Field>
	<Field name="LineActionName" type="java.lang.String"><![CDATA[Add Foreign Key]]></Field>
	<Field name="OrdAction" type="com.sunopsis.sql.DbInt"><![CDATA[10]]></Field>
</Object>
<Object class="com.sunopsis.dwg.dbobj.SnpMtxt">
		<Field name="Enc" type="java.lang.String">null</Field>
	<Field name="EncKey" type="java.lang.String">null</Field>
	<Field name="EncKeyVect" type="java.lang.String">null</Field>
	<Field name="FullTxt" type="java.lang.String"><![CDATA[alter table <%=odiRef.getTable("L", "TARG_NAME", "A") %>
	add constraint foreign key <%=odiRef.getFKColList("(", "[COL_NAME]", ", ", ")") %>
	references <%=odiRef.getTable("L", "FK_PK_TABLE_NAME", "A")%>
		            <%=odiRef.getFKColList("(", "[PK_COL_NAME]", ", ", ")") %>
	constraint <%=odiRef.getObjectShortName( "L" , odiRef.getFK("FK_NAME") , "D" )%>]]></Field>
	<Field name="GlobalId" type="java.lang.String"><![CDATA[d3dc2afa-bdb7-3842-bd90-297065c0299a]]></Field>
	<Field name="ITxt" type="com.sunopsis.sql.DbInt"><![CDATA[238]]></Field>
	<Field name="ITxtOrig" type="com.sunopsis.sql.DbInt"><![CDATA[2]]></Field>
	<Field name="Txt" type="java.lang.String"><![CDATA[alter table <%=odiRef.getTable("L", "TARG_NAME", "A") %>
	add constraint foreign key <%=odiRef.getFKColList("(", "[COL_NAME]", ", ", ")") %>
	references <%=odiRef.getTable("L", "FK_PK_TABLE_NAME", "A")%>
		            <%=odiRef.getFKColList("(", "[PK_COL_NAME]", ", ", ")") %>
	constraint <%=odiRef.getObjectShortName( "L" , odiRef.getFK("FK_NAME") , "D" )%>]]></Field>
</Object>
<Object class="com.sunopsis.dwg.dbobj.SnpMtxt">
		<Field name="Enc" type="java.lang.String">null</Field>
	<Field name="EncKey" type="java.lang.String">null</Field>
	<Field name="EncKeyVect" type="java.lang.String">null</Field>
	<Field name="FullTxt" type="java.lang.String"><![CDATA[Description :
Adds a foreign key constraint to a table

Restrictions:

]]></Field>
	<Field name="GlobalId" type="java.lang.String"><![CDATA[7b3ac542-eb9a-3137-be08-949b2252b7a4]]></Field>
	<Field name="ITxt" type="com.sunopsis.sql.DbInt"><![CDATA[239]]></Field>
	<Field name="ITxtOrig" type="com.sunopsis.sql.DbInt"><![CDATA[1]]></Field>
	<Field name="Txt" type="java.lang.String"><![CDATA[Description :
Adds a foreign key constraint to a table

Restrictions:

]]></Field>
</Object>
<Object class="com.sunopsis.dwg.dbobj.SnpAction">
		<Field name="ActionName" type="java.lang.String"><![CDATA[Add Primary Key]]></Field>
	<Field name="ActionType" type="com.sunopsis.sql.DbInt"><![CDATA[4]]></Field>
	<Field name="FirstDate" type="java.sql.Timestamp"><![CDATA[2024-12-23 06:21:16.0]]></Field>
	<Field name="FirstUser" type="java.lang.String"><![CDATA[SUNOPSIS_INSTALL]]></Field>
	<Field name="GlobalId" type="java.lang.String"><![CDATA[76597e64-9a57-3d98-86f0-06917c568029]]></Field>
	<Field name="IAction" type="com.sunopsis.sql.DbInt"><![CDATA[39]]></Field>
	<Field name="IGrpAction" type="com.sunopsis.sql.DbInt"><![CDATA[10]]></Field>
	<Field name="ITxtDesc" type="com.sunopsis.sql.DbInt"><![CDATA[241]]></Field>
	<Field name="LastDate" type="java.sql.Timestamp"><![CDATA[2024-12-23 06:21:16.0]]></Field>
	<Field name="LastUser" type="java.lang.String"><![CDATA[SUNOPSIS_INSTALL]]></Field>
</Object>
<Object class="com.sunopsis.dwg.dbobj.SnpLineAction">
		<Field name="ConnectId" type="java.lang.String">null</Field>
	<Field name="FirstDate" type="java.sql.Timestamp"><![CDATA[2024-12-23 06:21:16.0]]></Field>
	<Field name="FirstUser" type="java.lang.String"><![CDATA[SUNOPSIS_INSTALL]]></Field>
	<Field name="GlobalId" type="java.lang.String"><![CDATA[02e0605a-471b-3c3d-8795-74c943e5d1ed]]></Field>
	<Field name="IgnoreError" type="java.lang.String"><![CDATA[0]]></Field>
	<Field name="IndCommit" type="java.lang.String"><![CDATA[0]]></Field>
	<Field name="IndLogMethod" type="java.lang.String">null</Field>
	<Field name="IndLogNb" type="java.lang.String"><![CDATA[3]]></Field>
	<Field name="IsolLevel" type="java.lang.String">null</Field>
	<Field name="IAction" type="com.sunopsis.sql.DbInt"><![CDATA[39]]></Field>
	<Field name="ITxtAction" type="com.sunopsis.sql.DbInt"><![CDATA[240]]></Field>
	<Field name="LastDate" type="java.sql.Timestamp"><![CDATA[2024-12-23 06:21:16.0]]></Field>
	<Field name="LastUser" type="java.lang.String"><![CDATA[SUNOPSIS_INSTALL]]></Field>
	<Field name="LineActionName" type="java.lang.String"><![CDATA[Add Primary Key]]></Field>
	<Field name="OrdAction" type="com.sunopsis.sql.DbInt"><![CDATA[0]]></Field>
</Object>
<Object class="com.sunopsis.dwg.dbobj.SnpMtxt">
		<Field name="Enc" type="java.lang.String">null</Field>
	<Field name="EncKey" type="java.lang.String">null</Field>
	<Field name="EncKeyVect" type="java.lang.String">null</Field>
	<Field name="FullTxt" type="java.lang.String"><![CDATA[alter table <%=odiRef.getTable("L", "TARG_NAME", "A")%> add constraint primary key <%=odiRef.getPKColList("(", "[COL_NAME]", ", " , ")")%> constraint <%=odiRef.getObjectShortName( "L" , odiRef.getPK("KEY_NAME") , "D" )%>

]]></Field>
	<Field name="GlobalId" type="java.lang.String"><![CDATA[f6f1dcd5-3c1f-3268-9e14-1b041aa99413]]></Field>
	<Field name="ITxt" type="com.sunopsis.sql.DbInt"><![CDATA[240]]></Field>
	<Field name="ITxtOrig" type="com.sunopsis.sql.DbInt"><![CDATA[2]]></Field>
	<Field name="Txt" type="java.lang.String"><![CDATA[alter table <%=odiRef.getTable("L", "TARG_NAME", "A")%> add constraint primary key <%=odiRef.getPKColList("(", "[COL_NAME]", ", " , ")")%> constraint <%=odiRef.getObjectShortName( "L" , odiRef.getPK("KEY_NAME") , "D" )%>

]]></Field>
</Object>
<Object class="com.sunopsis.dwg.dbobj.SnpMtxt">
		<Field name="Enc" type="java.lang.String">null</Field>
	<Field name="EncKey" type="java.lang.String">null</Field>
	<Field name="EncKeyVect" type="java.lang.String">null</Field>
	<Field name="FullTxt" type="java.lang.String"><![CDATA[Description :
Adds the primary key to a table

Restrictions:
]]></Field>
	<Field name="GlobalId" type="java.lang.String"><![CDATA[43b75b6e-e8b7-372c-8698-e174371e7a4f]]></Field>
	<Field name="ITxt" type="com.sunopsis.sql.DbInt"><![CDATA[241]]></Field>
	<Field name="ITxtOrig" type="com.sunopsis.sql.DbInt"><![CDATA[1]]></Field>
	<Field name="Txt" type="java.lang.String"><![CDATA[Description :
Adds the primary key to a table

Restrictions:
]]></Field>
</Object>
<Object class="com.sunopsis.dwg.dbobj.SnpAction">
		<Field name="ActionName" type="java.lang.String"><![CDATA[Modify Column Attribute]]></Field>
	<Field name="ActionType" type="com.sunopsis.sql.DbInt"><![CDATA[8]]></Field>
	<Field name="FirstDate" type="java.sql.Timestamp"><![CDATA[2024-12-23 06:21:16.0]]></Field>
	<Field name="FirstUser" type="java.lang.String"><![CDATA[SUNOPSIS_INSTALL]]></Field>
	<Field name="GlobalId" type="java.lang.String"><![CDATA[1c429106-52c6-33ec-9fc1-0c0b4ca3722c]]></Field>
	<Field name="IAction" type="com.sunopsis.sql.DbInt"><![CDATA[40]]></Field>
	<Field name="IGrpAction" type="com.sunopsis.sql.DbInt"><![CDATA[10]]></Field>
	<Field name="ITxtDesc" type="com.sunopsis.sql.DbInt"><![CDATA[243]]></Field>
	<Field name="LastDate" type="java.sql.Timestamp"><![CDATA[2024-12-23 06:21:16.0]]></Field>
	<Field name="LastUser" type="java.lang.String"><![CDATA[SUNOPSIS_INSTALL]]></Field>
</Object>
<Object class="com.sunopsis.dwg.dbobj.SnpLineAction">
		<Field name="ConnectId" type="java.lang.String">null</Field>
	<Field name="FirstDate" type="java.sql.Timestamp"><![CDATA[2024-12-23 06:21:16.0]]></Field>
	<Field name="FirstUser" type="java.lang.String"><![CDATA[SUNOPSIS_INSTALL]]></Field>
	<Field name="GlobalId" type="java.lang.String"><![CDATA[d5b0d6aa-193a-35be-ae11-69173224c4ab]]></Field>
	<Field name="IgnoreError" type="java.lang.String"><![CDATA[0]]></Field>
	<Field name="IndCommit" type="java.lang.String"><![CDATA[0]]></Field>
	<Field name="IndLogMethod" type="java.lang.String">null</Field>
	<Field name="IndLogNb" type="java.lang.String"><![CDATA[3]]></Field>
	<Field name="IsolLevel" type="java.lang.String">null</Field>
	<Field name="IAction" type="com.sunopsis.sql.DbInt"><![CDATA[40]]></Field>
	<Field name="ITxtAction" type="com.sunopsis.sql.DbInt"><![CDATA[242]]></Field>
	<Field name="LastDate" type="java.sql.Timestamp"><![CDATA[2024-12-23 06:21:16.0]]></Field>
	<Field name="LastUser" type="java.lang.String"><![CDATA[SUNOPSIS_INSTALL]]></Field>
	<Field name="LineActionName" type="java.lang.String"><![CDATA[Modify Column Attribute]]></Field>
	<Field name="OrdAction" type="com.sunopsis.sql.DbInt"><![CDATA[0]]></Field>
</Object>
<Object class="com.sunopsis.dwg.dbobj.SnpMtxt">
		<Field name="Enc" type="java.lang.String">null</Field>
	<Field name="EncKey" type="java.lang.String">null</Field>
	<Field name="EncKeyVect" type="java.lang.String">null</Field>
	<Field name="FullTxt" type="java.lang.String"><![CDATA[<%if (odiRef.isColAttrChanged("NULL"))
{%>    
alter table <%= odiRef.getTable("L", "TARG_NAME", "A") %>   modify (<%=
odiRef.getColumn("[COL_NAME] [DEST_CRE_DT] [DEFAULT_CLAUSE]  set
[MANDATORY_CLAUSE]","NEW") %> )
<% } else { %>    
alter table <%= odiRef.getTable("L", "TARG_NAME", "A") %>   modify (<%=
odiRef.getColumn("[COL_NAME] [DEST_CRE_DT] [DEFAULT_CLAUSE]","NEW") %>)
<%}%>]]></Field>
	<Field name="GlobalId" type="java.lang.String"><![CDATA[bc43711a-ecab-3e63-9a8a-b5661a0cb0a0]]></Field>
	<Field name="ITxt" type="com.sunopsis.sql.DbInt"><![CDATA[242]]></Field>
	<Field name="ITxtOrig" type="com.sunopsis.sql.DbInt"><![CDATA[2]]></Field>
	<Field name="Txt" type="java.lang.String"><![CDATA[<%if (odiRef.isColAttrChanged("NULL"))
{%>    
alter table <%= odiRef.getTable("L", "TARG_NAME", "A") %>   modify (<%=
odiRef.getColumn("[COL_NAME] [DEST_CRE_DT] [DEFAULT_CLAUSE]  set
[MANDATORY_CLAUSE]","NEW") %> )
<% } else { %>    
alter table <%= odiRef.getTable("L", "TARG_NAME", "A") %>   modify (<%=
odiRef.getColumn("[COL_NAME] [DEST_CRE_DT] [DEFAULT_CLAUSE]","NEW") %>)
<%}%>]]></Field>
</Object>
<Object class="com.sunopsis.dwg.dbobj.SnpMtxt">
		<Field name="Enc" type="java.lang.String">null</Field>
	<Field name="EncKey" type="java.lang.String">null</Field>
	<Field name="EncKeyVect" type="java.lang.String">null</Field>
	<Field name="FullTxt" type="java.lang.String"><![CDATA[Description :
Modifies NULL/NOT NULL attribute of a column

Restrictions:
]]></Field>
	<Field name="GlobalId" type="java.lang.String"><![CDATA[cb2bee81-9429-3ae2-8764-50f5f23e8e94]]></Field>
	<Field name="ITxt" type="com.sunopsis.sql.DbInt"><![CDATA[243]]></Field>
	<Field name="ITxtOrig" type="com.sunopsis.sql.DbInt"><![CDATA[1]]></Field>
	<Field name="Txt" type="java.lang.String"><![CDATA[Description :
Modifies NULL/NOT NULL attribute of a column

Restrictions:
]]></Field>
</Object>
<Object class="com.sunopsis.dwg.dbobj.SnpFKXRef">
		<Field name="RefKey" type="java.lang.String"><![CDATA[SNP_MTXT.233]]></Field>
	<Field name="RefObjGlobalId" type="java.lang.String"><![CDATA[5eb577aa-bdc9-3734-8f9e-8a3c6b3776e2]]></Field>
</Object>
<Object class="com.sunopsis.dwg.dbobj.SnpFKXRef">
		<Field name="RefKey" type="java.lang.String"><![CDATA[SNP_MTXT.232]]></Field>
	<Field name="RefObjGlobalId" type="java.lang.String"><![CDATA[3d8e2c12-4ceb-39f3-8555-3192855eeb0b]]></Field>
</Object>
<Object class="com.sunopsis.dwg.dbobj.SnpFKXRef">
		<Field name="RefKey" type="java.lang.String"><![CDATA[SNP_MTXT.231]]></Field>
	<Field name="RefObjGlobalId" type="java.lang.String"><![CDATA[72e15fba-5f78-31eb-8c51-6c810a6be4f4]]></Field>
</Object>
<Object class="com.sunopsis.dwg.dbobj.SnpFKXRef">
		<Field name="RefKey" type="java.lang.String"><![CDATA[SNP_MTXT.229]]></Field>
	<Field name="RefObjGlobalId" type="java.lang.String"><![CDATA[203cf2f5-b592-3336-b139-cd06cc58fbc2]]></Field>
</Object>
<Object class="com.sunopsis.dwg.dbobj.SnpFKXRef">
		<Field name="RefKey" type="java.lang.String"><![CDATA[SNP_MTXT.230]]></Field>
	<Field name="RefObjGlobalId" type="java.lang.String"><![CDATA[e08d39ac-3bd4-3505-9033-39907dc9a7f4]]></Field>
</Object>
<Object class="com.sunopsis.dwg.dbobj.SnpFKXRef">
		<Field name="RefKey" type="java.lang.String"><![CDATA[SNP_TECHNO.110]]></Field>
	<Field name="RefObjGlobalId" type="java.lang.String"><![CDATA[5bb786db-c370-3595-a6f9-70dbb2acc7a3]]></Field>
</Object>
<Object class="com.sunopsis.dwg.dbobj.SnpFKXRef">
		<Field name="RefKey" type="java.lang.String"><![CDATA[SNP_MTXT.226]]></Field>
	<Field name="RefObjGlobalId" type="java.lang.String"><![CDATA[d91894de-eb4b-348d-8642-9b9670025e05]]></Field>
</Object>
<Object class="com.sunopsis.dwg.dbobj.SnpFKXRef">
		<Field name="RefKey" type="java.lang.String"><![CDATA[SNP_MTXT.228]]></Field>
	<Field name="RefObjGlobalId" type="java.lang.String"><![CDATA[59043c3a-1316-3fbd-834a-aae5da17904f]]></Field>
</Object>
<Object class="com.sunopsis.dwg.dbobj.SnpFKXRef">
		<Field name="RefKey" type="java.lang.String"><![CDATA[SNP_MTXT.227]]></Field>
	<Field name="RefObjGlobalId" type="java.lang.String"><![CDATA[ea8a8608-2a0a-3db6-bbb0-4d4a50d06ec3]]></Field>
</Object>
<Object class="com.sunopsis.dwg.dbobj.SnpFKXRef">
		<Field name="RefKey" type="java.lang.String"><![CDATA[SNP_GRPACTION.10]]></Field>
	<Field name="RefObjGlobalId" type="java.lang.String"><![CDATA[eb62c234-c5f5-3b09-b4ab-19655a55c0e5]]></Field>
</Object>
<Object class="com.sunopsis.dwg.dbobj.SnpFKXRef">
		<Field name="RefKey" type="java.lang.String"><![CDATA[SNP_MTXT.235]]></Field>
	<Field name="RefObjGlobalId" type="java.lang.String"><![CDATA[9e14255e-44b1-38a2-80b5-b4d3a29270a8]]></Field>
</Object>
<Object class="com.sunopsis.dwg.dbobj.SnpFKXRef">
		<Field name="RefKey" type="java.lang.String"><![CDATA[SNP_ACTION.36]]></Field>
	<Field name="RefObjGlobalId" type="java.lang.String"><![CDATA[7fafaec5-71ec-3204-a06e-261a0a071eac]]></Field>
</Object>
<Object class="com.sunopsis.dwg.dbobj.SnpFKXRef">
		<Field name="RefKey" type="java.lang.String"><![CDATA[SNP_MTXT.234]]></Field>
	<Field name="RefObjGlobalId" type="java.lang.String"><![CDATA[c77763e9-4594-321d-9746-4358eb287e44]]></Field>
</Object>
<Object class="com.sunopsis.dwg.dbobj.SnpFKXRef">
		<Field name="RefKey" type="java.lang.String"><![CDATA[SNP_MTXT.237]]></Field>
	<Field name="RefObjGlobalId" type="java.lang.String"><![CDATA[c902d3dc-dd74-3b1a-8180-1935548ed78d]]></Field>
</Object>
<Object class="com.sunopsis.dwg.dbobj.SnpFKXRef">
		<Field name="RefKey" type="java.lang.String"><![CDATA[SNP_ACTION.37]]></Field>
	<Field name="RefObjGlobalId" type="java.lang.String"><![CDATA[d05eddcf-173b-3c7f-b94d-112aaa7e81b4]]></Field>
</Object>
<Object class="com.sunopsis.dwg.dbobj.SnpFKXRef">
		<Field name="RefKey" type="java.lang.String"><![CDATA[SNP_MTXT.236]]></Field>
	<Field name="RefObjGlobalId" type="java.lang.String"><![CDATA[baa341f5-d94e-3a57-8108-d9dcd3a62c67]]></Field>
</Object>
<Object class="com.sunopsis.dwg.dbobj.SnpFKXRef">
		<Field name="RefKey" type="java.lang.String"><![CDATA[SNP_MTXT.239]]></Field>
	<Field name="RefObjGlobalId" type="java.lang.String"><![CDATA[7b3ac542-eb9a-3137-be08-949b2252b7a4]]></Field>
</Object>
<Object class="com.sunopsis.dwg.dbobj.SnpFKXRef">
		<Field name="RefKey" type="java.lang.String"><![CDATA[SNP_ACTION.38]]></Field>
	<Field name="RefObjGlobalId" type="java.lang.String"><![CDATA[3dbf4a86-24e0-3174-8890-3e5be9d958af]]></Field>
</Object>
<Object class="com.sunopsis.dwg.dbobj.SnpFKXRef">
		<Field name="RefKey" type="java.lang.String"><![CDATA[SNP_MTXT.238]]></Field>
	<Field name="RefObjGlobalId" type="java.lang.String"><![CDATA[d3dc2afa-bdb7-3842-bd90-297065c0299a]]></Field>
</Object>
<Object class="com.sunopsis.dwg.dbobj.SnpFKXRef">
		<Field name="RefKey" type="java.lang.String"><![CDATA[SNP_MTXT.241]]></Field>
	<Field name="RefObjGlobalId" type="java.lang.String"><![CDATA[43b75b6e-e8b7-372c-8698-e174371e7a4f]]></Field>
</Object>
<Object class="com.sunopsis.dwg.dbobj.SnpFKXRef">
		<Field name="RefKey" type="java.lang.String"><![CDATA[SNP_ACTION.39]]></Field>
	<Field name="RefObjGlobalId" type="java.lang.String"><![CDATA[76597e64-9a57-3d98-86f0-06917c568029]]></Field>
</Object>
<Object class="com.sunopsis.dwg.dbobj.SnpFKXRef">
		<Field name="RefKey" type="java.lang.String"><![CDATA[SNP_MTXT.240]]></Field>
	<Field name="RefObjGlobalId" type="java.lang.String"><![CDATA[f6f1dcd5-3c1f-3268-9e14-1b041aa99413]]></Field>
</Object>
<Object class="com.sunopsis.dwg.dbobj.SnpFKXRef">
		<Field name="RefKey" type="java.lang.String"><![CDATA[SNP_MTXT.243]]></Field>
	<Field name="RefObjGlobalId" type="java.lang.String"><![CDATA[cb2bee81-9429-3ae2-8764-50f5f23e8e94]]></Field>
</Object>
<Object class="com.sunopsis.dwg.dbobj.SnpFKXRef">
		<Field name="RefKey" type="java.lang.String"><![CDATA[SNP_ACTION.40]]></Field>
	<Field name="RefObjGlobalId" type="java.lang.String"><![CDATA[1c429106-52c6-33ec-9fc1-0c0b4ca3722c]]></Field>
</Object>
<Object class="com.sunopsis.dwg.dbobj.SnpFKXRef">
		<Field name="RefKey" type="java.lang.String"><![CDATA[SNP_MTXT.242]]></Field>
	<Field name="RefObjGlobalId" type="java.lang.String"><![CDATA[bc43711a-ecab-3e63-9a8a-b5661a0cb0a0]]></Field>
</Object>
<Object class="com.sunopsis.dwg.dbobj.SnpMImportRep">
		<Field name="GlobalId" type="java.lang.String"><![CDATA[2514270f-6e94-47f4-b5cf-96c2689174f6]]></Field>
	<Field name="RepGuid" type="java.lang.String"><![CDATA[359f8e51-151f-3f44-a2c1-a359ef69df90]]></Field>
	<Field name="RepShortId" type="com.sunopsis.sql.DbInt"><![CDATA[0]]></Field>
	<Field name="RepTimestamp" type="java.lang.String"><![CDATA[1734952807201]]></Field>
</Object>
<Object class="com.sunopsis.dwg.DwgExportSummary">
		<Field name="ExpTxtNb" type="com.sunopsis.sql.DbInt"><![CDATA[0]]></Field>
	<Field name="InstObjNb" type="com.sunopsis.sql.DbInt"><![CDATA[0]]></Field>
	<Field name="JoinColNb" type="com.sunopsis.sql.DbInt"><![CDATA[0]]></Field>
	<Field name="JoinNb" type="com.sunopsis.sql.DbInt"><![CDATA[0]]></Field>
	<Field name="KeyColNb" type="com.sunopsis.sql.DbInt"><![CDATA[0]]></Field>
	<Field name="KeyNb" type="com.sunopsis.sql.DbInt"><![CDATA[0]]></Field>
	<Field name="LinkDiagNb" type="com.sunopsis.sql.DbInt"><![CDATA[0]]></Field>
	<Field name="MorigTxtNb" type="com.sunopsis.sql.DbInt"><![CDATA[18]]></Field>
	<Field name="MtxtNb" type="com.sunopsis.sql.DbInt"><![CDATA[18]]></Field>
	<Field name="OrigTxtNb" type="com.sunopsis.sql.DbInt"><![CDATA[0]]></Field>
	<Field name="OtherObjectsNb" type="com.sunopsis.sql.DbInt"><![CDATA[14]]></Field>
	<Field name="PlanAgentNb" type="com.sunopsis.sql.DbInt"><![CDATA[0]]></Field>
	<Field name="StepNb" type="com.sunopsis.sql.DbInt"><![CDATA[0]]></Field>
	<Field name="TxtNb" type="com.sunopsis.sql.DbInt"><![CDATA[0]]></Field>
	<Field name="UeOrigNb" type="com.sunopsis.sql.DbInt"><![CDATA[0]]></Field>
	<Field name="UeUsedNb" type="com.sunopsis.sql.DbInt"><![CDATA[0]]></Field>
	<Field name="VarPlanAgentNb" type="com.sunopsis.sql.DbInt"><![CDATA[0]]></Field>
	<Field name="ScenTxtNb" type="com.sunopsis.sql.DbInt"><![CDATA[0]]></Field>
	<Field name="OdiVersion" type="java.lang.String"><![CDATA[12.1.3 - 17/06/2014]]></Field>
	<Field name="OriginRepositoryID" type="com.sunopsis.sql.DbInt"><![CDATA[0]]></Field>
	<Field name="RepositoryVersion" type="java.lang.String"><![CDATA[05.01.02.02]]></Field>
</Object>
</SunopsisExport>
