<?xml version="1.0" encoding="ISO-8859-1"?>
<SunopsisExport>
<Admin RepositoryVersion="05.01.02.02" IsLegacyIdCompatible="false" />
<Encryption algorithm="AES" keyLength="128" exportKeyHash="Z2LdVCtB/WHSY10ogs6g2teGftuAhjsMcTk91YskZ8o=" keyVect="+d8841HhY5YsbtqVgF92sg==" exportKeySalt="0ee007bb-2c97-45df-8b6f-da05d181d228" containsCipherText="false"/>
<Object class="com.sunopsis.dwg.dbobj.SnpTechno">
		<Field name="CatalogTerm" type="java.lang.String">null</Field>
	<Field name="ColAliasWord" type="java.lang.String">null</Field>
	<Field name="DateFct" type="java.lang.String"><![CDATA[NOW()]]></Field>
	<Field name="DdlDateMask" type="java.lang.String"><![CDATA[TIMESTAMP]]></Field>
	<Field name="DdlLongrawMask" type="java.lang.String"><![CDATA[VARCHAR(1)]]></Field>
	<Field name="DdlNull" type="java.lang.String"><![CDATA[NULL]]></Field>
	<Field name="DdlNumericMask" type="java.lang.String"><![CDATA[NUMERIC(%L,%P)]]></Field>
	<Field name="DdlVarcharMask" type="java.lang.String"><![CDATA[VARCHAR(%L)]]></Field>
	<Field name="DefColPrfTab" type="java.lang.String"><![CDATA[C$_]]></Field>
	<Field name="DefErrPrfTab" type="java.lang.String"><![CDATA[E$_]]></Field>
	<Field name="DefIdxPrfTab" type="java.lang.String"><![CDATA[IX$_]]></Field>
	<Field name="DefIntPrfTab" type="java.lang.String"><![CDATA[I$_]]></Field>
	<Field name="DefJrnPrfTab" type="java.lang.String"><![CDATA[J$]]></Field>
	<Field name="DefJrnPrfTrg" type="java.lang.String"><![CDATA[T$]]></Field>
	<Field name="DefJrnPrfVie" type="java.lang.String"><![CDATA[JV$]]></Field>
	<Field name="DefUnqCharSpec" type="java.lang.String"><![CDATA[BASE64]]></Field>
	<Field name="DefValueWord" type="java.lang.String"><![CDATA[DEFAULT]]></Field>
	<Field name="DserverTerm" type="java.lang.String">null</Field>
	<Field name="ExecPlanRequest" type="java.lang.String">null</Field>
	<Field name="ExeChanel" type="java.lang.String"><![CDATA[J]]></Field>
	<Field name="ExpGroupBy" type="java.lang.String">null</Field>
	<Field name="ExpHaving" type="java.lang.String">null</Field>
	<Field name="ExpOrderBy" type="java.lang.String">null</Field>
	<Field name="ExtVersion" type="java.lang.String">null</Field>
	<Field name="FirstDate" type="java.sql.Timestamp"><![CDATA[2024-12-23 06:21:10.0]]></Field>
	<Field name="FirstUser" type="java.lang.String"><![CDATA[SUNOPSIS_INSTALL]]></Field>
	<Field name="GetDateRequest" type="java.lang.String">null</Field>
	<Field name="GetSeqCurrRequest" type="java.lang.String">null</Field>
	<Field name="GetSeqRequest" type="java.lang.String">null</Field>
	<Field name="GlobalId" type="java.lang.String"><![CDATA[e425fad6-cd82-3ae5-85e9-d33f5c52decb]]></Field>
	<Field name="IndCatalog" type="java.lang.String"><![CDATA[0]]></Field>
	<Field name="IndChange" type="java.lang.String"><![CDATA[I]]></Field>
	<Field name="IndDserver" type="java.lang.String"><![CDATA[0]]></Field>
	<Field name="IndFileParam" type="java.lang.String"><![CDATA[0]]></Field>
	<Field name="IndLogical" type="java.lang.String"><![CDATA[1]]></Field>
	<Field name="IndPartition" type="java.lang.String"><![CDATA[N]]></Field>
	<Field name="IndPhysical" type="java.lang.String"><![CDATA[1]]></Field>
	<Field name="IndSchema" type="java.lang.String"><![CDATA[1]]></Field>
	<Field name="IndSequence" type="java.lang.String"><![CDATA[0]]></Field>
	<Field name="IndSuppDrvdTbl" type="java.lang.String"><![CDATA[1]]></Field>
	<Field name="IndSuppSelLk" type="java.lang.String"><![CDATA[0]]></Field>
	<Field name="IndSuppSetOperator" type="java.lang.String"><![CDATA[1]]></Field>
	<Field name="IntVersion" type="com.sunopsis.sql.DbInt"><![CDATA[1]]></Field>
	<Field name="IAkTxt" type="com.sunopsis.sql.DbInt"><![CDATA[null]]></Field>
	<Field name="ICheckTxt" type="com.sunopsis.sql.DbInt"><![CDATA[null]]></Field>
	<Field name="IFkTxt" type="com.sunopsis.sql.DbInt"><![CDATA[null]]></Field>
	<Field name="IIndexTxt" type="com.sunopsis.sql.DbInt"><![CDATA[null]]></Field>
	<Field name="IPkTxt" type="com.sunopsis.sql.DbInt"><![CDATA[null]]></Field>
	<Field name="ISeqTxt" type="com.sunopsis.sql.DbInt"><![CDATA[null]]></Field>
	<Field name="ITechno" type="com.sunopsis.sql.DbInt"><![CDATA[88]]></Field>
	<Field name="JoinBrace" type="java.lang.String"><![CDATA[0]]></Field>
	<Field name="JoinCap" type="java.lang.String"><![CDATA[2]]></Field>
	<Field name="JoinClauseOn" type="java.lang.String"><![CDATA[F]]></Field>
	<Field name="JoinCross" type="java.lang.String"><![CDATA[,]]></Field>
	<Field name="JoinFull" type="java.lang.String">null</Field>
	<Field name="JoinIn" type="java.lang.String"><![CDATA[inner join]]></Field>
	<Field name="JoinLeftOut" type="java.lang.String"><![CDATA[left outer join]]></Field>
	<Field name="JoinNatural" type="java.lang.String">null</Field>
	<Field name="JoinOuter" type="java.lang.String">null</Field>
	<Field name="JoinOuterBa" type="java.lang.String">null</Field>
	<Field name="JoinOuterLoc" type="java.lang.String">null</Field>
	<Field name="JoinOuterSide" type="java.lang.String">null</Field>
	<Field name="JoinRightOut" type="java.lang.String">null</Field>
	<Field name="LastDate" type="java.sql.Timestamp"><![CDATA[2024-12-23 06:21:10.0]]></Field>
	<Field name="LastUser" type="java.lang.String"><![CDATA[SUNOPSIS_INSTALL]]></Field>
	<Field name="LocObjPattern" type="java.lang.String"><![CDATA[%SCHEMA.%OBJECT]]></Field>
	<Field name="LocSeqCurrPattern" type="java.lang.String">null</Field>
	<Field name="LocSeqPattern" type="java.lang.String">null</Field>
	<Field name="MaxColNameLen" type="com.sunopsis.sql.DbInt"><![CDATA[30]]></Field>
	<Field name="MaxTabNameLen" type="com.sunopsis.sql.DbInt"><![CDATA[30]]></Field>
	<Field name="PartPattern" type="java.lang.String">null</Field>
	<Field name="RemObjPattern" type="java.lang.String">null</Field>
	<Field name="RemSeqCurrPattern" type="java.lang.String">null</Field>
	<Field name="RemSeqPattern" type="java.lang.String">null</Field>
	<Field name="SchemaTerm" type="java.lang.String"><![CDATA[SCHEMA_SCHEMA]]></Field>
	<Field name="SetOperatorLst" type="java.lang.String"><![CDATA[UNION,UNION ALL]]></Field>
	<Field name="SqlCap" type="java.lang.String"><![CDATA[1]]></Field>
	<Field name="SubPartPattern" type="java.lang.String">null</Field>
	<Field name="TabAliasWord" type="java.lang.String">null</Field>
	<Field name="TechnoName" type="java.lang.String"><![CDATA[Complex File]]></Field>
	<Field name="TechIntName" type="java.lang.String"><![CDATA[COMPLEX_FILE]]></Field>
	<Field name="WhereCap" type="java.lang.String"><![CDATA[1]]></Field>
</Object>
<Object class="com.sunopsis.dwg.dbobj.SnpIndexType">
		<Field name="ExtVersion" type="java.lang.String">null</Field>
	<Field name="FirstDate" type="java.sql.Timestamp"><![CDATA[2024-12-23 06:21:10.0]]></Field>
	<Field name="FirstUser" type="java.lang.String"><![CDATA[SUNOPSIS_INSTALL]]></Field>
	<Field name="GlobalId" type="java.lang.String"><![CDATA[718ad22f-83ea-33ec-a8a0-f3589e0d23b0]]></Field>
	<Field name="IndexTypeCode" type="java.lang.String"><![CDATA[NON_UNIQUE]]></Field>
	<Field name="IndexTypeName" type="java.lang.String"><![CDATA[Non-Unique]]></Field>
	<Field name="IndChange" type="java.lang.String"><![CDATA[I]]></Field>
	<Field name="IIndexType" type="com.sunopsis.sql.DbInt"><![CDATA[49]]></Field>
	<Field name="IItypeClauseTxt" type="com.sunopsis.sql.DbInt"><![CDATA[null]]></Field>
	<Field name="IItypeDescTxt" type="com.sunopsis.sql.DbInt"><![CDATA[163]]></Field>
	<Field name="ITechno" type="com.sunopsis.sql.DbInt"><![CDATA[88]]></Field>
	<Field name="LastDate" type="java.sql.Timestamp"><![CDATA[2024-12-23 06:21:10.0]]></Field>
	<Field name="LastUser" type="java.lang.String"><![CDATA[SUNOPSIS_INSTALL]]></Field>
</Object>
<Object class="com.sunopsis.dwg.dbobj.SnpMtxt">
		<Field name="Enc" type="java.lang.String">null</Field>
	<Field name="EncKey" type="java.lang.String">null</Field>
	<Field name="EncKeyVect" type="java.lang.String">null</Field>
	<Field name="FullTxt" type="java.lang.String"><![CDATA[Non-Unique Index]]></Field>
	<Field name="GlobalId" type="java.lang.String"><![CDATA[492fbb5a-e92a-3706-81fb-2bd962b739c2]]></Field>
	<Field name="ITxt" type="com.sunopsis.sql.DbInt"><![CDATA[163]]></Field>
	<Field name="ITxtOrig" type="com.sunopsis.sql.DbInt"><![CDATA[20]]></Field>
	<Field name="Txt" type="java.lang.String"><![CDATA[Non-Unique Index]]></Field>
</Object>
<Object class="com.sunopsis.dwg.dbobj.SnpMorigTxt">
		<Field name="ITxtOrig" type="com.sunopsis.sql.DbInt"><![CDATA[20]]></Field>
	<Field name="OrigineName" type="java.lang.String"><![CDATA[SnpMorigTxt.IndexType.Description]]></Field>
	<Field name="SnpsCol" type="java.lang.String"><![CDATA[I_ITYPE_DESC_TXT]]></Field>
	<Field name="SnpsTable" type="java.lang.String"><![CDATA[SNP_INDEX_TYPE]]></Field>
</Object>
<Object class="com.sunopsis.dwg.dbobj.SnpIndexType">
		<Field name="ExtVersion" type="java.lang.String">null</Field>
	<Field name="FirstDate" type="java.sql.Timestamp"><![CDATA[2024-12-23 06:21:10.0]]></Field>
	<Field name="FirstUser" type="java.lang.String"><![CDATA[SUNOPSIS_INSTALL]]></Field>
	<Field name="GlobalId" type="java.lang.String"><![CDATA[716dc9e5-a1ee-3e8e-a90c-44316e92ec91]]></Field>
	<Field name="IndexTypeCode" type="java.lang.String"><![CDATA[UNIQUE]]></Field>
	<Field name="IndexTypeName" type="java.lang.String"><![CDATA[Unique]]></Field>
	<Field name="IndChange" type="java.lang.String"><![CDATA[I]]></Field>
	<Field name="IIndexType" type="com.sunopsis.sql.DbInt"><![CDATA[50]]></Field>
	<Field name="IItypeClauseTxt" type="com.sunopsis.sql.DbInt"><![CDATA[165]]></Field>
	<Field name="IItypeDescTxt" type="com.sunopsis.sql.DbInt"><![CDATA[164]]></Field>
	<Field name="ITechno" type="com.sunopsis.sql.DbInt"><![CDATA[88]]></Field>
	<Field name="LastDate" type="java.sql.Timestamp"><![CDATA[2024-12-23 06:21:10.0]]></Field>
	<Field name="LastUser" type="java.lang.String"><![CDATA[SUNOPSIS_INSTALL]]></Field>
</Object>
<Object class="com.sunopsis.dwg.dbobj.SnpMtxt">
		<Field name="Enc" type="java.lang.String">null</Field>
	<Field name="EncKey" type="java.lang.String">null</Field>
	<Field name="EncKeyVect" type="java.lang.String">null</Field>
	<Field name="FullTxt" type="java.lang.String"><![CDATA[Unique Index]]></Field>
	<Field name="GlobalId" type="java.lang.String"><![CDATA[6c1573fc-6112-320c-b2e1-c039916d4b1a]]></Field>
	<Field name="ITxt" type="com.sunopsis.sql.DbInt"><![CDATA[164]]></Field>
	<Field name="ITxtOrig" type="com.sunopsis.sql.DbInt"><![CDATA[20]]></Field>
	<Field name="Txt" type="java.lang.String"><![CDATA[Unique Index]]></Field>
</Object>
<Object class="com.sunopsis.dwg.dbobj.SnpMtxt">
		<Field name="Enc" type="java.lang.String">null</Field>
	<Field name="EncKey" type="java.lang.String">null</Field>
	<Field name="EncKeyVect" type="java.lang.String">null</Field>
	<Field name="FullTxt" type="java.lang.String"><![CDATA[UNIQUE]]></Field>
	<Field name="GlobalId" type="java.lang.String"><![CDATA[e2b2ea31-4757-3220-9477-15790e48f496]]></Field>
	<Field name="ITxt" type="com.sunopsis.sql.DbInt"><![CDATA[165]]></Field>
	<Field name="ITxtOrig" type="com.sunopsis.sql.DbInt"><![CDATA[21]]></Field>
	<Field name="Txt" type="java.lang.String"><![CDATA[UNIQUE]]></Field>
</Object>
<Object class="com.sunopsis.dwg.dbobj.SnpMorigTxt">
		<Field name="ITxtOrig" type="com.sunopsis.sql.DbInt"><![CDATA[21]]></Field>
	<Field name="OrigineName" type="java.lang.String"><![CDATA[SnpMorigTxt.IndexType.ClauseTxt]]></Field>
	<Field name="SnpsCol" type="java.lang.String"><![CDATA[I_ITYPE_CLAUSE_TXT]]></Field>
	<Field name="SnpsTable" type="java.lang.String"><![CDATA[SNP_INDEX_TYPE]]></Field>
</Object>
<Object class="com.sunopsis.dwg.dbobj.SnpFKXRef">
		<Field name="RefKey" type="java.lang.String"><![CDATA[SNP_TECHNO.88]]></Field>
	<Field name="RefObjGlobalId" type="java.lang.String"><![CDATA[e425fad6-cd82-3ae5-85e9-d33f5c52decb]]></Field>
</Object>
<Object class="com.sunopsis.dwg.dbobj.SnpFKXRef">
		<Field name="RefKey" type="java.lang.String"><![CDATA[SNP_MTXT.163]]></Field>
	<Field name="RefObjGlobalId" type="java.lang.String"><![CDATA[492fbb5a-e92a-3706-81fb-2bd962b739c2]]></Field>
</Object>
<Object class="com.sunopsis.dwg.dbobj.SnpFKXRef">
		<Field name="RefKey" type="java.lang.String"><![CDATA[SNP_MTXT.165]]></Field>
	<Field name="RefObjGlobalId" type="java.lang.String"><![CDATA[e2b2ea31-4757-3220-9477-15790e48f496]]></Field>
</Object>
<Object class="com.sunopsis.dwg.dbobj.SnpFKXRef">
		<Field name="RefKey" type="java.lang.String"><![CDATA[SNP_MTXT.164]]></Field>
	<Field name="RefObjGlobalId" type="java.lang.String"><![CDATA[6c1573fc-6112-320c-b2e1-c039916d4b1a]]></Field>
</Object>
<Object class="com.sunopsis.dwg.dbobj.SnpMImportRep">
		<Field name="GlobalId" type="java.lang.String"><![CDATA[2514270f-6e94-47f4-b5cf-96c2689174f6]]></Field>
	<Field name="RepGuid" type="java.lang.String"><![CDATA[359f8e51-151f-3f44-a2c1-a359ef69df90]]></Field>
	<Field name="RepShortId" type="com.sunopsis.sql.DbInt"><![CDATA[0]]></Field>
	<Field name="RepTimestamp" type="java.lang.String"><![CDATA[1734952807201]]></Field>
</Object>
<Object class="com.sunopsis.dwg.DwgExportSummary">
		<Field name="ExpTxtNb" type="com.sunopsis.sql.DbInt"><![CDATA[0]]></Field>
	<Field name="InstObjNb" type="com.sunopsis.sql.DbInt"><![CDATA[0]]></Field>
	<Field name="JoinColNb" type="com.sunopsis.sql.DbInt"><![CDATA[0]]></Field>
	<Field name="JoinNb" type="com.sunopsis.sql.DbInt"><![CDATA[0]]></Field>
	<Field name="KeyColNb" type="com.sunopsis.sql.DbInt"><![CDATA[0]]></Field>
	<Field name="KeyNb" type="com.sunopsis.sql.DbInt"><![CDATA[0]]></Field>
	<Field name="LinkDiagNb" type="com.sunopsis.sql.DbInt"><![CDATA[0]]></Field>
	<Field name="MorigTxtNb" type="com.sunopsis.sql.DbInt"><![CDATA[3]]></Field>
	<Field name="MtxtNb" type="com.sunopsis.sql.DbInt"><![CDATA[3]]></Field>
	<Field name="OrigTxtNb" type="com.sunopsis.sql.DbInt"><![CDATA[0]]></Field>
	<Field name="OtherObjectsNb" type="com.sunopsis.sql.DbInt"><![CDATA[3]]></Field>
	<Field name="PlanAgentNb" type="com.sunopsis.sql.DbInt"><![CDATA[0]]></Field>
	<Field name="StepNb" type="com.sunopsis.sql.DbInt"><![CDATA[0]]></Field>
	<Field name="TxtNb" type="com.sunopsis.sql.DbInt"><![CDATA[0]]></Field>
	<Field name="UeOrigNb" type="com.sunopsis.sql.DbInt"><![CDATA[0]]></Field>
	<Field name="UeUsedNb" type="com.sunopsis.sql.DbInt"><![CDATA[0]]></Field>
	<Field name="VarPlanAgentNb" type="com.sunopsis.sql.DbInt"><![CDATA[0]]></Field>
	<Field name="ScenTxtNb" type="com.sunopsis.sql.DbInt"><![CDATA[0]]></Field>
	<Field name="OdiVersion" type="java.lang.String"><![CDATA[12.1.3 - 17/06/2014]]></Field>
	<Field name="OriginRepositoryID" type="com.sunopsis.sql.DbInt"><![CDATA[0]]></Field>
	<Field name="RepositoryVersion" type="java.lang.String"><![CDATA[05.01.02.02]]></Field>
</Object>
</SunopsisExport>
