<?xml version="1.0" encoding="ISO-8859-1"?>
<SunopsisExport>
<Admin RepositoryVersion="05.01.02.02" IsLegacyIdCompatible="false" />
<Encryption algorithm="AES" keyLength="128" exportKeyHash="Q2+8o+1t4Unlg0YfpgfSprdtXXgjaFL3Kt08HfkoTV4=" keyVect="CUo8ojNYvtjOGfM8hAz4jw==" exportKeySalt="0b394e04-3582-4fae-a185-e50026db0fda" containsCipherText="false"/>
<Object class="com.sunopsis.dwg.dbobj.SnpTechno">
		<Field name="CatalogTerm" type="java.lang.String">null</Field>
	<Field name="ColAliasWord" type="java.lang.String">null</Field>
	<Field name="DateFct" type="java.lang.String"><![CDATA[CURRENT TIMESTAMP]]></Field>
	<Field name="DdlDateMask" type="java.lang.String"><![CDATA[TIMESTAMP]]></Field>
	<Field name="DdlLongrawMask" type="java.lang.String"><![CDATA[BLOB(100M)]]></Field>
	<Field name="DdlNull" type="java.lang.String">null</Field>
	<Field name="DdlNumericMask" type="java.lang.String"><![CDATA[NUMERIC(%L,%P)]]></Field>
	<Field name="DdlVarcharMask" type="java.lang.String"><![CDATA[VARCHAR(%L)]]></Field>
	<Field name="DefColPrfTab" type="java.lang.String"><![CDATA[C$_]]></Field>
	<Field name="DefErrPrfTab" type="java.lang.String"><![CDATA[E$_]]></Field>
	<Field name="DefIdxPrfTab" type="java.lang.String"><![CDATA[IX$_]]></Field>
	<Field name="DefIntPrfTab" type="java.lang.String"><![CDATA[I$_]]></Field>
	<Field name="DefJrnPrfTab" type="java.lang.String"><![CDATA[J$]]></Field>
	<Field name="DefJrnPrfTrg" type="java.lang.String"><![CDATA[T$]]></Field>
	<Field name="DefJrnPrfVie" type="java.lang.String"><![CDATA[JV$]]></Field>
	<Field name="DefUnqCharSpec" type="java.lang.String"><![CDATA[BASE38]]></Field>
	<Field name="DefValueWord" type="java.lang.String"><![CDATA[DEFAULT]]></Field>
	<Field name="DserverTerm" type="java.lang.String"><![CDATA[DSERVER_HOST]]></Field>
	<Field name="ExecPlanRequest" type="java.lang.String">null</Field>
	<Field name="ExeChanel" type="java.lang.String"><![CDATA[J]]></Field>
	<Field name="ExpGroupBy" type="java.lang.String"><![CDATA[1]]></Field>
	<Field name="ExpHaving" type="java.lang.String"><![CDATA[1]]></Field>
	<Field name="ExpOrderBy" type="java.lang.String"><![CDATA[1]]></Field>
	<Field name="ExtVersion" type="java.lang.String">null</Field>
	<Field name="FirstDate" type="java.sql.Timestamp"><![CDATA[2024-12-23 06:21:13.0]]></Field>
	<Field name="FirstUser" type="java.lang.String"><![CDATA[SUNOPSIS_INSTALL]]></Field>
	<Field name="GetDateRequest" type="java.lang.String"><![CDATA[SELECT current timestamp FROM sysibm.sysdummy1]]></Field>
	<Field name="GetSeqCurrRequest" type="java.lang.String">null</Field>
	<Field name="GetSeqRequest" type="java.lang.String">null</Field>
	<Field name="GlobalId" type="java.lang.String"><![CDATA[a52fb8ec-96c3-34d6-9506-fda36904283c]]></Field>
	<Field name="IndCatalog" type="java.lang.String"><![CDATA[0]]></Field>
	<Field name="IndChange" type="java.lang.String"><![CDATA[I]]></Field>
	<Field name="IndDserver" type="java.lang.String"><![CDATA[1]]></Field>
	<Field name="IndFileParam" type="java.lang.String"><![CDATA[0]]></Field>
	<Field name="IndLogical" type="java.lang.String"><![CDATA[1]]></Field>
	<Field name="IndPartition" type="java.lang.String"><![CDATA[N]]></Field>
	<Field name="IndPhysical" type="java.lang.String"><![CDATA[1]]></Field>
	<Field name="IndSchema" type="java.lang.String"><![CDATA[1]]></Field>
	<Field name="IndSequence" type="java.lang.String"><![CDATA[0]]></Field>
	<Field name="IndSuppDrvdTbl" type="java.lang.String"><![CDATA[1]]></Field>
	<Field name="IndSuppSelLk" type="java.lang.String"><![CDATA[1]]></Field>
	<Field name="IndSuppSetOperator" type="java.lang.String"><![CDATA[1]]></Field>
	<Field name="IntVersion" type="com.sunopsis.sql.DbInt"><![CDATA[1]]></Field>
	<Field name="IAkTxt" type="com.sunopsis.sql.DbInt"><![CDATA[193]]></Field>
	<Field name="ICheckTxt" type="com.sunopsis.sql.DbInt"><![CDATA[191]]></Field>
	<Field name="IFkTxt" type="com.sunopsis.sql.DbInt"><![CDATA[192]]></Field>
	<Field name="IIndexTxt" type="com.sunopsis.sql.DbInt"><![CDATA[190]]></Field>
	<Field name="IPkTxt" type="com.sunopsis.sql.DbInt"><![CDATA[194]]></Field>
	<Field name="ISeqTxt" type="com.sunopsis.sql.DbInt"><![CDATA[null]]></Field>
	<Field name="ITechno" type="com.sunopsis.sql.DbInt"><![CDATA[98]]></Field>
	<Field name="JoinBrace" type="java.lang.String"><![CDATA[1]]></Field>
	<Field name="JoinCap" type="java.lang.String"><![CDATA[2]]></Field>
	<Field name="JoinClauseOn" type="java.lang.String"><![CDATA[F]]></Field>
	<Field name="JoinCross" type="java.lang.String"><![CDATA[CROSS JOIN]]></Field>
	<Field name="JoinFull" type="java.lang.String"><![CDATA[FULL OUTER JOIN]]></Field>
	<Field name="JoinIn" type="java.lang.String"><![CDATA[INNER JOIN]]></Field>
	<Field name="JoinLeftOut" type="java.lang.String"><![CDATA[LEFT OUTER JOIN]]></Field>
	<Field name="JoinNatural" type="java.lang.String">null</Field>
	<Field name="JoinOuter" type="java.lang.String">null</Field>
	<Field name="JoinOuterBa" type="java.lang.String">null</Field>
	<Field name="JoinOuterLoc" type="java.lang.String">null</Field>
	<Field name="JoinOuterSide" type="java.lang.String">null</Field>
	<Field name="JoinRightOut" type="java.lang.String"><![CDATA[RIGHT OUTER JOIN]]></Field>
	<Field name="LastDate" type="java.sql.Timestamp"><![CDATA[2024-12-23 06:21:13.0]]></Field>
	<Field name="LastUser" type="java.lang.String"><![CDATA[SUNOPSIS_INSTALL]]></Field>
	<Field name="LocObjPattern" type="java.lang.String"><![CDATA[%SCHEMA.%OBJECT]]></Field>
	<Field name="LocSeqCurrPattern" type="java.lang.String">null</Field>
	<Field name="LocSeqPattern" type="java.lang.String">null</Field>
	<Field name="MaxColNameLen" type="com.sunopsis.sql.DbInt"><![CDATA[30]]></Field>
	<Field name="MaxTabNameLen" type="com.sunopsis.sql.DbInt"><![CDATA[128]]></Field>
	<Field name="PartPattern" type="java.lang.String">null</Field>
	<Field name="RemObjPattern" type="java.lang.String"><![CDATA[%SCHEMA.%OBJECT]]></Field>
	<Field name="RemSeqCurrPattern" type="java.lang.String">null</Field>
	<Field name="RemSeqPattern" type="java.lang.String">null</Field>
	<Field name="SchemaTerm" type="java.lang.String"><![CDATA[SCHEMA_LIBRARY]]></Field>
	<Field name="SetOperatorLst" type="java.lang.String"><![CDATA[UNION,UNION ALL,EXCEPT,INTERSECT]]></Field>
	<Field name="SqlCap" type="java.lang.String"><![CDATA[1]]></Field>
	<Field name="SubPartPattern" type="java.lang.String">null</Field>
	<Field name="TabAliasWord" type="java.lang.String">null</Field>
	<Field name="TechnoName" type="java.lang.String"><![CDATA[IBM DB2/400]]></Field>
	<Field name="TechIntName" type="java.lang.String"><![CDATA[IBM_DB2_400]]></Field>
	<Field name="WhereCap" type="java.lang.String"><![CDATA[1]]></Field>
</Object>
<Object class="com.sunopsis.dwg.dbobj.SnpIndexType">
		<Field name="ExtVersion" type="java.lang.String">null</Field>
	<Field name="FirstDate" type="java.sql.Timestamp"><![CDATA[2024-12-23 06:21:13.0]]></Field>
	<Field name="FirstUser" type="java.lang.String"><![CDATA[SUNOPSIS_INSTALL]]></Field>
	<Field name="GlobalId" type="java.lang.String"><![CDATA[47e139f7-2135-335e-97d0-62131bd09dda]]></Field>
	<Field name="IndexTypeCode" type="java.lang.String"><![CDATA[ENCODED_VECTOR]]></Field>
	<Field name="IndexTypeName" type="java.lang.String"><![CDATA[Encoded Vector]]></Field>
	<Field name="IndChange" type="java.lang.String"><![CDATA[I]]></Field>
	<Field name="IIndexType" type="com.sunopsis.sql.DbInt"><![CDATA[54]]></Field>
	<Field name="IItypeClauseTxt" type="com.sunopsis.sql.DbInt"><![CDATA[186]]></Field>
	<Field name="IItypeDescTxt" type="com.sunopsis.sql.DbInt"><![CDATA[185]]></Field>
	<Field name="ITechno" type="com.sunopsis.sql.DbInt"><![CDATA[98]]></Field>
	<Field name="LastDate" type="java.sql.Timestamp"><![CDATA[2024-12-23 06:21:13.0]]></Field>
	<Field name="LastUser" type="java.lang.String"><![CDATA[SUNOPSIS_INSTALL]]></Field>
</Object>
<Object class="com.sunopsis.dwg.dbobj.SnpMtxt">
		<Field name="Enc" type="java.lang.String">null</Field>
	<Field name="EncKey" type="java.lang.String">null</Field>
	<Field name="EncKeyVect" type="java.lang.String">null</Field>
	<Field name="FullTxt" type="java.lang.String"><![CDATA[Encoded Vector Index]]></Field>
	<Field name="GlobalId" type="java.lang.String"><![CDATA[1c2f2698-3ac2-38e1-a3d9-4ebf3c59858c]]></Field>
	<Field name="ITxt" type="com.sunopsis.sql.DbInt"><![CDATA[185]]></Field>
	<Field name="ITxtOrig" type="com.sunopsis.sql.DbInt"><![CDATA[20]]></Field>
	<Field name="Txt" type="java.lang.String"><![CDATA[Encoded Vector Index]]></Field>
</Object>
<Object class="com.sunopsis.dwg.dbobj.SnpMorigTxt">
		<Field name="ITxtOrig" type="com.sunopsis.sql.DbInt"><![CDATA[20]]></Field>
	<Field name="OrigineName" type="java.lang.String"><![CDATA[SnpMorigTxt.IndexType.Description]]></Field>
	<Field name="SnpsCol" type="java.lang.String"><![CDATA[I_ITYPE_DESC_TXT]]></Field>
	<Field name="SnpsTable" type="java.lang.String"><![CDATA[SNP_INDEX_TYPE]]></Field>
</Object>
<Object class="com.sunopsis.dwg.dbobj.SnpMtxt">
		<Field name="Enc" type="java.lang.String">null</Field>
	<Field name="EncKey" type="java.lang.String">null</Field>
	<Field name="EncKeyVect" type="java.lang.String">null</Field>
	<Field name="FullTxt" type="java.lang.String"><![CDATA[ENCODED VECTOR]]></Field>
	<Field name="GlobalId" type="java.lang.String"><![CDATA[86f2d509-af4b-3f64-a933-c4482142ce38]]></Field>
	<Field name="ITxt" type="com.sunopsis.sql.DbInt"><![CDATA[186]]></Field>
	<Field name="ITxtOrig" type="com.sunopsis.sql.DbInt"><![CDATA[21]]></Field>
	<Field name="Txt" type="java.lang.String"><![CDATA[ENCODED VECTOR]]></Field>
</Object>
<Object class="com.sunopsis.dwg.dbobj.SnpMorigTxt">
		<Field name="ITxtOrig" type="com.sunopsis.sql.DbInt"><![CDATA[21]]></Field>
	<Field name="OrigineName" type="java.lang.String"><![CDATA[SnpMorigTxt.IndexType.ClauseTxt]]></Field>
	<Field name="SnpsCol" type="java.lang.String"><![CDATA[I_ITYPE_CLAUSE_TXT]]></Field>
	<Field name="SnpsTable" type="java.lang.String"><![CDATA[SNP_INDEX_TYPE]]></Field>
</Object>
<Object class="com.sunopsis.dwg.dbobj.SnpIndexType">
		<Field name="ExtVersion" type="java.lang.String">null</Field>
	<Field name="FirstDate" type="java.sql.Timestamp"><![CDATA[2024-12-23 06:21:13.0]]></Field>
	<Field name="FirstUser" type="java.lang.String"><![CDATA[SUNOPSIS_INSTALL]]></Field>
	<Field name="GlobalId" type="java.lang.String"><![CDATA[bae2d2fa-33e1-303b-8310-ccc41641bdeb]]></Field>
	<Field name="IndexTypeCode" type="java.lang.String"><![CDATA[NON_UNIQUE]]></Field>
	<Field name="IndexTypeName" type="java.lang.String"><![CDATA[Non-Unique]]></Field>
	<Field name="IndChange" type="java.lang.String"><![CDATA[I]]></Field>
	<Field name="IIndexType" type="com.sunopsis.sql.DbInt"><![CDATA[55]]></Field>
	<Field name="IItypeClauseTxt" type="com.sunopsis.sql.DbInt"><![CDATA[null]]></Field>
	<Field name="IItypeDescTxt" type="com.sunopsis.sql.DbInt"><![CDATA[187]]></Field>
	<Field name="ITechno" type="com.sunopsis.sql.DbInt"><![CDATA[98]]></Field>
	<Field name="LastDate" type="java.sql.Timestamp"><![CDATA[2024-12-23 06:21:13.0]]></Field>
	<Field name="LastUser" type="java.lang.String"><![CDATA[SUNOPSIS_INSTALL]]></Field>
</Object>
<Object class="com.sunopsis.dwg.dbobj.SnpMtxt">
		<Field name="Enc" type="java.lang.String">null</Field>
	<Field name="EncKey" type="java.lang.String">null</Field>
	<Field name="EncKeyVect" type="java.lang.String">null</Field>
	<Field name="FullTxt" type="java.lang.String"><![CDATA[Non-Unique Index]]></Field>
	<Field name="GlobalId" type="java.lang.String"><![CDATA[b8883d08-53ac-3570-85f1-f54c2437899e]]></Field>
	<Field name="ITxt" type="com.sunopsis.sql.DbInt"><![CDATA[187]]></Field>
	<Field name="ITxtOrig" type="com.sunopsis.sql.DbInt"><![CDATA[20]]></Field>
	<Field name="Txt" type="java.lang.String"><![CDATA[Non-Unique Index]]></Field>
</Object>
<Object class="com.sunopsis.dwg.dbobj.SnpIndexType">
		<Field name="ExtVersion" type="java.lang.String">null</Field>
	<Field name="FirstDate" type="java.sql.Timestamp"><![CDATA[2024-12-23 06:21:13.0]]></Field>
	<Field name="FirstUser" type="java.lang.String"><![CDATA[SUNOPSIS_INSTALL]]></Field>
	<Field name="GlobalId" type="java.lang.String"><![CDATA[f2908ee5-afa6-3cf3-9451-8d40efe14f35]]></Field>
	<Field name="IndexTypeCode" type="java.lang.String"><![CDATA[UNIQUE]]></Field>
	<Field name="IndexTypeName" type="java.lang.String"><![CDATA[Unique]]></Field>
	<Field name="IndChange" type="java.lang.String"><![CDATA[I]]></Field>
	<Field name="IIndexType" type="com.sunopsis.sql.DbInt"><![CDATA[56]]></Field>
	<Field name="IItypeClauseTxt" type="com.sunopsis.sql.DbInt"><![CDATA[189]]></Field>
	<Field name="IItypeDescTxt" type="com.sunopsis.sql.DbInt"><![CDATA[188]]></Field>
	<Field name="ITechno" type="com.sunopsis.sql.DbInt"><![CDATA[98]]></Field>
	<Field name="LastDate" type="java.sql.Timestamp"><![CDATA[2024-12-23 06:21:13.0]]></Field>
	<Field name="LastUser" type="java.lang.String"><![CDATA[SUNOPSIS_INSTALL]]></Field>
</Object>
<Object class="com.sunopsis.dwg.dbobj.SnpMtxt">
		<Field name="Enc" type="java.lang.String">null</Field>
	<Field name="EncKey" type="java.lang.String">null</Field>
	<Field name="EncKeyVect" type="java.lang.String">null</Field>
	<Field name="FullTxt" type="java.lang.String"><![CDATA[Unique Index]]></Field>
	<Field name="GlobalId" type="java.lang.String"><![CDATA[56577222-e182-3188-bfec-fde4531d9592]]></Field>
	<Field name="ITxt" type="com.sunopsis.sql.DbInt"><![CDATA[188]]></Field>
	<Field name="ITxtOrig" type="com.sunopsis.sql.DbInt"><![CDATA[20]]></Field>
	<Field name="Txt" type="java.lang.String"><![CDATA[Unique Index]]></Field>
</Object>
<Object class="com.sunopsis.dwg.dbobj.SnpMtxt">
		<Field name="Enc" type="java.lang.String">null</Field>
	<Field name="EncKey" type="java.lang.String">null</Field>
	<Field name="EncKeyVect" type="java.lang.String">null</Field>
	<Field name="FullTxt" type="java.lang.String"><![CDATA[UNIQUE]]></Field>
	<Field name="GlobalId" type="java.lang.String"><![CDATA[305a43dd-a934-30ff-9e61-e7057211bc47]]></Field>
	<Field name="ITxt" type="com.sunopsis.sql.DbInt"><![CDATA[189]]></Field>
	<Field name="ITxtOrig" type="com.sunopsis.sql.DbInt"><![CDATA[21]]></Field>
	<Field name="Txt" type="java.lang.String"><![CDATA[UNIQUE]]></Field>
</Object>
<Object class="com.sunopsis.dwg.dbobj.SnpMtxt">
		<Field name="Enc" type="java.lang.String">null</Field>
	<Field name="EncKey" type="java.lang.String">null</Field>
	<Field name="EncKeyVect" type="java.lang.String">null</Field>
	<Field name="FullTxt" type="java.lang.String"><![CDATA[
SELECT 
i.INDEX_NAME  INDEX_NAME,
k.COLUMN_NAME COLUMN_NAME
FROM QSYS2.SYSKEYS k,  
QSYS2.SYSINDEXES i,  
QSYS2.SYSCOLUMNS c 
WHERE k.INDEX_SCHEMA=i.INDEX_SCHEMA 
AND k.INDEX_NAME=i.INDEX_NAME 
AND i.TABLE_SCHEMA=c.TABLE_SCHEMA 
AND i.TABLE_NAME=c.TABLE_NAME 
AND k.COLUMN_NAME=c.COLUMN_NAME 
AND i.IS_UNIQUE = 'D'
AND i.TABLE_SCHEMA = :SCHEMA
AND i.TABLE_NAME = :TABLE
ORDER BY  k.ORDINAL_POSITION 
]]></Field>
	<Field name="GlobalId" type="java.lang.String"><![CDATA[cf7f3d6d-6e0c-3117-80d9-7a7bf42ec04e]]></Field>
	<Field name="ITxt" type="com.sunopsis.sql.DbInt"><![CDATA[190]]></Field>
	<Field name="ITxtOrig" type="com.sunopsis.sql.DbInt"><![CDATA[5]]></Field>
	<Field name="Txt" type="java.lang.String"><![CDATA[
SELECT 
i.INDEX_NAME  INDEX_NAME,
k.COLUMN_NAME COLUMN_NAME
FROM QSYS2.SYSKEYS k,  
QSYS2.SYSINDEXES i,  
QSYS2.SYSCOLUMNS c 
WHERE k.INDEX_SCHEMA=i.INDEX_SCHEMA 
AND k.INDEX_NAME=i.INDEX_NAME 
AND i.TABLE_SCHEMA=c.TABLE_SCHEMA 
AND i.TABLE_NAME=c.TABLE_NAME 
AND k.COLUMN_NAME=c.COLUMN_NAME 
AND i.IS_UNIQUE = 'D'
AND i.TABLE_SCHEMA = :SCHEMA
AND i.TABLE_NAME = :TABLE
ORDER BY  k.ORDINAL_POSITION 
]]></Field>
</Object>
<Object class="com.sunopsis.dwg.dbobj.SnpMorigTxt">
		<Field name="ITxtOrig" type="com.sunopsis.sql.DbInt"><![CDATA[5]]></Field>
	<Field name="OrigineName" type="java.lang.String"><![CDATA[SnpMorigTxt.Techno.IndexReverseTxt]]></Field>
	<Field name="SnpsCol" type="java.lang.String"><![CDATA[I_CHECK_TXT]]></Field>
	<Field name="SnpsTable" type="java.lang.String"><![CDATA[SNP_TECHNO]]></Field>
</Object>
<Object class="com.sunopsis.dwg.dbobj.SnpMtxt">
		<Field name="Enc" type="java.lang.String">null</Field>
	<Field name="EncKey" type="java.lang.String">null</Field>
	<Field name="EncKeyVect" type="java.lang.String">null</Field>
	<Field name="FullTxt" type="java.lang.String"><![CDATA[
SELECT 	c.CONSTRAINT_NAME CHECK_NAME,
	substr(k.CHECK_CLAUSE,1,100) CHECK_TXT,
	1 CHECK_STATUS,
	'' CHECK_DESC
	FROM QSYS2.SYSCST c,  QSYS2.SYSCHKCST k 
	WHERE c.CONSTRAINT_SCHEMA=k.CONSTRAINT_SCHEMA 
	AND c.CONSTRAINT_NAME=k.CONSTRAINT_NAME 
	AND C.CONSTRAINT_TYPE='CHECK'
	AND c.CONSTRAINT_NAME not like 'QSYS_%'
	AND C.CONSTRAINT_SCHEMA=:SCHEMA
	AND C.TABLE_NAME=:TABLE]]></Field>
	<Field name="GlobalId" type="java.lang.String"><![CDATA[528b63c4-97fc-321e-84b0-061bd9a7a342]]></Field>
	<Field name="ITxt" type="com.sunopsis.sql.DbInt"><![CDATA[191]]></Field>
	<Field name="ITxtOrig" type="com.sunopsis.sql.DbInt"><![CDATA[4]]></Field>
	<Field name="Txt" type="java.lang.String"><![CDATA[
SELECT 	c.CONSTRAINT_NAME CHECK_NAME,
	substr(k.CHECK_CLAUSE,1,100) CHECK_TXT,
	1 CHECK_STATUS,
	'' CHECK_DESC
	FROM QSYS2.SYSCST c,  QSYS2.SYSCHKCST k 
	WHERE c.CONSTRAINT_SCHEMA=k.CONSTRAINT_SCHEMA 
	AND c.CONSTRAINT_NAME=k.CONSTRAINT_NAME 
	AND C.CONSTRAINT_TYPE='CHECK'
	AND c.CONSTRAINT_NAME not like 'QSYS_%'
	AND C.CONSTRAINT_SCHEMA=:SCHEMA
	AND C.TABLE_NAME=:TABLE]]></Field>
</Object>
<Object class="com.sunopsis.dwg.dbobj.SnpMorigTxt">
		<Field name="ITxtOrig" type="com.sunopsis.sql.DbInt"><![CDATA[4]]></Field>
	<Field name="OrigineName" type="java.lang.String"><![CDATA[SnpMorigTxt.Techno.CheckReverseTxt]]></Field>
	<Field name="SnpsCol" type="java.lang.String"><![CDATA[I_INDEX_TXT]]></Field>
	<Field name="SnpsTable" type="java.lang.String"><![CDATA[SNP_TECHNO]]></Field>
</Object>
<Object class="com.sunopsis.dwg.dbobj.SnpMtxt">
		<Field name="Enc" type="java.lang.String">null</Field>
	<Field name="EncKey" type="java.lang.String">null</Field>
	<Field name="EncKeyVect" type="java.lang.String">null</Field>
	<Field name="FullTxt" type="java.lang.String"><![CDATA[select	PK_TABLE.TABLE_NAME 	PK_TABLE_NAME,
	REF.CONSTRAINT_NAME FK_NAME, 
	FK_TABLE.COLUMN_NAME FK_COLUMN_NAME,
	PK_TABLE.COLUMN_NAME PK_COLUMN_NAME
from	QSYS2.SYSREFCST  as REF,
	QSYS2.SYSKEYCST as FK_TABLE,
	QSYS2.SYSKEYCST as PK_TABLE
where	REF.CONSTRAINT_SCHEMA = FK_TABLE.CONSTRAINT_SCHEMA
and	REF.CONSTRAINT_NAME = FK_TABLE.CONSTRAINT_NAME
and	REF.UNIQUE_CONSTRAINT_SCHEMA = PK_TABLE.CONSTRAINT_SCHEMA
and	REF.UNIQUE_CONSTRAINT_NAME = PK_TABLE.CONSTRAINT_NAME
and	PK_TABLE.ORDINAL_POSITION = FK_TABLE.ORDINAL_POSITION
and	FK_TABLE.TABLE_NAME =:TABLE
and	FK_TABLE.TABLE_SCHEMA = :SCHEMA]]></Field>
	<Field name="GlobalId" type="java.lang.String"><![CDATA[14a45feb-17c8-3993-99f6-d15d91ae9d68]]></Field>
	<Field name="ITxt" type="com.sunopsis.sql.DbInt"><![CDATA[192]]></Field>
	<Field name="ITxtOrig" type="com.sunopsis.sql.DbInt"><![CDATA[16]]></Field>
	<Field name="Txt" type="java.lang.String"><![CDATA[select	PK_TABLE.TABLE_NAME 	PK_TABLE_NAME,
	REF.CONSTRAINT_NAME FK_NAME, 
	FK_TABLE.COLUMN_NAME FK_COLUMN_NAME,
	PK_TABLE.COLUMN_NAME PK_COLUMN_NAME
from	QSYS2.SYSREFCST  as REF,
	QSYS2.SYSKEYCST as FK_TABLE,
	QSYS2.SYSKEYCST as PK_TABLE
where	REF.CONSTRAINT_SCHEMA = FK_TABLE.CONSTRAINT_SCHEMA
and	REF.CONSTRAINT_NAME = FK_TABLE.CONSTRAINT_NAME
and	REF.UNIQUE_CONSTRAINT_SCHEMA = PK_TABLE.CONSTRAINT_SCHEMA
and	REF.UNIQUE_CONSTRAINT_NAME = PK_TABLE.CONSTRAINT_NAME
and	PK_TABLE.ORDINAL_POSITION = FK_TABLE.ORDINAL_POSITION
and	FK_TABLE.TABLE_NAME =:TABLE
and	FK_TABLE.TABLE_SCHEMA = :SCHEMA]]></Field>
</Object>
<Object class="com.sunopsis.dwg.dbobj.SnpMorigTxt">
		<Field name="ITxtOrig" type="com.sunopsis.sql.DbInt"><![CDATA[16]]></Field>
	<Field name="OrigineName" type="java.lang.String"><![CDATA[SnpMorigTxt.Techno.FkReverseTxt]]></Field>
	<Field name="SnpsCol" type="java.lang.String"><![CDATA[I_FK_TXT]]></Field>
	<Field name="SnpsTable" type="java.lang.String"><![CDATA[SNP_TECHNO]]></Field>
</Object>
<Object class="com.sunopsis.dwg.dbobj.SnpMtxt">
		<Field name="Enc" type="java.lang.String">null</Field>
	<Field name="EncKey" type="java.lang.String">null</Field>
	<Field name="EncKeyVect" type="java.lang.String">null</Field>
	<Field name="FullTxt" type="java.lang.String"><![CDATA[SELECT 	AK.CONSTRAINT_NAME AK_NAME,
	AK.COLUMN_NAME COLUMN_NAME,
	AK.ORDINAL_POSITION  POSITION
FROM QSYS2.SYSCST C,  QSYS2.SYSKEYCST Ak 
	WHERE C.CONSTRAINT_SCHEMA=Ak.CONSTRAINT_SCHEMA 
	AND C.CONSTRAINT_NAME=Ak.CONSTRAINT_NAME 
	AND C.TABLE_NAME=AK.TABLE_NAME
	AND C.CONSTRAINT_TYPE='UNIQUE'
	AND C.CONSTRAINT_SCHEMA= :SCHEMA
	AND C.TABLE_NAME=:TABLE
]]></Field>
	<Field name="GlobalId" type="java.lang.String"><![CDATA[06bfc174-ec07-35cc-b37b-44489bb02ba8]]></Field>
	<Field name="ITxt" type="com.sunopsis.sql.DbInt"><![CDATA[193]]></Field>
	<Field name="ITxtOrig" type="com.sunopsis.sql.DbInt"><![CDATA[3]]></Field>
	<Field name="Txt" type="java.lang.String"><![CDATA[SELECT 	AK.CONSTRAINT_NAME AK_NAME,
	AK.COLUMN_NAME COLUMN_NAME,
	AK.ORDINAL_POSITION  POSITION
FROM QSYS2.SYSCST C,  QSYS2.SYSKEYCST Ak 
	WHERE C.CONSTRAINT_SCHEMA=Ak.CONSTRAINT_SCHEMA 
	AND C.CONSTRAINT_NAME=Ak.CONSTRAINT_NAME 
	AND C.TABLE_NAME=AK.TABLE_NAME
	AND C.CONSTRAINT_TYPE='UNIQUE'
	AND C.CONSTRAINT_SCHEMA= :SCHEMA
	AND C.TABLE_NAME=:TABLE
]]></Field>
</Object>
<Object class="com.sunopsis.dwg.dbobj.SnpMorigTxt">
		<Field name="ITxtOrig" type="com.sunopsis.sql.DbInt"><![CDATA[3]]></Field>
	<Field name="OrigineName" type="java.lang.String"><![CDATA[SnpMorigTxt.Techno.AkReverseTxt]]></Field>
	<Field name="SnpsCol" type="java.lang.String"><![CDATA[I_AK_TXT]]></Field>
	<Field name="SnpsTable" type="java.lang.String"><![CDATA[SNP_TECHNO]]></Field>
</Object>
<Object class="com.sunopsis.dwg.dbobj.SnpMtxt">
		<Field name="Enc" type="java.lang.String">null</Field>
	<Field name="EncKey" type="java.lang.String">null</Field>
	<Field name="EncKeyVect" type="java.lang.String">null</Field>
	<Field name="FullTxt" type="java.lang.String"><![CDATA[select  k.CONSTRAINT_NAME PK_NAME,
  c.COLUMN_NAME COLUMN_NAME
from  QSYS2.SYSCST k ,
  QSYS2.SYSKEYCST c
where   k.CONSTRAINT_SCHEMA = c.CONSTRAINT_SCHEMA
and  k.CONSTRAINT_NAME = c.CONSTRAINT_NAME
and  k.TABLE_SCHEMA = c.TABLE_SCHEMA
and  k.TABLE_NAME = c.TABLE_NAME
and  k.CONSTRAINT_TYPE = 'PRIMARY KEY'
and  k.TABLE_SCHEMA = :SCHEMA
and  k.TABLE_NAME = :TABLE
order by k.CONSTRAINT_NAME,
  c.ORDINAL_POSITION]]></Field>
	<Field name="GlobalId" type="java.lang.String"><![CDATA[a991b61b-7e5e-3542-944e-a8df34bc85cf]]></Field>
	<Field name="ITxt" type="com.sunopsis.sql.DbInt"><![CDATA[194]]></Field>
	<Field name="ITxtOrig" type="com.sunopsis.sql.DbInt"><![CDATA[15]]></Field>
	<Field name="Txt" type="java.lang.String"><![CDATA[select  k.CONSTRAINT_NAME PK_NAME,
  c.COLUMN_NAME COLUMN_NAME
from  QSYS2.SYSCST k ,
  QSYS2.SYSKEYCST c
where   k.CONSTRAINT_SCHEMA = c.CONSTRAINT_SCHEMA
and  k.CONSTRAINT_NAME = c.CONSTRAINT_NAME
and  k.TABLE_SCHEMA = c.TABLE_SCHEMA
and  k.TABLE_NAME = c.TABLE_NAME
and  k.CONSTRAINT_TYPE = 'PRIMARY KEY'
and  k.TABLE_SCHEMA = :SCHEMA
and  k.TABLE_NAME = :TABLE
order by k.CONSTRAINT_NAME,
  c.ORDINAL_POSITION]]></Field>
</Object>
<Object class="com.sunopsis.dwg.dbobj.SnpMorigTxt">
		<Field name="ITxtOrig" type="com.sunopsis.sql.DbInt"><![CDATA[15]]></Field>
	<Field name="OrigineName" type="java.lang.String"><![CDATA[SnpMorigTxt.Techno.PkReverseTxt]]></Field>
	<Field name="SnpsCol" type="java.lang.String"><![CDATA[I_PK_TXT]]></Field>
	<Field name="SnpsTable" type="java.lang.String"><![CDATA[SNP_TECHNO]]></Field>
</Object>
<Object class="com.sunopsis.dwg.dbobj.SnpGrpAction">
		<Field name="FirstDate" type="java.sql.Timestamp"><![CDATA[2024-12-23 06:21:13.0]]></Field>
	<Field name="FirstUser" type="java.lang.String"><![CDATA[SUNOPSIS_INSTALL]]></Field>
	<Field name="GlobalId" type="java.lang.String"><![CDATA[e7cfe81f-90f0-335d-9090-80096040a143]]></Field>
	<Field name="GrpCode" type="java.lang.String"><![CDATA[IBM_DB2_400_DEFAULT]]></Field>
	<Field name="GrpName" type="java.lang.String"><![CDATA[IBM DB2/400 Default]]></Field>
	<Field name="IndDefault" type="java.lang.String"><![CDATA[1]]></Field>
	<Field name="IGrpAction" type="com.sunopsis.sql.DbInt"><![CDATA[9]]></Field>
	<Field name="ITechno" type="com.sunopsis.sql.DbInt"><![CDATA[98]]></Field>
	<Field name="ITxtDesc" type="com.sunopsis.sql.DbInt"><![CDATA[195]]></Field>
	<Field name="LastDate" type="java.sql.Timestamp"><![CDATA[2024-12-23 06:21:13.0]]></Field>
	<Field name="LastUser" type="java.lang.String"><![CDATA[SUNOPSIS_INSTALL]]></Field>
</Object>
<Object class="com.sunopsis.dwg.dbobj.SnpMtxt">
		<Field name="Enc" type="java.lang.String">null</Field>
	<Field name="EncKey" type="java.lang.String">null</Field>
	<Field name="EncKeyVect" type="java.lang.String">null</Field>
	<Field name="FullTxt" type="java.lang.String"><![CDATA[Author: Oracle


Description :
Default Action group for IBM DB2/400
]]></Field>
	<Field name="GlobalId" type="java.lang.String"><![CDATA[83f30b29-5cc3-302d-bec0-b88625d976ed]]></Field>
	<Field name="ITxt" type="com.sunopsis.sql.DbInt"><![CDATA[195]]></Field>
	<Field name="ITxtOrig" type="com.sunopsis.sql.DbInt"><![CDATA[0]]></Field>
	<Field name="Txt" type="java.lang.String"><![CDATA[Author: Oracle


Description :
Default Action group for IBM DB2/400
]]></Field>
</Object>
<Object class="com.sunopsis.dwg.dbobj.SnpMorigTxt">
		<Field name="ITxtOrig" type="com.sunopsis.sql.DbInt"><![CDATA[0]]></Field>
	<Field name="OrigineName" type="java.lang.String"><![CDATA[MOrigTxt.ActionGroupDesc]]></Field>
	<Field name="SnpsCol" type="java.lang.String"><![CDATA[I_TXT_DESC]]></Field>
	<Field name="SnpsTable" type="java.lang.String"><![CDATA[SNP_GRP_ACTION]]></Field>
</Object>
<Object class="com.sunopsis.dwg.dbobj.SnpAction">
		<Field name="ActionName" type="java.lang.String"><![CDATA[Add Alternate Key]]></Field>
	<Field name="ActionType" type="com.sunopsis.sql.DbInt"><![CDATA[3]]></Field>
	<Field name="FirstDate" type="java.sql.Timestamp"><![CDATA[2024-12-23 06:21:13.0]]></Field>
	<Field name="FirstUser" type="java.lang.String"><![CDATA[SUNOPSIS_INSTALL]]></Field>
	<Field name="GlobalId" type="java.lang.String"><![CDATA[e5c92d4a-d27a-33cc-af13-99a5ebcb15f2]]></Field>
	<Field name="IAction" type="com.sunopsis.sql.DbInt"><![CDATA[26]]></Field>
	<Field name="IGrpAction" type="com.sunopsis.sql.DbInt"><![CDATA[9]]></Field>
	<Field name="ITxtDesc" type="com.sunopsis.sql.DbInt"><![CDATA[197]]></Field>
	<Field name="LastDate" type="java.sql.Timestamp"><![CDATA[2024-12-23 06:21:13.0]]></Field>
	<Field name="LastUser" type="java.lang.String"><![CDATA[SUNOPSIS_INSTALL]]></Field>
</Object>
<Object class="com.sunopsis.dwg.dbobj.SnpLineAction">
		<Field name="ConnectId" type="java.lang.String">null</Field>
	<Field name="FirstDate" type="java.sql.Timestamp"><![CDATA[2024-12-23 06:21:13.0]]></Field>
	<Field name="FirstUser" type="java.lang.String"><![CDATA[SUNOPSIS_INSTALL]]></Field>
	<Field name="GlobalId" type="java.lang.String"><![CDATA[cbe0498d-628f-399d-8bc8-4ec846e2e766]]></Field>
	<Field name="IgnoreError" type="java.lang.String"><![CDATA[0]]></Field>
	<Field name="IndCommit" type="java.lang.String"><![CDATA[0]]></Field>
	<Field name="IndLogMethod" type="java.lang.String">null</Field>
	<Field name="IndLogNb" type="java.lang.String"><![CDATA[3]]></Field>
	<Field name="IsolLevel" type="java.lang.String">null</Field>
	<Field name="IAction" type="com.sunopsis.sql.DbInt"><![CDATA[26]]></Field>
	<Field name="ITxtAction" type="com.sunopsis.sql.DbInt"><![CDATA[196]]></Field>
	<Field name="LastDate" type="java.sql.Timestamp"><![CDATA[2024-12-23 06:21:13.0]]></Field>
	<Field name="LastUser" type="java.lang.String"><![CDATA[SUNOPSIS_INSTALL]]></Field>
	<Field name="LineActionName" type="java.lang.String"><![CDATA[Add Alternate Key]]></Field>
	<Field name="OrdAction" type="com.sunopsis.sql.DbInt"><![CDATA[20]]></Field>
</Object>
<Object class="com.sunopsis.dwg.dbobj.SnpMtxt">
		<Field name="Enc" type="java.lang.String">null</Field>
	<Field name="EncKey" type="java.lang.String">null</Field>
	<Field name="EncKeyVect" type="java.lang.String">null</Field>
	<Field name="FullTxt" type="java.lang.String"><![CDATA[alter table <%=odiRef.getTable("L", "TARG_NAME", "A")%>
	add constraint <%=odiRef.getObjectName( "L" , odiRef.getAK("KEY_NAME"),"D")%>
	unique <%=odiRef.getAKColList("(", "[COL_NAME]", ", ", ")")%>]]></Field>
	<Field name="GlobalId" type="java.lang.String"><![CDATA[8fced848-675b-3e31-b0de-db8f777c1850]]></Field>
	<Field name="ITxt" type="com.sunopsis.sql.DbInt"><![CDATA[196]]></Field>
	<Field name="ITxtOrig" type="com.sunopsis.sql.DbInt"><![CDATA[2]]></Field>
	<Field name="Txt" type="java.lang.String"><![CDATA[alter table <%=odiRef.getTable("L", "TARG_NAME", "A")%>
	add constraint <%=odiRef.getObjectName( "L" , odiRef.getAK("KEY_NAME"),"D")%>
	unique <%=odiRef.getAKColList("(", "[COL_NAME]", ", ", ")")%>]]></Field>
</Object>
<Object class="com.sunopsis.dwg.dbobj.SnpMorigTxt">
		<Field name="ITxtOrig" type="com.sunopsis.sql.DbInt"><![CDATA[2]]></Field>
	<Field name="OrigineName" type="java.lang.String"><![CDATA[MOrigTxt.Action.ActionLine]]></Field>
	<Field name="SnpsCol" type="java.lang.String"><![CDATA[I_TXT_ACTION]]></Field>
	<Field name="SnpsTable" type="java.lang.String"><![CDATA[SNP_LINE_ACTION]]></Field>
</Object>
<Object class="com.sunopsis.dwg.dbobj.SnpMtxt">
		<Field name="Enc" type="java.lang.String">null</Field>
	<Field name="EncKey" type="java.lang.String">null</Field>
	<Field name="EncKeyVect" type="java.lang.String">null</Field>
	<Field name="FullTxt" type="java.lang.String"><![CDATA[Author: Oracle


Description :
Adds a alternate Key to a table
]]></Field>
	<Field name="GlobalId" type="java.lang.String"><![CDATA[cfa6fb8c-7c62-3965-b797-e6e6f16d2ada]]></Field>
	<Field name="ITxt" type="com.sunopsis.sql.DbInt"><![CDATA[197]]></Field>
	<Field name="ITxtOrig" type="com.sunopsis.sql.DbInt"><![CDATA[1]]></Field>
	<Field name="Txt" type="java.lang.String"><![CDATA[Author: Oracle


Description :
Adds a alternate Key to a table
]]></Field>
</Object>
<Object class="com.sunopsis.dwg.dbobj.SnpMorigTxt">
		<Field name="ITxtOrig" type="com.sunopsis.sql.DbInt"><![CDATA[1]]></Field>
	<Field name="OrigineName" type="java.lang.String"><![CDATA[MOrigTxt.Action.ActionDesc]]></Field>
	<Field name="SnpsCol" type="java.lang.String"><![CDATA[I_TXT_DESC]]></Field>
	<Field name="SnpsTable" type="java.lang.String"><![CDATA[SNP_ACTION]]></Field>
</Object>
<Object class="com.sunopsis.dwg.dbobj.SnpAction">
		<Field name="ActionName" type="java.lang.String"><![CDATA[Add Check Constraint]]></Field>
	<Field name="ActionType" type="com.sunopsis.sql.DbInt"><![CDATA[7]]></Field>
	<Field name="FirstDate" type="java.sql.Timestamp"><![CDATA[2024-12-23 06:21:13.0]]></Field>
	<Field name="FirstUser" type="java.lang.String"><![CDATA[SUNOPSIS_INSTALL]]></Field>
	<Field name="GlobalId" type="java.lang.String"><![CDATA[5142ef3e-cbb1-3d7b-88db-b5a1c33ef146]]></Field>
	<Field name="IAction" type="com.sunopsis.sql.DbInt"><![CDATA[27]]></Field>
	<Field name="IGrpAction" type="com.sunopsis.sql.DbInt"><![CDATA[9]]></Field>
	<Field name="ITxtDesc" type="com.sunopsis.sql.DbInt"><![CDATA[199]]></Field>
	<Field name="LastDate" type="java.sql.Timestamp"><![CDATA[2024-12-23 06:21:13.0]]></Field>
	<Field name="LastUser" type="java.lang.String"><![CDATA[SUNOPSIS_INSTALL]]></Field>
</Object>
<Object class="com.sunopsis.dwg.dbobj.SnpLineAction">
		<Field name="ConnectId" type="java.lang.String">null</Field>
	<Field name="FirstDate" type="java.sql.Timestamp"><![CDATA[2024-12-23 06:21:13.0]]></Field>
	<Field name="FirstUser" type="java.lang.String"><![CDATA[SUNOPSIS_INSTALL]]></Field>
	<Field name="GlobalId" type="java.lang.String"><![CDATA[a9ae5d5d-84c4-3b84-98f3-05700dee0f74]]></Field>
	<Field name="IgnoreError" type="java.lang.String"><![CDATA[0]]></Field>
	<Field name="IndCommit" type="java.lang.String"><![CDATA[0]]></Field>
	<Field name="IndLogMethod" type="java.lang.String">null</Field>
	<Field name="IndLogNb" type="java.lang.String"><![CDATA[3]]></Field>
	<Field name="IsolLevel" type="java.lang.String">null</Field>
	<Field name="IAction" type="com.sunopsis.sql.DbInt"><![CDATA[27]]></Field>
	<Field name="ITxtAction" type="com.sunopsis.sql.DbInt"><![CDATA[198]]></Field>
	<Field name="LastDate" type="java.sql.Timestamp"><![CDATA[2024-12-23 06:21:13.0]]></Field>
	<Field name="LastUser" type="java.lang.String"><![CDATA[SUNOPSIS_INSTALL]]></Field>
	<Field name="LineActionName" type="java.lang.String"><![CDATA[Add Check Constraint]]></Field>
	<Field name="OrdAction" type="com.sunopsis.sql.DbInt"><![CDATA[20]]></Field>
</Object>
<Object class="com.sunopsis.dwg.dbobj.SnpMtxt">
		<Field name="Enc" type="java.lang.String">null</Field>
	<Field name="EncKey" type="java.lang.String">null</Field>
	<Field name="EncKeyVect" type="java.lang.String">null</Field>
	<Field name="FullTxt" type="java.lang.String"><![CDATA[alter table <%=odiRef.getTable("L", "TARG_NAME", "A")%>
	add constraint  <%=odiRef.getObjectName( "L" ,odiRef.getCK("COND_NAME"),"D")%>
	check  (<%=odiRef.getCK("COND_SQL_DDL")%>)
]]></Field>
	<Field name="GlobalId" type="java.lang.String"><![CDATA[c5bef437-4db9-3e84-a94f-92d2305b66fe]]></Field>
	<Field name="ITxt" type="com.sunopsis.sql.DbInt"><![CDATA[198]]></Field>
	<Field name="ITxtOrig" type="com.sunopsis.sql.DbInt"><![CDATA[2]]></Field>
	<Field name="Txt" type="java.lang.String"><![CDATA[alter table <%=odiRef.getTable("L", "TARG_NAME", "A")%>
	add constraint  <%=odiRef.getObjectName( "L" ,odiRef.getCK("COND_NAME"),"D")%>
	check  (<%=odiRef.getCK("COND_SQL_DDL")%>)
]]></Field>
</Object>
<Object class="com.sunopsis.dwg.dbobj.SnpMtxt">
		<Field name="Enc" type="java.lang.String">null</Field>
	<Field name="EncKey" type="java.lang.String">null</Field>
	<Field name="EncKeyVect" type="java.lang.String">null</Field>
	<Field name="FullTxt" type="java.lang.String"><![CDATA[Author: Oracle

Description :
Adds a check constraint to a table

Restrictions:
]]></Field>
	<Field name="GlobalId" type="java.lang.String"><![CDATA[986f8535-605b-31c7-90cc-ae8e8fcc2357]]></Field>
	<Field name="ITxt" type="com.sunopsis.sql.DbInt"><![CDATA[199]]></Field>
	<Field name="ITxtOrig" type="com.sunopsis.sql.DbInt"><![CDATA[1]]></Field>
	<Field name="Txt" type="java.lang.String"><![CDATA[Author: Oracle

Description :
Adds a check constraint to a table

Restrictions:
]]></Field>
</Object>
<Object class="com.sunopsis.dwg.dbobj.SnpAction">
		<Field name="ActionName" type="java.lang.String"><![CDATA[Add Foreign Key]]></Field>
	<Field name="ActionType" type="com.sunopsis.sql.DbInt"><![CDATA[6]]></Field>
	<Field name="FirstDate" type="java.sql.Timestamp"><![CDATA[2024-12-23 06:21:13.0]]></Field>
	<Field name="FirstUser" type="java.lang.String"><![CDATA[SUNOPSIS_INSTALL]]></Field>
	<Field name="GlobalId" type="java.lang.String"><![CDATA[69e88478-2a38-36d4-a228-76bca3544022]]></Field>
	<Field name="IAction" type="com.sunopsis.sql.DbInt"><![CDATA[28]]></Field>
	<Field name="IGrpAction" type="com.sunopsis.sql.DbInt"><![CDATA[9]]></Field>
	<Field name="ITxtDesc" type="com.sunopsis.sql.DbInt"><![CDATA[201]]></Field>
	<Field name="LastDate" type="java.sql.Timestamp"><![CDATA[2024-12-23 06:21:13.0]]></Field>
	<Field name="LastUser" type="java.lang.String"><![CDATA[SUNOPSIS_INSTALL]]></Field>
</Object>
<Object class="com.sunopsis.dwg.dbobj.SnpLineAction">
		<Field name="ConnectId" type="java.lang.String">null</Field>
	<Field name="FirstDate" type="java.sql.Timestamp"><![CDATA[2024-12-23 06:21:13.0]]></Field>
	<Field name="FirstUser" type="java.lang.String"><![CDATA[SUNOPSIS_INSTALL]]></Field>
	<Field name="GlobalId" type="java.lang.String"><![CDATA[c4951921-a447-3096-bd8d-617e2d7c5f96]]></Field>
	<Field name="IgnoreError" type="java.lang.String"><![CDATA[0]]></Field>
	<Field name="IndCommit" type="java.lang.String"><![CDATA[0]]></Field>
	<Field name="IndLogMethod" type="java.lang.String">null</Field>
	<Field name="IndLogNb" type="java.lang.String"><![CDATA[3]]></Field>
	<Field name="IsolLevel" type="java.lang.String">null</Field>
	<Field name="IAction" type="com.sunopsis.sql.DbInt"><![CDATA[28]]></Field>
	<Field name="ITxtAction" type="com.sunopsis.sql.DbInt"><![CDATA[200]]></Field>
	<Field name="LastDate" type="java.sql.Timestamp"><![CDATA[2024-12-23 06:21:13.0]]></Field>
	<Field name="LastUser" type="java.lang.String"><![CDATA[SUNOPSIS_INSTALL]]></Field>
	<Field name="LineActionName" type="java.lang.String"><![CDATA[Add Foreign Key]]></Field>
	<Field name="OrdAction" type="com.sunopsis.sql.DbInt"><![CDATA[10]]></Field>
</Object>
<Object class="com.sunopsis.dwg.dbobj.SnpMtxt">
		<Field name="Enc" type="java.lang.String">null</Field>
	<Field name="EncKey" type="java.lang.String">null</Field>
	<Field name="EncKeyVect" type="java.lang.String">null</Field>
	<Field name="FullTxt" type="java.lang.String"><![CDATA[alter table <%=odiRef.getTable("L", "TARG_NAME", "A") %>
	add constraint <%=odiRef.getObjectName( "L" , odiRef.getFK("FK_NAME") , "D" )%>
	foreign key <%=odiRef.getFKColList("(", "[COL_NAME]", ", ", ")") %>
	references <%=odiRef.getTable("L", "FK_PK_TABLE_NAME", "A")%>
		            <%=odiRef.getFKColList("(", "[PK_COL_NAME]", ", ", ")") %>]]></Field>
	<Field name="GlobalId" type="java.lang.String"><![CDATA[df494ac8-9b66-353b-8d4e-f4a87d3d7469]]></Field>
	<Field name="ITxt" type="com.sunopsis.sql.DbInt"><![CDATA[200]]></Field>
	<Field name="ITxtOrig" type="com.sunopsis.sql.DbInt"><![CDATA[2]]></Field>
	<Field name="Txt" type="java.lang.String"><![CDATA[alter table <%=odiRef.getTable("L", "TARG_NAME", "A") %>
	add constraint <%=odiRef.getObjectName( "L" , odiRef.getFK("FK_NAME") , "D" )%>
	foreign key <%=odiRef.getFKColList("(", "[COL_NAME]", ", ", ")") %>
	references <%=odiRef.getTable("L", "FK_PK_TABLE_NAME", "A")%>
		            <%=odiRef.getFKColList("(", "[PK_COL_NAME]", ", ", ")") %>]]></Field>
</Object>
<Object class="com.sunopsis.dwg.dbobj.SnpMtxt">
		<Field name="Enc" type="java.lang.String">null</Field>
	<Field name="EncKey" type="java.lang.String">null</Field>
	<Field name="EncKeyVect" type="java.lang.String">null</Field>
	<Field name="FullTxt" type="java.lang.String"><![CDATA[Author: Oracle

Description :
Adds a foreign key constraint to a table

Restrictions:

]]></Field>
	<Field name="GlobalId" type="java.lang.String"><![CDATA[f4ebad6f-6548-3152-8bfd-992097380f39]]></Field>
	<Field name="ITxt" type="com.sunopsis.sql.DbInt"><![CDATA[201]]></Field>
	<Field name="ITxtOrig" type="com.sunopsis.sql.DbInt"><![CDATA[1]]></Field>
	<Field name="Txt" type="java.lang.String"><![CDATA[Author: Oracle

Description :
Adds a foreign key constraint to a table

Restrictions:

]]></Field>
</Object>
<Object class="com.sunopsis.dwg.dbobj.SnpAction">
		<Field name="ActionName" type="java.lang.String"><![CDATA[Add Primary Key]]></Field>
	<Field name="ActionType" type="com.sunopsis.sql.DbInt"><![CDATA[4]]></Field>
	<Field name="FirstDate" type="java.sql.Timestamp"><![CDATA[2024-12-23 06:21:13.0]]></Field>
	<Field name="FirstUser" type="java.lang.String"><![CDATA[SUNOPSIS_INSTALL]]></Field>
	<Field name="GlobalId" type="java.lang.String"><![CDATA[af1fd40b-8729-36de-99ce-d277930afec6]]></Field>
	<Field name="IAction" type="com.sunopsis.sql.DbInt"><![CDATA[29]]></Field>
	<Field name="IGrpAction" type="com.sunopsis.sql.DbInt"><![CDATA[9]]></Field>
	<Field name="ITxtDesc" type="com.sunopsis.sql.DbInt"><![CDATA[203]]></Field>
	<Field name="LastDate" type="java.sql.Timestamp"><![CDATA[2024-12-23 06:21:13.0]]></Field>
	<Field name="LastUser" type="java.lang.String"><![CDATA[SUNOPSIS_INSTALL]]></Field>
</Object>
<Object class="com.sunopsis.dwg.dbobj.SnpLineAction">
		<Field name="ConnectId" type="java.lang.String">null</Field>
	<Field name="FirstDate" type="java.sql.Timestamp"><![CDATA[2024-12-23 06:21:13.0]]></Field>
	<Field name="FirstUser" type="java.lang.String"><![CDATA[SUNOPSIS_INSTALL]]></Field>
	<Field name="GlobalId" type="java.lang.String"><![CDATA[7799b0c2-38ee-3849-83d4-85ecf5f6e7c8]]></Field>
	<Field name="IgnoreError" type="java.lang.String"><![CDATA[0]]></Field>
	<Field name="IndCommit" type="java.lang.String"><![CDATA[0]]></Field>
	<Field name="IndLogMethod" type="java.lang.String">null</Field>
	<Field name="IndLogNb" type="java.lang.String"><![CDATA[3]]></Field>
	<Field name="IsolLevel" type="java.lang.String">null</Field>
	<Field name="IAction" type="com.sunopsis.sql.DbInt"><![CDATA[29]]></Field>
	<Field name="ITxtAction" type="com.sunopsis.sql.DbInt"><![CDATA[202]]></Field>
	<Field name="LastDate" type="java.sql.Timestamp"><![CDATA[2024-12-23 06:21:13.0]]></Field>
	<Field name="LastUser" type="java.lang.String"><![CDATA[SUNOPSIS_INSTALL]]></Field>
	<Field name="LineActionName" type="java.lang.String"><![CDATA[Add Primary Key]]></Field>
	<Field name="OrdAction" type="com.sunopsis.sql.DbInt"><![CDATA[30]]></Field>
</Object>
<Object class="com.sunopsis.dwg.dbobj.SnpMtxt">
		<Field name="Enc" type="java.lang.String">null</Field>
	<Field name="EncKey" type="java.lang.String">null</Field>
	<Field name="EncKeyVect" type="java.lang.String">null</Field>
	<Field name="FullTxt" type="java.lang.String"><![CDATA[alter table <%=odiRef.getTable("L", "TARG_NAME", "A")%>

	add constraint <%=odiRef.getObjectName( "L" , odiRef.getPK("KEY_NAME") , "D" )%>

	primary key <%=odiRef.getPKColList("(", "[COL_NAME]", ", " , ")")%>

]]></Field>
	<Field name="GlobalId" type="java.lang.String"><![CDATA[065599f9-c3a0-3210-856b-081a396a3ff0]]></Field>
	<Field name="ITxt" type="com.sunopsis.sql.DbInt"><![CDATA[202]]></Field>
	<Field name="ITxtOrig" type="com.sunopsis.sql.DbInt"><![CDATA[2]]></Field>
	<Field name="Txt" type="java.lang.String"><![CDATA[alter table <%=odiRef.getTable("L", "TARG_NAME", "A")%>

	add constraint <%=odiRef.getObjectName( "L" , odiRef.getPK("KEY_NAME") , "D" )%>

	primary key <%=odiRef.getPKColList("(", "[COL_NAME]", ", " , ")")%>

]]></Field>
</Object>
<Object class="com.sunopsis.dwg.dbobj.SnpMtxt">
		<Field name="Enc" type="java.lang.String">null</Field>
	<Field name="EncKey" type="java.lang.String">null</Field>
	<Field name="EncKeyVect" type="java.lang.String">null</Field>
	<Field name="FullTxt" type="java.lang.String"><![CDATA[Author: Oracle

Description :
Adds the primary key to a table

Restrictions:


]]></Field>
	<Field name="GlobalId" type="java.lang.String"><![CDATA[146e0fa9-6a08-32fc-82a3-049b0aa3804b]]></Field>
	<Field name="ITxt" type="com.sunopsis.sql.DbInt"><![CDATA[203]]></Field>
	<Field name="ITxtOrig" type="com.sunopsis.sql.DbInt"><![CDATA[1]]></Field>
	<Field name="Txt" type="java.lang.String"><![CDATA[Author: Oracle

Description :
Adds the primary key to a table

Restrictions:


]]></Field>
</Object>
<Object class="com.sunopsis.dwg.dbobj.SnpAction">
		<Field name="ActionName" type="java.lang.String"><![CDATA[Drop Alternate Key]]></Field>
	<Field name="ActionType" type="com.sunopsis.sql.DbInt"><![CDATA[13]]></Field>
	<Field name="FirstDate" type="java.sql.Timestamp"><![CDATA[2024-12-23 06:21:13.0]]></Field>
	<Field name="FirstUser" type="java.lang.String"><![CDATA[SUNOPSIS_INSTALL]]></Field>
	<Field name="GlobalId" type="java.lang.String"><![CDATA[4a53a96c-26c4-3a00-9a42-194bc0f4e5fa]]></Field>
	<Field name="IAction" type="com.sunopsis.sql.DbInt"><![CDATA[30]]></Field>
	<Field name="IGrpAction" type="com.sunopsis.sql.DbInt"><![CDATA[9]]></Field>
	<Field name="ITxtDesc" type="com.sunopsis.sql.DbInt"><![CDATA[205]]></Field>
	<Field name="LastDate" type="java.sql.Timestamp"><![CDATA[2024-12-23 06:21:13.0]]></Field>
	<Field name="LastUser" type="java.lang.String"><![CDATA[SUNOPSIS_INSTALL]]></Field>
</Object>
<Object class="com.sunopsis.dwg.dbobj.SnpLineAction">
		<Field name="ConnectId" type="java.lang.String">null</Field>
	<Field name="FirstDate" type="java.sql.Timestamp"><![CDATA[2024-12-23 06:21:13.0]]></Field>
	<Field name="FirstUser" type="java.lang.String"><![CDATA[SUNOPSIS_INSTALL]]></Field>
	<Field name="GlobalId" type="java.lang.String"><![CDATA[0444317d-5e86-39d2-893b-3953ca179e73]]></Field>
	<Field name="IgnoreError" type="java.lang.String"><![CDATA[1]]></Field>
	<Field name="IndCommit" type="java.lang.String"><![CDATA[0]]></Field>
	<Field name="IndLogMethod" type="java.lang.String">null</Field>
	<Field name="IndLogNb" type="java.lang.String"><![CDATA[3]]></Field>
	<Field name="IsolLevel" type="java.lang.String">null</Field>
	<Field name="IAction" type="com.sunopsis.sql.DbInt"><![CDATA[30]]></Field>
	<Field name="ITxtAction" type="com.sunopsis.sql.DbInt"><![CDATA[204]]></Field>
	<Field name="LastDate" type="java.sql.Timestamp"><![CDATA[2024-12-23 06:21:13.0]]></Field>
	<Field name="LastUser" type="java.lang.String"><![CDATA[SUNOPSIS_INSTALL]]></Field>
	<Field name="LineActionName" type="java.lang.String"><![CDATA[Drop Alternate Key]]></Field>
	<Field name="OrdAction" type="com.sunopsis.sql.DbInt"><![CDATA[0]]></Field>
</Object>
<Object class="com.sunopsis.dwg.dbobj.SnpMtxt">
		<Field name="Enc" type="java.lang.String">null</Field>
	<Field name="EncKey" type="java.lang.String">null</Field>
	<Field name="EncKeyVect" type="java.lang.String">null</Field>
	<Field name="FullTxt" type="java.lang.String"><![CDATA[alter table <%=odiRef.getTable("L", "TARG_NAME", "A") %>
	drop constraint  <%=odiRef.getObjectName( "L" ,odiRef.getAK("KEY_NAME"),"D")%>]]></Field>
	<Field name="GlobalId" type="java.lang.String"><![CDATA[8ff1b388-3bf7-3434-b64e-ac1173eba747]]></Field>
	<Field name="ITxt" type="com.sunopsis.sql.DbInt"><![CDATA[204]]></Field>
	<Field name="ITxtOrig" type="com.sunopsis.sql.DbInt"><![CDATA[2]]></Field>
	<Field name="Txt" type="java.lang.String"><![CDATA[alter table <%=odiRef.getTable("L", "TARG_NAME", "A") %>
	drop constraint  <%=odiRef.getObjectName( "L" ,odiRef.getAK("KEY_NAME"),"D")%>]]></Field>
</Object>
<Object class="com.sunopsis.dwg.dbobj.SnpMtxt">
		<Field name="Enc" type="java.lang.String">null</Field>
	<Field name="EncKey" type="java.lang.String">null</Field>
	<Field name="EncKeyVect" type="java.lang.String">null</Field>
	<Field name="FullTxt" type="java.lang.String"><![CDATA[Author: Oracle

Description :
Drops a alternate key of a table

Restrictions:
]]></Field>
	<Field name="GlobalId" type="java.lang.String"><![CDATA[c877d11d-f281-33b4-8ba9-91afa62c1d6d]]></Field>
	<Field name="ITxt" type="com.sunopsis.sql.DbInt"><![CDATA[205]]></Field>
	<Field name="ITxtOrig" type="com.sunopsis.sql.DbInt"><![CDATA[1]]></Field>
	<Field name="Txt" type="java.lang.String"><![CDATA[Author: Oracle

Description :
Drops a alternate key of a table

Restrictions:
]]></Field>
</Object>
<Object class="com.sunopsis.dwg.dbobj.SnpAction">
		<Field name="ActionName" type="java.lang.String"><![CDATA[Drop Check Constraint]]></Field>
	<Field name="ActionType" type="com.sunopsis.sql.DbInt"><![CDATA[17]]></Field>
	<Field name="FirstDate" type="java.sql.Timestamp"><![CDATA[2024-12-23 06:21:13.0]]></Field>
	<Field name="FirstUser" type="java.lang.String"><![CDATA[SUNOPSIS_INSTALL]]></Field>
	<Field name="GlobalId" type="java.lang.String"><![CDATA[acd9834f-2a36-37ff-ac27-cfc09e3728ab]]></Field>
	<Field name="IAction" type="com.sunopsis.sql.DbInt"><![CDATA[31]]></Field>
	<Field name="IGrpAction" type="com.sunopsis.sql.DbInt"><![CDATA[9]]></Field>
	<Field name="ITxtDesc" type="com.sunopsis.sql.DbInt"><![CDATA[207]]></Field>
	<Field name="LastDate" type="java.sql.Timestamp"><![CDATA[2024-12-23 06:21:13.0]]></Field>
	<Field name="LastUser" type="java.lang.String"><![CDATA[SUNOPSIS_INSTALL]]></Field>
</Object>
<Object class="com.sunopsis.dwg.dbobj.SnpLineAction">
		<Field name="ConnectId" type="java.lang.String">null</Field>
	<Field name="FirstDate" type="java.sql.Timestamp"><![CDATA[2024-12-23 06:21:13.0]]></Field>
	<Field name="FirstUser" type="java.lang.String"><![CDATA[SUNOPSIS_INSTALL]]></Field>
	<Field name="GlobalId" type="java.lang.String"><![CDATA[31c01661-777b-3d5f-9fbe-6e11173218a0]]></Field>
	<Field name="IgnoreError" type="java.lang.String"><![CDATA[0]]></Field>
	<Field name="IndCommit" type="java.lang.String"><![CDATA[0]]></Field>
	<Field name="IndLogMethod" type="java.lang.String">null</Field>
	<Field name="IndLogNb" type="java.lang.String"><![CDATA[3]]></Field>
	<Field name="IsolLevel" type="java.lang.String">null</Field>
	<Field name="IAction" type="com.sunopsis.sql.DbInt"><![CDATA[31]]></Field>
	<Field name="ITxtAction" type="com.sunopsis.sql.DbInt"><![CDATA[206]]></Field>
	<Field name="LastDate" type="java.sql.Timestamp"><![CDATA[2024-12-23 06:21:13.0]]></Field>
	<Field name="LastUser" type="java.lang.String"><![CDATA[SUNOPSIS_INSTALL]]></Field>
	<Field name="LineActionName" type="java.lang.String"><![CDATA[Drop Check Constraint]]></Field>
	<Field name="OrdAction" type="com.sunopsis.sql.DbInt"><![CDATA[0]]></Field>
</Object>
<Object class="com.sunopsis.dwg.dbobj.SnpMtxt">
		<Field name="Enc" type="java.lang.String">null</Field>
	<Field name="EncKey" type="java.lang.String">null</Field>
	<Field name="EncKeyVect" type="java.lang.String">null</Field>
	<Field name="FullTxt" type="java.lang.String"><![CDATA[alter table <%=odiRef.getTable("L", "TARG_NAME", "A") %>   
	drop constraint  <%=odiRef.getObjectName( "L" ,odiRef.getCK("COND_NAME"),"D") %>]]></Field>
	<Field name="GlobalId" type="java.lang.String"><![CDATA[200d9260-2b50-3b5f-aec7-ea921dca90dd]]></Field>
	<Field name="ITxt" type="com.sunopsis.sql.DbInt"><![CDATA[206]]></Field>
	<Field name="ITxtOrig" type="com.sunopsis.sql.DbInt"><![CDATA[2]]></Field>
	<Field name="Txt" type="java.lang.String"><![CDATA[alter table <%=odiRef.getTable("L", "TARG_NAME", "A") %>   
	drop constraint  <%=odiRef.getObjectName( "L" ,odiRef.getCK("COND_NAME"),"D") %>]]></Field>
</Object>
<Object class="com.sunopsis.dwg.dbobj.SnpMtxt">
		<Field name="Enc" type="java.lang.String">null</Field>
	<Field name="EncKey" type="java.lang.String">null</Field>
	<Field name="EncKeyVect" type="java.lang.String">null</Field>
	<Field name="FullTxt" type="java.lang.String"><![CDATA[Author: Oracle

Description :
Drops a check constraint of a table

Restrictions:
]]></Field>
	<Field name="GlobalId" type="java.lang.String"><![CDATA[7dcda312-0f94-3020-b6a8-686465fb6206]]></Field>
	<Field name="ITxt" type="com.sunopsis.sql.DbInt"><![CDATA[207]]></Field>
	<Field name="ITxtOrig" type="com.sunopsis.sql.DbInt"><![CDATA[1]]></Field>
	<Field name="Txt" type="java.lang.String"><![CDATA[Author: Oracle

Description :
Drops a check constraint of a table

Restrictions:
]]></Field>
</Object>
<Object class="com.sunopsis.dwg.dbobj.SnpAction">
		<Field name="ActionName" type="java.lang.String"><![CDATA[Drop Foreign Key]]></Field>
	<Field name="ActionType" type="com.sunopsis.sql.DbInt"><![CDATA[11]]></Field>
	<Field name="FirstDate" type="java.sql.Timestamp"><![CDATA[2024-12-23 06:21:13.0]]></Field>
	<Field name="FirstUser" type="java.lang.String"><![CDATA[SUNOPSIS_INSTALL]]></Field>
	<Field name="GlobalId" type="java.lang.String"><![CDATA[129c5a28-5385-33f0-ad65-a2ff715bb35f]]></Field>
	<Field name="IAction" type="com.sunopsis.sql.DbInt"><![CDATA[32]]></Field>
	<Field name="IGrpAction" type="com.sunopsis.sql.DbInt"><![CDATA[9]]></Field>
	<Field name="ITxtDesc" type="com.sunopsis.sql.DbInt"><![CDATA[209]]></Field>
	<Field name="LastDate" type="java.sql.Timestamp"><![CDATA[2024-12-23 06:21:13.0]]></Field>
	<Field name="LastUser" type="java.lang.String"><![CDATA[SUNOPSIS_INSTALL]]></Field>
</Object>
<Object class="com.sunopsis.dwg.dbobj.SnpLineAction">
		<Field name="ConnectId" type="java.lang.String">null</Field>
	<Field name="FirstDate" type="java.sql.Timestamp"><![CDATA[2024-12-23 06:21:13.0]]></Field>
	<Field name="FirstUser" type="java.lang.String"><![CDATA[SUNOPSIS_INSTALL]]></Field>
	<Field name="GlobalId" type="java.lang.String"><![CDATA[87563467-464e-39ba-a4cd-79ba825a29e3]]></Field>
	<Field name="IgnoreError" type="java.lang.String"><![CDATA[0]]></Field>
	<Field name="IndCommit" type="java.lang.String"><![CDATA[0]]></Field>
	<Field name="IndLogMethod" type="java.lang.String">null</Field>
	<Field name="IndLogNb" type="java.lang.String"><![CDATA[3]]></Field>
	<Field name="IsolLevel" type="java.lang.String">null</Field>
	<Field name="IAction" type="com.sunopsis.sql.DbInt"><![CDATA[32]]></Field>
	<Field name="ITxtAction" type="com.sunopsis.sql.DbInt"><![CDATA[208]]></Field>
	<Field name="LastDate" type="java.sql.Timestamp"><![CDATA[2024-12-23 06:21:13.0]]></Field>
	<Field name="LastUser" type="java.lang.String"><![CDATA[SUNOPSIS_INSTALL]]></Field>
	<Field name="LineActionName" type="java.lang.String"><![CDATA[Drop Foreign Key]]></Field>
	<Field name="OrdAction" type="com.sunopsis.sql.DbInt"><![CDATA[0]]></Field>
</Object>
<Object class="com.sunopsis.dwg.dbobj.SnpMtxt">
		<Field name="Enc" type="java.lang.String">null</Field>
	<Field name="EncKey" type="java.lang.String">null</Field>
	<Field name="EncKeyVect" type="java.lang.String">null</Field>
	<Field name="FullTxt" type="java.lang.String"><![CDATA[alter table <%=odiRef.getTable("L", "TARG_NAME", "A") %>   
	drop constraint  <%=odiRef.getObjectName( "L" ,odiRef.getFK("FK_NAME"),"D") %>
]]></Field>
	<Field name="GlobalId" type="java.lang.String"><![CDATA[b70c0ca1-9454-3cab-9b89-9536f854f38c]]></Field>
	<Field name="ITxt" type="com.sunopsis.sql.DbInt"><![CDATA[208]]></Field>
	<Field name="ITxtOrig" type="com.sunopsis.sql.DbInt"><![CDATA[2]]></Field>
	<Field name="Txt" type="java.lang.String"><![CDATA[alter table <%=odiRef.getTable("L", "TARG_NAME", "A") %>   
	drop constraint  <%=odiRef.getObjectName( "L" ,odiRef.getFK("FK_NAME"),"D") %>
]]></Field>
</Object>
<Object class="com.sunopsis.dwg.dbobj.SnpMtxt">
		<Field name="Enc" type="java.lang.String">null</Field>
	<Field name="EncKey" type="java.lang.String">null</Field>
	<Field name="EncKeyVect" type="java.lang.String">null</Field>
	<Field name="FullTxt" type="java.lang.String"><![CDATA[Author: Oracle

Description :
Drops a foreign key constraint of a  table

Restrictions:
]]></Field>
	<Field name="GlobalId" type="java.lang.String"><![CDATA[2b36ed4f-fa11-320e-9131-eaf796193932]]></Field>
	<Field name="ITxt" type="com.sunopsis.sql.DbInt"><![CDATA[209]]></Field>
	<Field name="ITxtOrig" type="com.sunopsis.sql.DbInt"><![CDATA[1]]></Field>
	<Field name="Txt" type="java.lang.String"><![CDATA[Author: Oracle

Description :
Drops a foreign key constraint of a  table

Restrictions:
]]></Field>
</Object>
<Object class="com.sunopsis.dwg.dbobj.SnpAction">
		<Field name="ActionName" type="java.lang.String"><![CDATA[Drop Primary Key]]></Field>
	<Field name="ActionType" type="com.sunopsis.sql.DbInt"><![CDATA[14]]></Field>
	<Field name="FirstDate" type="java.sql.Timestamp"><![CDATA[2024-12-23 06:21:13.0]]></Field>
	<Field name="FirstUser" type="java.lang.String"><![CDATA[SUNOPSIS_INSTALL]]></Field>
	<Field name="GlobalId" type="java.lang.String"><![CDATA[00d891aa-9013-3b27-994a-d39fa0c762d2]]></Field>
	<Field name="IAction" type="com.sunopsis.sql.DbInt"><![CDATA[33]]></Field>
	<Field name="IGrpAction" type="com.sunopsis.sql.DbInt"><![CDATA[9]]></Field>
	<Field name="ITxtDesc" type="com.sunopsis.sql.DbInt"><![CDATA[211]]></Field>
	<Field name="LastDate" type="java.sql.Timestamp"><![CDATA[2024-12-23 06:21:13.0]]></Field>
	<Field name="LastUser" type="java.lang.String"><![CDATA[SUNOPSIS_INSTALL]]></Field>
</Object>
<Object class="com.sunopsis.dwg.dbobj.SnpLineAction">
		<Field name="ConnectId" type="java.lang.String">null</Field>
	<Field name="FirstDate" type="java.sql.Timestamp"><![CDATA[2024-12-23 06:21:13.0]]></Field>
	<Field name="FirstUser" type="java.lang.String"><![CDATA[SUNOPSIS_INSTALL]]></Field>
	<Field name="GlobalId" type="java.lang.String"><![CDATA[b0a18b70-5325-3ae2-bbdc-7a71edb59f4a]]></Field>
	<Field name="IgnoreError" type="java.lang.String"><![CDATA[1]]></Field>
	<Field name="IndCommit" type="java.lang.String"><![CDATA[0]]></Field>
	<Field name="IndLogMethod" type="java.lang.String">null</Field>
	<Field name="IndLogNb" type="java.lang.String"><![CDATA[3]]></Field>
	<Field name="IsolLevel" type="java.lang.String">null</Field>
	<Field name="IAction" type="com.sunopsis.sql.DbInt"><![CDATA[33]]></Field>
	<Field name="ITxtAction" type="com.sunopsis.sql.DbInt"><![CDATA[210]]></Field>
	<Field name="LastDate" type="java.sql.Timestamp"><![CDATA[2024-12-23 06:21:13.0]]></Field>
	<Field name="LastUser" type="java.lang.String"><![CDATA[SUNOPSIS_INSTALL]]></Field>
	<Field name="LineActionName" type="java.lang.String"><![CDATA[Drop Primary Key]]></Field>
	<Field name="OrdAction" type="com.sunopsis.sql.DbInt"><![CDATA[0]]></Field>
</Object>
<Object class="com.sunopsis.dwg.dbobj.SnpMtxt">
		<Field name="Enc" type="java.lang.String">null</Field>
	<Field name="EncKey" type="java.lang.String">null</Field>
	<Field name="EncKeyVect" type="java.lang.String">null</Field>
	<Field name="FullTxt" type="java.lang.String"><![CDATA[alter table <%=odiRef.getTable("L", "TARG_NAME", "A")%> 
	drop constraint  <%=odiRef.getObjectName( "L" ,odiRef.getPK("KEY_NAME"),"D")%>
]]></Field>
	<Field name="GlobalId" type="java.lang.String"><![CDATA[95f36081-6c60-39ad-adb6-7b0c15d51383]]></Field>
	<Field name="ITxt" type="com.sunopsis.sql.DbInt"><![CDATA[210]]></Field>
	<Field name="ITxtOrig" type="com.sunopsis.sql.DbInt"><![CDATA[2]]></Field>
	<Field name="Txt" type="java.lang.String"><![CDATA[alter table <%=odiRef.getTable("L", "TARG_NAME", "A")%> 
	drop constraint  <%=odiRef.getObjectName( "L" ,odiRef.getPK("KEY_NAME"),"D")%>
]]></Field>
</Object>
<Object class="com.sunopsis.dwg.dbobj.SnpMtxt">
		<Field name="Enc" type="java.lang.String">null</Field>
	<Field name="EncKey" type="java.lang.String">null</Field>
	<Field name="EncKeyVect" type="java.lang.String">null</Field>
	<Field name="FullTxt" type="java.lang.String"><![CDATA[Author: Oracle

Description :
Drops the primary key of a table

Restrictions:
]]></Field>
	<Field name="GlobalId" type="java.lang.String"><![CDATA[a4a6e270-eab2-3fd7-aa79-85d4eef36035]]></Field>
	<Field name="ITxt" type="com.sunopsis.sql.DbInt"><![CDATA[211]]></Field>
	<Field name="ITxtOrig" type="com.sunopsis.sql.DbInt"><![CDATA[1]]></Field>
	<Field name="Txt" type="java.lang.String"><![CDATA[Author: Oracle

Description :
Drops the primary key of a table

Restrictions:
]]></Field>
</Object>
<Object class="com.sunopsis.dwg.dbobj.SnpAction">
		<Field name="ActionName" type="java.lang.String"><![CDATA[Modify Column Attribute]]></Field>
	<Field name="ActionType" type="com.sunopsis.sql.DbInt"><![CDATA[8]]></Field>
	<Field name="FirstDate" type="java.sql.Timestamp"><![CDATA[2024-12-23 06:21:13.0]]></Field>
	<Field name="FirstUser" type="java.lang.String"><![CDATA[SUNOPSIS_INSTALL]]></Field>
	<Field name="GlobalId" type="java.lang.String"><![CDATA[0baa85cf-2b82-37e2-bd43-689a72a5bd6e]]></Field>
	<Field name="IAction" type="com.sunopsis.sql.DbInt"><![CDATA[34]]></Field>
	<Field name="IGrpAction" type="com.sunopsis.sql.DbInt"><![CDATA[9]]></Field>
	<Field name="ITxtDesc" type="com.sunopsis.sql.DbInt"><![CDATA[213]]></Field>
	<Field name="LastDate" type="java.sql.Timestamp"><![CDATA[2024-12-23 06:21:13.0]]></Field>
	<Field name="LastUser" type="java.lang.String"><![CDATA[SUNOPSIS_INSTALL]]></Field>
</Object>
<Object class="com.sunopsis.dwg.dbobj.SnpLineAction">
		<Field name="ConnectId" type="java.lang.String">null</Field>
	<Field name="FirstDate" type="java.sql.Timestamp"><![CDATA[2024-12-23 06:21:13.0]]></Field>
	<Field name="FirstUser" type="java.lang.String"><![CDATA[SUNOPSIS_INSTALL]]></Field>
	<Field name="GlobalId" type="java.lang.String"><![CDATA[9e94601e-a5f5-31e8-8550-210809fee476]]></Field>
	<Field name="IgnoreError" type="java.lang.String"><![CDATA[1]]></Field>
	<Field name="IndCommit" type="java.lang.String"><![CDATA[0]]></Field>
	<Field name="IndLogMethod" type="java.lang.String">null</Field>
	<Field name="IndLogNb" type="java.lang.String"><![CDATA[3]]></Field>
	<Field name="IsolLevel" type="java.lang.String">null</Field>
	<Field name="IAction" type="com.sunopsis.sql.DbInt"><![CDATA[34]]></Field>
	<Field name="ITxtAction" type="com.sunopsis.sql.DbInt"><![CDATA[212]]></Field>
	<Field name="LastDate" type="java.sql.Timestamp"><![CDATA[2024-12-23 06:21:13.0]]></Field>
	<Field name="LastUser" type="java.lang.String"><![CDATA[SUNOPSIS_INSTALL]]></Field>
	<Field name="LineActionName" type="java.lang.String"><![CDATA[Modify Column Attribute]]></Field>
	<Field name="OrdAction" type="com.sunopsis.sql.DbInt"><![CDATA[0]]></Field>
</Object>
<Object class="com.sunopsis.dwg.dbobj.SnpMtxt">
		<Field name="Enc" type="java.lang.String">null</Field>
	<Field name="EncKey" type="java.lang.String">null</Field>
	<Field name="EncKeyVect" type="java.lang.String">null</Field>
	<Field name="FullTxt" type="java.lang.String"><![CDATA[ALTER TABLE  <%= odiRef.getTable("L", "TARG_NAME", "A") %>  ALTER  <%= odiRef.getColumn("[COL_NAME]","OLD") %> SET DATA TYPE <%= odiRef.getColumn(" [DEST_CRE_DT] [DEFAULT_CLAUSE]","NEW") %>]]></Field>
	<Field name="GlobalId" type="java.lang.String"><![CDATA[ed82d52a-c028-3c78-9a5b-6b16b30771ee]]></Field>
	<Field name="ITxt" type="com.sunopsis.sql.DbInt"><![CDATA[212]]></Field>
	<Field name="ITxtOrig" type="com.sunopsis.sql.DbInt"><![CDATA[2]]></Field>
	<Field name="Txt" type="java.lang.String"><![CDATA[ALTER TABLE  <%= odiRef.getTable("L", "TARG_NAME", "A") %>  ALTER  <%= odiRef.getColumn("[COL_NAME]","OLD") %> SET DATA TYPE <%= odiRef.getColumn(" [DEST_CRE_DT] [DEFAULT_CLAUSE]","NEW") %>]]></Field>
</Object>
<Object class="com.sunopsis.dwg.dbobj.SnpMtxt">
		<Field name="Enc" type="java.lang.String">null</Field>
	<Field name="EncKey" type="java.lang.String">null</Field>
	<Field name="EncKeyVect" type="java.lang.String">null</Field>
	<Field name="FullTxt" type="java.lang.String"><![CDATA[Author: Oracle

Description :
Modify column attribute

Restrictions:
]]></Field>
	<Field name="GlobalId" type="java.lang.String"><![CDATA[410d10f8-cbd7-3ae2-a071-f0fe0a43919d]]></Field>
	<Field name="ITxt" type="com.sunopsis.sql.DbInt"><![CDATA[213]]></Field>
	<Field name="ITxtOrig" type="com.sunopsis.sql.DbInt"><![CDATA[1]]></Field>
	<Field name="Txt" type="java.lang.String"><![CDATA[Author: Oracle

Description :
Modify column attribute

Restrictions:
]]></Field>
</Object>
<Object class="com.sunopsis.dwg.dbobj.SnpAction">
		<Field name="ActionName" type="java.lang.String"><![CDATA[Modify Column Comment]]></Field>
	<Field name="ActionType" type="com.sunopsis.sql.DbInt"><![CDATA[21]]></Field>
	<Field name="FirstDate" type="java.sql.Timestamp"><![CDATA[2024-12-23 06:21:13.0]]></Field>
	<Field name="FirstUser" type="java.lang.String"><![CDATA[SUNOPSIS_INSTALL]]></Field>
	<Field name="GlobalId" type="java.lang.String"><![CDATA[46e5fccd-6e6e-3d9f-8168-844db34b3b89]]></Field>
	<Field name="IAction" type="com.sunopsis.sql.DbInt"><![CDATA[35]]></Field>
	<Field name="IGrpAction" type="com.sunopsis.sql.DbInt"><![CDATA[9]]></Field>
	<Field name="ITxtDesc" type="com.sunopsis.sql.DbInt"><![CDATA[215]]></Field>
	<Field name="LastDate" type="java.sql.Timestamp"><![CDATA[2024-12-23 06:21:13.0]]></Field>
	<Field name="LastUser" type="java.lang.String"><![CDATA[SUNOPSIS_INSTALL]]></Field>
</Object>
<Object class="com.sunopsis.dwg.dbobj.SnpLineAction">
		<Field name="ConnectId" type="java.lang.String">null</Field>
	<Field name="FirstDate" type="java.sql.Timestamp"><![CDATA[2024-12-23 06:21:13.0]]></Field>
	<Field name="FirstUser" type="java.lang.String"><![CDATA[SUNOPSIS_INSTALL]]></Field>
	<Field name="GlobalId" type="java.lang.String"><![CDATA[50f5bf1e-7ffc-3e2a-95a1-6a08df3604e9]]></Field>
	<Field name="IgnoreError" type="java.lang.String"><![CDATA[0]]></Field>
	<Field name="IndCommit" type="java.lang.String"><![CDATA[0]]></Field>
	<Field name="IndLogMethod" type="java.lang.String">null</Field>
	<Field name="IndLogNb" type="java.lang.String"><![CDATA[3]]></Field>
	<Field name="IsolLevel" type="java.lang.String">null</Field>
	<Field name="IAction" type="com.sunopsis.sql.DbInt"><![CDATA[35]]></Field>
	<Field name="ITxtAction" type="com.sunopsis.sql.DbInt"><![CDATA[214]]></Field>
	<Field name="LastDate" type="java.sql.Timestamp"><![CDATA[2024-12-23 06:21:13.0]]></Field>
	<Field name="LastUser" type="java.lang.String"><![CDATA[SUNOPSIS_INSTALL]]></Field>
	<Field name="LineActionName" type="java.lang.String"><![CDATA[Modify Comment]]></Field>
	<Field name="OrdAction" type="com.sunopsis.sql.DbInt"><![CDATA[0]]></Field>
</Object>
<Object class="com.sunopsis.dwg.dbobj.SnpMtxt">
		<Field name="Enc" type="java.lang.String">null</Field>
	<Field name="EncKey" type="java.lang.String">null</Field>
	<Field name="EncKeyVect" type="java.lang.String">null</Field>
	<Field name="FullTxt" type="java.lang.String"><![CDATA[comment on column <%=odiRef.getTable("L", "TARG_NAME", "A") %>.<%=odiRef.getColumn("[COL_NAME]","NEW")%> is '<%=odiRef.getColumn("[COL_DESC]","NEW")%>']]></Field>
	<Field name="GlobalId" type="java.lang.String"><![CDATA[28dc55a1-1436-3c52-996d-6aa5a1543369]]></Field>
	<Field name="ITxt" type="com.sunopsis.sql.DbInt"><![CDATA[214]]></Field>
	<Field name="ITxtOrig" type="com.sunopsis.sql.DbInt"><![CDATA[2]]></Field>
	<Field name="Txt" type="java.lang.String"><![CDATA[comment on column <%=odiRef.getTable("L", "TARG_NAME", "A") %>.<%=odiRef.getColumn("[COL_NAME]","NEW")%> is '<%=odiRef.getColumn("[COL_DESC]","NEW")%>']]></Field>
</Object>
<Object class="com.sunopsis.dwg.dbobj.SnpMtxt">
		<Field name="Enc" type="java.lang.String">null</Field>
	<Field name="EncKey" type="java.lang.String">null</Field>
	<Field name="EncKeyVect" type="java.lang.String">null</Field>
	<Field name="FullTxt" type="java.lang.String"><![CDATA[Author: Oracle

Description :
Modifies or adds a column comment

Restrictions:
]]></Field>
	<Field name="GlobalId" type="java.lang.String"><![CDATA[9efa037f-a3f8-3bf2-bf36-14ab9eefdae7]]></Field>
	<Field name="ITxt" type="com.sunopsis.sql.DbInt"><![CDATA[215]]></Field>
	<Field name="ITxtOrig" type="com.sunopsis.sql.DbInt"><![CDATA[1]]></Field>
	<Field name="Txt" type="java.lang.String"><![CDATA[Author: Oracle

Description :
Modifies or adds a column comment

Restrictions:
]]></Field>
</Object>
<Object class="com.sunopsis.dwg.dbobj.SnpFKXRef">
		<Field name="RefKey" type="java.lang.String"><![CDATA[SNP_MTXT.194]]></Field>
	<Field name="RefObjGlobalId" type="java.lang.String"><![CDATA[a991b61b-7e5e-3542-944e-a8df34bc85cf]]></Field>
</Object>
<Object class="com.sunopsis.dwg.dbobj.SnpFKXRef">
		<Field name="RefKey" type="java.lang.String"><![CDATA[SNP_MTXT.193]]></Field>
	<Field name="RefObjGlobalId" type="java.lang.String"><![CDATA[06bfc174-ec07-35cc-b37b-44489bb02ba8]]></Field>
</Object>
<Object class="com.sunopsis.dwg.dbobj.SnpFKXRef">
		<Field name="RefKey" type="java.lang.String"><![CDATA[SNP_MTXT.192]]></Field>
	<Field name="RefObjGlobalId" type="java.lang.String"><![CDATA[14a45feb-17c8-3993-99f6-d15d91ae9d68]]></Field>
</Object>
<Object class="com.sunopsis.dwg.dbobj.SnpFKXRef">
		<Field name="RefKey" type="java.lang.String"><![CDATA[SNP_MTXT.190]]></Field>
	<Field name="RefObjGlobalId" type="java.lang.String"><![CDATA[cf7f3d6d-6e0c-3117-80d9-7a7bf42ec04e]]></Field>
</Object>
<Object class="com.sunopsis.dwg.dbobj.SnpFKXRef">
		<Field name="RefKey" type="java.lang.String"><![CDATA[SNP_MTXT.191]]></Field>
	<Field name="RefObjGlobalId" type="java.lang.String"><![CDATA[528b63c4-97fc-321e-84b0-061bd9a7a342]]></Field>
</Object>
<Object class="com.sunopsis.dwg.dbobj.SnpFKXRef">
		<Field name="RefKey" type="java.lang.String"><![CDATA[SNP_TECHNO.98]]></Field>
	<Field name="RefObjGlobalId" type="java.lang.String"><![CDATA[a52fb8ec-96c3-34d6-9506-fda36904283c]]></Field>
</Object>
<Object class="com.sunopsis.dwg.dbobj.SnpFKXRef">
		<Field name="RefKey" type="java.lang.String"><![CDATA[SNP_MTXT.186]]></Field>
	<Field name="RefObjGlobalId" type="java.lang.String"><![CDATA[86f2d509-af4b-3f64-a933-c4482142ce38]]></Field>
</Object>
<Object class="com.sunopsis.dwg.dbobj.SnpFKXRef">
		<Field name="RefKey" type="java.lang.String"><![CDATA[SNP_MTXT.185]]></Field>
	<Field name="RefObjGlobalId" type="java.lang.String"><![CDATA[1c2f2698-3ac2-38e1-a3d9-4ebf3c59858c]]></Field>
</Object>
<Object class="com.sunopsis.dwg.dbobj.SnpFKXRef">
		<Field name="RefKey" type="java.lang.String"><![CDATA[SNP_MTXT.187]]></Field>
	<Field name="RefObjGlobalId" type="java.lang.String"><![CDATA[b8883d08-53ac-3570-85f1-f54c2437899e]]></Field>
</Object>
<Object class="com.sunopsis.dwg.dbobj.SnpFKXRef">
		<Field name="RefKey" type="java.lang.String"><![CDATA[SNP_MTXT.189]]></Field>
	<Field name="RefObjGlobalId" type="java.lang.String"><![CDATA[305a43dd-a934-30ff-9e61-e7057211bc47]]></Field>
</Object>
<Object class="com.sunopsis.dwg.dbobj.SnpFKXRef">
		<Field name="RefKey" type="java.lang.String"><![CDATA[SNP_MTXT.188]]></Field>
	<Field name="RefObjGlobalId" type="java.lang.String"><![CDATA[56577222-e182-3188-bfec-fde4531d9592]]></Field>
</Object>
<Object class="com.sunopsis.dwg.dbobj.SnpFKXRef">
		<Field name="RefKey" type="java.lang.String"><![CDATA[SNP_MTXT.195]]></Field>
	<Field name="RefObjGlobalId" type="java.lang.String"><![CDATA[83f30b29-5cc3-302d-bec0-b88625d976ed]]></Field>
</Object>
<Object class="com.sunopsis.dwg.dbobj.SnpFKXRef">
		<Field name="RefKey" type="java.lang.String"><![CDATA[SNP_GRPACTION.9]]></Field>
	<Field name="RefObjGlobalId" type="java.lang.String"><![CDATA[e7cfe81f-90f0-335d-9090-80096040a143]]></Field>
</Object>
<Object class="com.sunopsis.dwg.dbobj.SnpFKXRef">
		<Field name="RefKey" type="java.lang.String"><![CDATA[SNP_MTXT.197]]></Field>
	<Field name="RefObjGlobalId" type="java.lang.String"><![CDATA[cfa6fb8c-7c62-3965-b797-e6e6f16d2ada]]></Field>
</Object>
<Object class="com.sunopsis.dwg.dbobj.SnpFKXRef">
		<Field name="RefKey" type="java.lang.String"><![CDATA[SNP_ACTION.26]]></Field>
	<Field name="RefObjGlobalId" type="java.lang.String"><![CDATA[e5c92d4a-d27a-33cc-af13-99a5ebcb15f2]]></Field>
</Object>
<Object class="com.sunopsis.dwg.dbobj.SnpFKXRef">
		<Field name="RefKey" type="java.lang.String"><![CDATA[SNP_MTXT.196]]></Field>
	<Field name="RefObjGlobalId" type="java.lang.String"><![CDATA[8fced848-675b-3e31-b0de-db8f777c1850]]></Field>
</Object>
<Object class="com.sunopsis.dwg.dbobj.SnpFKXRef">
		<Field name="RefKey" type="java.lang.String"><![CDATA[SNP_MTXT.199]]></Field>
	<Field name="RefObjGlobalId" type="java.lang.String"><![CDATA[986f8535-605b-31c7-90cc-ae8e8fcc2357]]></Field>
</Object>
<Object class="com.sunopsis.dwg.dbobj.SnpFKXRef">
		<Field name="RefKey" type="java.lang.String"><![CDATA[SNP_ACTION.27]]></Field>
	<Field name="RefObjGlobalId" type="java.lang.String"><![CDATA[5142ef3e-cbb1-3d7b-88db-b5a1c33ef146]]></Field>
</Object>
<Object class="com.sunopsis.dwg.dbobj.SnpFKXRef">
		<Field name="RefKey" type="java.lang.String"><![CDATA[SNP_MTXT.198]]></Field>
	<Field name="RefObjGlobalId" type="java.lang.String"><![CDATA[c5bef437-4db9-3e84-a94f-92d2305b66fe]]></Field>
</Object>
<Object class="com.sunopsis.dwg.dbobj.SnpFKXRef">
		<Field name="RefKey" type="java.lang.String"><![CDATA[SNP_MTXT.201]]></Field>
	<Field name="RefObjGlobalId" type="java.lang.String"><![CDATA[f4ebad6f-6548-3152-8bfd-992097380f39]]></Field>
</Object>
<Object class="com.sunopsis.dwg.dbobj.SnpFKXRef">
		<Field name="RefKey" type="java.lang.String"><![CDATA[SNP_ACTION.28]]></Field>
	<Field name="RefObjGlobalId" type="java.lang.String"><![CDATA[69e88478-2a38-36d4-a228-76bca3544022]]></Field>
</Object>
<Object class="com.sunopsis.dwg.dbobj.SnpFKXRef">
		<Field name="RefKey" type="java.lang.String"><![CDATA[SNP_MTXT.200]]></Field>
	<Field name="RefObjGlobalId" type="java.lang.String"><![CDATA[df494ac8-9b66-353b-8d4e-f4a87d3d7469]]></Field>
</Object>
<Object class="com.sunopsis.dwg.dbobj.SnpFKXRef">
		<Field name="RefKey" type="java.lang.String"><![CDATA[SNP_MTXT.203]]></Field>
	<Field name="RefObjGlobalId" type="java.lang.String"><![CDATA[146e0fa9-6a08-32fc-82a3-049b0aa3804b]]></Field>
</Object>
<Object class="com.sunopsis.dwg.dbobj.SnpFKXRef">
		<Field name="RefKey" type="java.lang.String"><![CDATA[SNP_ACTION.29]]></Field>
	<Field name="RefObjGlobalId" type="java.lang.String"><![CDATA[af1fd40b-8729-36de-99ce-d277930afec6]]></Field>
</Object>
<Object class="com.sunopsis.dwg.dbobj.SnpFKXRef">
		<Field name="RefKey" type="java.lang.String"><![CDATA[SNP_MTXT.202]]></Field>
	<Field name="RefObjGlobalId" type="java.lang.String"><![CDATA[065599f9-c3a0-3210-856b-081a396a3ff0]]></Field>
</Object>
<Object class="com.sunopsis.dwg.dbobj.SnpFKXRef">
		<Field name="RefKey" type="java.lang.String"><![CDATA[SNP_MTXT.205]]></Field>
	<Field name="RefObjGlobalId" type="java.lang.String"><![CDATA[c877d11d-f281-33b4-8ba9-91afa62c1d6d]]></Field>
</Object>
<Object class="com.sunopsis.dwg.dbobj.SnpFKXRef">
		<Field name="RefKey" type="java.lang.String"><![CDATA[SNP_ACTION.30]]></Field>
	<Field name="RefObjGlobalId" type="java.lang.String"><![CDATA[4a53a96c-26c4-3a00-9a42-194bc0f4e5fa]]></Field>
</Object>
<Object class="com.sunopsis.dwg.dbobj.SnpFKXRef">
		<Field name="RefKey" type="java.lang.String"><![CDATA[SNP_MTXT.204]]></Field>
	<Field name="RefObjGlobalId" type="java.lang.String"><![CDATA[8ff1b388-3bf7-3434-b64e-ac1173eba747]]></Field>
</Object>
<Object class="com.sunopsis.dwg.dbobj.SnpFKXRef">
		<Field name="RefKey" type="java.lang.String"><![CDATA[SNP_MTXT.207]]></Field>
	<Field name="RefObjGlobalId" type="java.lang.String"><![CDATA[7dcda312-0f94-3020-b6a8-686465fb6206]]></Field>
</Object>
<Object class="com.sunopsis.dwg.dbobj.SnpFKXRef">
		<Field name="RefKey" type="java.lang.String"><![CDATA[SNP_ACTION.31]]></Field>
	<Field name="RefObjGlobalId" type="java.lang.String"><![CDATA[acd9834f-2a36-37ff-ac27-cfc09e3728ab]]></Field>
</Object>
<Object class="com.sunopsis.dwg.dbobj.SnpFKXRef">
		<Field name="RefKey" type="java.lang.String"><![CDATA[SNP_MTXT.206]]></Field>
	<Field name="RefObjGlobalId" type="java.lang.String"><![CDATA[200d9260-2b50-3b5f-aec7-ea921dca90dd]]></Field>
</Object>
<Object class="com.sunopsis.dwg.dbobj.SnpFKXRef">
		<Field name="RefKey" type="java.lang.String"><![CDATA[SNP_MTXT.209]]></Field>
	<Field name="RefObjGlobalId" type="java.lang.String"><![CDATA[2b36ed4f-fa11-320e-9131-eaf796193932]]></Field>
</Object>
<Object class="com.sunopsis.dwg.dbobj.SnpFKXRef">
		<Field name="RefKey" type="java.lang.String"><![CDATA[SNP_ACTION.32]]></Field>
	<Field name="RefObjGlobalId" type="java.lang.String"><![CDATA[129c5a28-5385-33f0-ad65-a2ff715bb35f]]></Field>
</Object>
<Object class="com.sunopsis.dwg.dbobj.SnpFKXRef">
		<Field name="RefKey" type="java.lang.String"><![CDATA[SNP_MTXT.208]]></Field>
	<Field name="RefObjGlobalId" type="java.lang.String"><![CDATA[b70c0ca1-9454-3cab-9b89-9536f854f38c]]></Field>
</Object>
<Object class="com.sunopsis.dwg.dbobj.SnpFKXRef">
		<Field name="RefKey" type="java.lang.String"><![CDATA[SNP_MTXT.211]]></Field>
	<Field name="RefObjGlobalId" type="java.lang.String"><![CDATA[a4a6e270-eab2-3fd7-aa79-85d4eef36035]]></Field>
</Object>
<Object class="com.sunopsis.dwg.dbobj.SnpFKXRef">
		<Field name="RefKey" type="java.lang.String"><![CDATA[SNP_ACTION.33]]></Field>
	<Field name="RefObjGlobalId" type="java.lang.String"><![CDATA[00d891aa-9013-3b27-994a-d39fa0c762d2]]></Field>
</Object>
<Object class="com.sunopsis.dwg.dbobj.SnpFKXRef">
		<Field name="RefKey" type="java.lang.String"><![CDATA[SNP_MTXT.210]]></Field>
	<Field name="RefObjGlobalId" type="java.lang.String"><![CDATA[95f36081-6c60-39ad-adb6-7b0c15d51383]]></Field>
</Object>
<Object class="com.sunopsis.dwg.dbobj.SnpFKXRef">
		<Field name="RefKey" type="java.lang.String"><![CDATA[SNP_MTXT.213]]></Field>
	<Field name="RefObjGlobalId" type="java.lang.String"><![CDATA[410d10f8-cbd7-3ae2-a071-f0fe0a43919d]]></Field>
</Object>
<Object class="com.sunopsis.dwg.dbobj.SnpFKXRef">
		<Field name="RefKey" type="java.lang.String"><![CDATA[SNP_ACTION.34]]></Field>
	<Field name="RefObjGlobalId" type="java.lang.String"><![CDATA[0baa85cf-2b82-37e2-bd43-689a72a5bd6e]]></Field>
</Object>
<Object class="com.sunopsis.dwg.dbobj.SnpFKXRef">
		<Field name="RefKey" type="java.lang.String"><![CDATA[SNP_MTXT.212]]></Field>
	<Field name="RefObjGlobalId" type="java.lang.String"><![CDATA[ed82d52a-c028-3c78-9a5b-6b16b30771ee]]></Field>
</Object>
<Object class="com.sunopsis.dwg.dbobj.SnpFKXRef">
		<Field name="RefKey" type="java.lang.String"><![CDATA[SNP_MTXT.215]]></Field>
	<Field name="RefObjGlobalId" type="java.lang.String"><![CDATA[9efa037f-a3f8-3bf2-bf36-14ab9eefdae7]]></Field>
</Object>
<Object class="com.sunopsis.dwg.dbobj.SnpFKXRef">
		<Field name="RefKey" type="java.lang.String"><![CDATA[SNP_ACTION.35]]></Field>
	<Field name="RefObjGlobalId" type="java.lang.String"><![CDATA[46e5fccd-6e6e-3d9f-8168-844db34b3b89]]></Field>
</Object>
<Object class="com.sunopsis.dwg.dbobj.SnpFKXRef">
		<Field name="RefKey" type="java.lang.String"><![CDATA[SNP_MTXT.214]]></Field>
	<Field name="RefObjGlobalId" type="java.lang.String"><![CDATA[28dc55a1-1436-3c52-996d-6aa5a1543369]]></Field>
</Object>
<Object class="com.sunopsis.dwg.dbobj.SnpMImportRep">
		<Field name="GlobalId" type="java.lang.String"><![CDATA[2514270f-6e94-47f4-b5cf-96c2689174f6]]></Field>
	<Field name="RepGuid" type="java.lang.String"><![CDATA[359f8e51-151f-3f44-a2c1-a359ef69df90]]></Field>
	<Field name="RepShortId" type="com.sunopsis.sql.DbInt"><![CDATA[0]]></Field>
	<Field name="RepTimestamp" type="java.lang.String"><![CDATA[1734952807201]]></Field>
</Object>
<Object class="com.sunopsis.dwg.DwgExportSummary">
		<Field name="ExpTxtNb" type="com.sunopsis.sql.DbInt"><![CDATA[0]]></Field>
	<Field name="InstObjNb" type="com.sunopsis.sql.DbInt"><![CDATA[0]]></Field>
	<Field name="JoinColNb" type="com.sunopsis.sql.DbInt"><![CDATA[0]]></Field>
	<Field name="JoinNb" type="com.sunopsis.sql.DbInt"><![CDATA[0]]></Field>
	<Field name="KeyColNb" type="com.sunopsis.sql.DbInt"><![CDATA[0]]></Field>
	<Field name="KeyNb" type="com.sunopsis.sql.DbInt"><![CDATA[0]]></Field>
	<Field name="LinkDiagNb" type="com.sunopsis.sql.DbInt"><![CDATA[0]]></Field>
	<Field name="MorigTxtNb" type="com.sunopsis.sql.DbInt"><![CDATA[31]]></Field>
	<Field name="MtxtNb" type="com.sunopsis.sql.DbInt"><![CDATA[31]]></Field>
	<Field name="OrigTxtNb" type="com.sunopsis.sql.DbInt"><![CDATA[0]]></Field>
	<Field name="OtherObjectsNb" type="com.sunopsis.sql.DbInt"><![CDATA[25]]></Field>
	<Field name="PlanAgentNb" type="com.sunopsis.sql.DbInt"><![CDATA[0]]></Field>
	<Field name="StepNb" type="com.sunopsis.sql.DbInt"><![CDATA[0]]></Field>
	<Field name="TxtNb" type="com.sunopsis.sql.DbInt"><![CDATA[0]]></Field>
	<Field name="UeOrigNb" type="com.sunopsis.sql.DbInt"><![CDATA[0]]></Field>
	<Field name="UeUsedNb" type="com.sunopsis.sql.DbInt"><![CDATA[0]]></Field>
	<Field name="VarPlanAgentNb" type="com.sunopsis.sql.DbInt"><![CDATA[0]]></Field>
	<Field name="ScenTxtNb" type="com.sunopsis.sql.DbInt"><![CDATA[0]]></Field>
	<Field name="OdiVersion" type="java.lang.String"><![CDATA[12.1.3 - 17/06/2014]]></Field>
	<Field name="OriginRepositoryID" type="com.sunopsis.sql.DbInt"><![CDATA[0]]></Field>
	<Field name="RepositoryVersion" type="java.lang.String"><![CDATA[05.01.02.02]]></Field>
</Object>
</SunopsisExport>
